ΠΕΡΙΦΕΡΕΙΑ,ΕΚΛΟΓΙΚΟ ΤΜΗΜΑ,ΕΓΓΕΓΡΑΜΜΕΝΟΙ,ΨΗΦΙΣΑΝΤΕΣ,ΑΚΥΡΑ,ΛΕΥΚΑ,ΑΚΥΡΑ & ΛΕΥΚΑ,ΕΓΚΥΡΑ,ΣΥΡΙΖΑ,ΕΛΕΥΘΕΡΙΑΔΟΥ ΣΟΥΛΤΑΝΑ του Παύλου,ΕΜΜΑΝΟΥΗΛΙΔΗΣ ΔΗΜΗΤΡΙΟΣ του Ιωάννη,ΜΟΡΦΙΔΗΣ ΚΩΝΣΤΑΝΤΙΝΟΣ του Ανέστη,ΝΕΣΤΟΡΙΔΗΣ ΠΑΝΑΓΙΩΤΗΣ του Θεόδωρου,ΠΑΝΑΓΙΩΤΙΔΟΥ ΑΘΗΝΑ του Ιωάννη,ΠΑΠΑΦΙΛΙΠΠΟΥ ΓΕΩΡΓΙΟΣ του Αντωνίου,Νέα Δημοκρατία,ΚΑΛΑΝΤΖΗΣ ΓΕΩΡΓΙΟΣ του Κωνσταντίνου,ΛΑΖΑΡΙΔΗΣ ΜΑΚΑΡΙΟΣ του Βασιλείου,ΠΑΝΑΓΙΩΤΟΠΟΥΛΟΣ ΝΙΚΟΛΑΟΣ του Ιωάννη,ΠΑΠΟΥΤΣΗ-ΜΗΤΤΑ ΒΑΣΙΛΙΚΗ (ΒΑΣΩ) του Δημητρίου,ΠΑΣΧΑΛΙΔΗΣ ΙΩΑΝΝΗΣ του Αδάμ,ΧΑΤΖΗΚΩΝΣΤΑΝΤΙΝΟΥ-ΚΑΣΜΕΝΗ ΜΑΡΙΑ (ΜΑΙΡΗ) του Γεωργίου,Λαϊκός Σύνδεσμος - Χρυσή Αυγή,ΑΝΤΩΝΙΑΔΗΣ ΠΑΥΛΟΣ του Κωνσταντίνου,ΜΑΥΡΙΔΗΣ ΧΑΡΑΛΑΜΠΟΣ του Αναστασίου,ΠΑΠΑΔΟΠΟΥΛΟΥ ΜΑΡΙΑ του Παντελή,ΤΣΑΦΑ ΔΕΣΠΟΙΝΑ του Ανέστη,Κίνημα Αλλαγής,ΜΑΝΤΕΧΟΣ ΚΩΝΣΤΑΝΤΙΝΟΣ του Δημοσθένη,ΠΑΠΑΚΟΣΜΑΣ ΚΩΝΣΤΑΝΤΙΝΟΣ του Παναγή,ΠΑΠΟΥΤΣΗΣ ΔΗΜΗΤΡΙΟΣ του Πασχάλη,ΤΣΑΛΔΑΡΙΔΗΣ ΑΝΑΣΤΑΣΙΟΣ του Γεωργίου,ΤΣΑΡΔΑΚΛΗ ΠΑΝΑΓΙΩΤΑ (ΓΙΩΤΑ) του Ορέστη,ΤΣΟΥΡΗ ΜΑΡΙΑ του Κυριάκου,Κ.Κ.Ε.,ΓΙΑΓΚΙΔΗΣ ΙΩΑΝΝΗΣ του Μιχαήλ,ΚΑΡΑΓΕΩΡΓΗ ΑΝΑΣΤΑΣΙΑ του Ηλία,ΚΟΝΤΟΓΕΩΡΓΙΟΥ ΘΕΟΔΩΡΟΣ του Γεωργίου,ΠΗΛΙΤΣΗ ΧΑΪΔΟΥΛΑ (ΧΑΡΙΣ) του Δημητρίου,ΣΥΜΕΩΝΙΔΗΣ ΘΕΟΔΩΡΟΣ του Φίλιππου,ΧΡΙΣΤΟΔΟΥΛΕΑ ΑΛΕΞΑΝΔΡΑ του Νικολάου,Ένωση Κεντρώων,ΓΙΑΛΕΛΗΣ ΓΕΩΡΓΙΟΣ του Ιωάννη,ΛΥΣΙΜΑΧΟΥ ΔΕΣΠΟΙΝΑ του Ιωάννη,ΠΑΣΧΑΛΗ ΔΗΜΗΤΡΑ του Βασιλείου,ΤΟΡΟΝΙΔΗΣ ΓΕΩΡΓΙΟΣ του Νικολάου,Ο.Κ.Δ.Ε.,ΧΑΤΖΗΛΟΥΚΑΣ ΔΗΜΗΤΡΙΟΣ του Γεωργίου,ΑΝΤ.ΑΡ.ΣΥ.Α.,ΚΟΥΒΑΚΑΣ ΓΕΩΡΓΙΟΣ του Κοσμά,ΠΙΤΤΑ ΑΝΝΑ (ΤΑΤΙΑΝΑ) του Μάξιμου,ΠΟΖΙΔΟΥ ΡΟΖΑ του Σπυρίδωνα,Ελλήνων Συνέλευσις,ΔΑΛΓΙΑΝΝΑΚΗ ΑΘΗΝΑ του Στέφανου,ΚΑΡΑΚΟΖΙΔΗΣ ΗΛΙΑΣ του Χαράλαμπου,ΜΑΣΤΡΑΝΤΩΝΗ ΔΕΣΠΟΙΝΑ του Χρήστου,ΣΑΒΒΙΔΗΣ ΓΕΩΡΓΙΟΣ του Δημητρίου,ΤΖΙΝΗΣ ΓΕΩΡΓΙΟΣ του Δούκα,ΧΩΛΙΔΗΣ ΚΩΝΣΤΑΝΤΙΝΟΣ του Χαράλαμπου,Ελληνική Λύση - Κ. Βελόπουλος,ΔΑΛΑΚΟΥΡΑΣ ΚΩΝΣΤΑΝΤΙΝΟΣ του Χρήστου,ΜΑΣΤΟΡΗΣ ΜΕΝΕΛΑΟΣ του Θεολόγη,ΠΑΠΑΔΟΠΟΥΛΟΥ ΣΩΤΗΡΙΑ του Αλεξίου,ΠΙΠΕΡΓΙΑΣ ΔΗΜΗΤΡΙΟΣ του Ιωάννη,ΧΑΤΖΗΓΙΑΝΝΙΔΟΥ ΠΑΝΑΓΙΩΤΑ του Χρήστου,ΨΑΡΑΓΚΑΘΟΣ ΑΘΑΝΑΣΙΟΣ του Αποστόλου,Κ.Κ.Ε. (μ-λ),ΑΣΒΕΣΤΟΠΟΥΛΟΣ ΚΩΝΣΤΑΝΤΙΝΟΣ του Ευσταθίου,Μ-Λ Κ.Κ.Ε.,ΠΑΣΑΧΙΔΗΣ ΧΡΗΣΤΟΣ του Ιωάννη,Ε.ΠΑ.Μ - Α.Κ.Κ.ΕΛ,ΒΟΛΟΝΑΚΗ ΕΥΤΥΧΙΑ του Σπυρίδωνος,ΓΟΥΔΕΒΕΝΟΥ ΚΑΛΛΙΟΠΗ του Σπυρίδωνα,ΝΙΚΗΤΑΣ ΜΙΧΑΗΛ του Νικήτα,ΠΑΚΑΤΑΡΙΔΗΣ ΣΑΒΒΑΣ του Ευσταθίου,Λαϊκή Ενότητα,ΙΩΑΝΝΙΔΗΣ ΗΛΙΑΣ του Λαζάρου,ΚΙΤΣΟΣ ΑΠΟΣΤΟΛΟΣ του Παναγιώτη,ΝΕΟΦΩΤΙΣΤΟΥ ΜΑΡΙΑ του Ανδρέα,ΠΑΠΑΔΟΠΟΥΛΟΥ ΒΑΛΣΑΜΗ του Αργυρίου,ΠΑΣΣΑΣ ΓΕΩΡΓΙΟΣ του Κωνσταντίνου,ΤΣΕΒΡΕΜΕΣ ΙΩΑΝΝΗΣ του Αγγελου,ΜέΡΑ25,ΚΡΙΘΑΡΙΔΗ ΤΑΤΙΑΝΑ του Βιατσεσλάβ,ΜΑΚΑΡΙΟΣ ΜΙΧΑΗΛ του Εμμανουήλ,ΝΑΝΟΣ ΚΩΝΣΤΑΝΤΙΝΟΣ του Στυλιανού,ΠΑΠΑΔΟΠΟΥΛΟΥ ΠΑΡΘΕΝΑ του Χαράλαμπου,Δημιουργία ξανά - Θ. Τζήμερος,ΑΣΑΡΙΔΟΥ ΣΟΦΙΑ του Δημητρίου,ΜΥΛΩΝΑΣ ΧΡΗΣΤΟΣ του Δημητρίου,ΠΑΠΑΔΟΠΟΥΛΟΥ ΜΑΡΙΑ του Γεωργίου,ΣΤΟΪΔΗΣ ΒΑΣΙΛΕΙΟΣ του Μάριου,Πλεύση Ελευθερίας - Ζωή Κωνστ.,ΚΑΛΑΣΑΡΙΝΗ ΗΛΙΑΝΝΑ του Παναγιώτη
5 - Καβάλας,1 E.T. Δήμου Θάσου,546,324,5,2,7,317,65,25,9,9,2,12,27,165,35,57,89,12,27,33,3,1,1,0,0,17,6,0,7,0,5,4,11,6,0,0,0,1,8,4,1,1,1,1,0,0,1,0,0,0,1,0,1,0,0,0,0,20,7,3,4,4,2,5,0,0,1,0,1,0,0,0,0,2,1,0,0,0,1,0,21,3,1,6,2,1,0,0,0,1,4,2
5 - Καβάλας,2 E.T. Δήμου Θάσου,562,331,6,2,8,323,67,16,16,6,7,3,17,143,25,36,69,17,18,31,11,1,3,6,4,17,9,2,5,0,3,1,23,7,4,1,2,2,11,5,1,1,1,0,0,0,0,0,0,0,1,1,0,0,0,0,0,24,4,4,2,3,2,4,0,0,1,0,1,0,0,0,0,0,0,0,0,0,0,0,21,2,3,3,5,5,1,3,1,2,4,2
5 - Καβάλας,3 E.T. Δήμου Θάσου,552,317,4,2,6,311,53,11,12,3,4,6,22,186,33,62,87,12,41,28,8,1,1,3,2,19,6,2,7,0,5,3,7,3,0,1,0,1,2,4,1,0,0,1,0,0,3,1,1,0,1,1,0,0,0,1,0,14,3,1,3,3,1,0,0,0,0,0,0,0,0,0,0,1,1,0,1,0,0,0,8,3,2,4,2,3,0,1,2,1,4,1
5 - Καβάλας,4 E.T. Δήμου Θάσου,570,322,1,2,3,319,78,16,23,10,10,8,39,140,41,40,73,12,19,19,6,4,2,2,1,24,12,3,12,2,4,4,22,2,3,6,1,2,9,5,0,1,2,2,0,0,3,0,0,1,1,1,0,0,0,0,0,13,4,2,4,0,0,2,0,0,0,0,3,0,0,1,1,0,0,0,0,0,0,0,20,4,7,6,5,1,0,0,1,1,3,1
5 - Καβάλας,5 E.T. Δήμου Θάσου,567,312,6,0,6,306,62,18,15,4,6,9,20,135,31,44,76,4,31,26,9,2,5,3,4,27,8,2,10,0,11,4,16,5,3,2,0,0,6,3,0,0,2,0,0,0,1,0,1,1,9,9,0,0,0,6,1,21,10,5,2,2,2,4,0,0,0,0,2,0,1,1,0,2,1,0,0,0,0,1,14,3,4,5,6,0,0,0,0,0,5,3
5 - Καβάλας,6 E.T. Δήμου Θάσου,542,251,4,0,4,247,73,30,12,9,3,5,29,77,8,25,30,3,38,11,8,5,3,2,2,43,37,1,10,0,2,3,22,7,3,5,2,0,16,1,0,1,1,0,0,0,0,0,0,0,3,3,0,0,0,3,0,9,4,5,1,2,0,0,0,0,0,0,1,0,0,1,1,0,0,0,0,0,0,0,7,2,1,0,2,0,0,0,0,0,3,1
5 - Καβάλας,7 E.T. Δήμου Θάσου,512,205,6,2,8,197,46,13,13,11,8,2,14,82,22,23,35,2,36,10,9,3,2,0,0,20,17,1,1,0,0,0,11,2,0,1,0,2,8,4,1,1,3,0,0,0,0,0,0,0,3,3,0,0,0,2,0,16,7,2,3,5,4,1,1,0,0,0,0,0,0,0,0,0,0,0,0,0,0,0,3,0,1,0,1,1,1,1,0,0,1,0
5 - Καβάλας,8 E.T. Δήμου Θάσου,517,247,7,2,9,238,59,26,7,17,8,8,18,81,20,24,35,5,31,13,3,2,1,0,0,42,39,1,8,0,2,1,20,11,0,4,1,1,16,1,0,0,0,0,0,0,0,0,0,0,7,7,0,0,0,5,0,14,4,5,4,0,3,1,1,1,0,0,1,1,0,0,1,0,0,0,0,0,0,0,5,1,4,2,1,2,0,0,1,1,2,1
5 - Καβάλας,9 E.T. Δήμου Θάσου,645,416,7,2,9,407,84,34,15,12,7,2,39,165,44,52,64,11,64,27,6,2,0,1,2,73,68,3,10,4,1,2,29,11,3,4,0,0,22,6,3,0,1,1,0,0,0,0,0,0,2,1,0,0,0,1,0,16,7,3,1,3,2,1,0,0,0,0,4,2,0,2,0,2,2,0,0,0,0,0,13,2,4,3,3,6,1,1,2,1,1,0
5 - Καβάλας,10 E.T. Δήμου Θάσου,596,330,5,3,8,322,93,21,32,7,4,17,55,106,33,28,43,3,32,26,2,1,1,1,0,16,13,1,4,0,1,1,75,33,9,4,0,6,44,0,0,0,0,0,0,0,1,0,0,0,2,0,0,0,0,0,0,13,6,3,2,2,1,0,0,0,0,0,3,0,0,2,2,1,0,0,0,0,0,1,9,1,2,2,1,1,0,0,0,0,0,0
5 - Καβάλας,11 E.T. Δήμου Θάσου,607,356,2,1,3,353,105,26,29,8,6,12,52,99,44,14,26,3,31,32,11,3,7,1,0,23,13,2,5,1,0,0,74,37,15,4,1,1,54,2,1,1,0,0,0,0,1,0,0,0,1,1,0,0,0,0,1,17,1,1,1,7,3,0,0,0,0,0,0,0,0,0,0,0,0,0,0,0,0,0,19,2,8,2,1,1,0,0,0,0,0,0
5 - Καβάλας,12 E.T. Δήμου Θάσου,535,346,2,1,3,343,87,18,20,25,7,11,29,137,58,29,71,7,40,14,3,1,1,1,0,34,19,4,21,0,2,2,62,2,0,42,1,1,54,3,2,2,0,1,0,0,0,0,0,0,0,0,0,0,0,0,0,7,3,1,0,0,0,0,0,0,0,0,2,2,0,2,0,1,1,1,0,0,0,0,5,0,1,0,1,0,0,0,0,0,2,1
5 - Καβάλας,13 E.T. Δήμου Θάσου,564,344,7,1,8,336,63,13,9,13,3,13,26,154,79,35,80,10,23,19,2,1,1,0,0,20,12,3,9,0,0,0,76,5,7,54,3,0,63,0,0,0,0,0,0,0,3,1,0,0,0,0,0,0,0,0,0,8,3,1,2,1,0,0,1,0,2,1,0,0,0,0,0,0,0,0,0,0,0,0,6,1,0,1,0,0,0,0,0,0,1,0
5 - Καβάλας,14 E.T. Δήμου Θάσου,542,323,5,1,6,317,64,12,11,12,7,12,17,121,64,21,67,4,25,12,10,4,5,3,1,30,24,5,10,1,2,2,58,2,1,46,0,1,51,1,0,0,0,0,0,0,1,0,1,1,0,0,0,0,0,0,0,18,6,5,0,4,2,1,0,0,1,1,0,0,0,0,0,0,0,0,0,0,0,0,8,0,0,1,1,1,0,0,0,0,4,1
5 - Καβάλας,15 E.T. Δήμου Θάσου,537,324,3,0,3,321,66,17,15,13,6,4,24,134,69,24,58,7,32,18,6,5,3,0,0,20,13,1,5,1,0,1,71,6,6,41,2,4,50,0,0,0,0,0,0,0,3,1,0,0,0,0,0,0,0,0,0,7,2,0,1,0,0,0,0,0,0,0,0,0,0,0,0,5,4,1,0,0,0,1,7,3,0,0,1,0,0,0,0,0,2,0
5 - Καβάλας,16 E.T. Δήμου Θάσου,337,155,0,1,1,154,49,14,14,8,2,10,28,39,12,18,28,3,6,2,7,4,2,3,2,11,7,2,4,1,2,0,28,8,3,1,3,8,16,1,0,0,1,0,0,0,0,0,0,0,1,0,0,0,0,0,0,8,4,0,3,1,0,0,0,0,1,0,1,1,0,1,0,0,0,0,0,0,0,0,6,2,2,2,1,0,0,0,0,0,2,0
5 - Καβάλας,17 E.T. Δήμου Θάσου,447,306,4,4,8,298,74,18,13,9,11,14,36,123,24,26,86,3,54,24,7,3,1,4,3,24,19,1,12,0,1,1,50,32,0,12,1,1,42,1,0,1,1,0,0,0,0,0,0,0,0,0,0,0,0,0,0,6,2,1,1,1,2,1,0,0,0,0,2,1,1,0,0,2,1,0,0,0,0,0,4,2,0,0,2,0,0,0,0,0,5,3
5 - Καβάλας,18 E.T. Δήμου Θάσου,421,240,0,3,3,237,54,24,18,10,2,14,20,92,26,23,55,3,22,22,3,0,0,0,0,10,3,2,4,0,4,2,53,25,3,8,2,3,0,3,1,1,2,0,0,0,1,0,0,1,0,0,0,0,0,0,0,9,3,1,4,0,0,2,0,0,0,0,0,0,0,0,0,2,1,0,0,1,0,0,6,3,1,2,2,0,0,0,0,0,4,4
5 - Καβάλας,19 E.T. Δήμου Θάσου,485,315,1,3,4,311,47,16,9,7,3,6,15,124,26,48,68,8,27,21,1,0,0,0,0,29,24,2,14,2,5,4,58,31,7,3,4,0,47,9,5,2,5,2,0,0,0,0,0,0,2,0,0,0,2,0,2,17,5,3,3,1,2,0,1,0,0,0,0,0,0,0,0,0,0,0,0,0,0,0,16,4,4,6,5,2,2,2,0,0,5,2
5 - Καβάλας,20 E.T. Δήμου Θάσου,574,343,2,0,2,341,102,40,19,13,7,19,42,110,30,29,67,7,13,9,7,1,0,2,2,16,9,2,5,2,2,4,51,23,3,5,2,0,32,11,0,1,9,0,0,0,2,0,1,1,4,2,0,0,0,0,0,14,5,2,2,1,2,1,0,0,1,0,0,0,0,0,0,1,1,0,0,0,0,1,17,3,6,0,5,1,1,0,0,0,4,1
5 - Καβάλας,21 E.T. Δήμου Θάσου,600,344,6,1,7,337,86,29,17,11,2,15,31,106,25,24,68,3,15,5,10,4,1,3,3,30,23,1,15,1,7,1,44,13,7,6,1,5,20,8,0,0,7,0,0,0,0,0,0,0,7,6,1,0,0,2,0,18,6,3,4,1,0,3,0,0,0,0,4,4,0,2,0,1,0,0,0,0,0,1,15,8,4,4,6,0,0,0,0,0,8,4
5 - Καβάλας,22 E.T. Δήμου Θάσου,448,279,2,0,2,277,81,12,10,5,6,3,61,106,26,17,45,6,33,18,7,1,2,0,1,23,14,3,13,3,2,1,19,5,2,1,0,1,8,2,0,0,0,0,0,0,0,0,0,0,1,0,0,0,0,1,0,7,1,3,0,3,0,1,0,0,1,1,0,0,0,0,0,1,0,0,0,0,0,0,20,4,5,4,2,2,0,0,1,1,7,1
5 - Καβάλας,23 E.T. Δήμου Θάσου,412,247,3,2,5,242,82,9,20,8,1,8,61,72,17,15,37,3,27,10,16,2,13,4,0,17,10,0,7,4,0,1,24,10,3,2,2,2,14,4,1,3,3,0,0,0,1,0,1,1,2,2,0,0,0,1,0,6,5,0,3,1,2,0,0,0,0,0,1,1,0,1,0,3,2,0,0,0,0,0,9,4,2,4,2,0,0,0,0,0,5,2
5 - Καβάλας,24 E.T. Δήμου Θάσου,433,266,6,2,8,258,82,14,7,5,3,8,57,84,22,21,32,9,28,9,12,4,5,2,2,16,6,3,8,1,0,1,12,5,1,2,0,1,6,5,0,2,2,0,0,0,0,0,0,0,10,7,0,0,0,10,0,8,3,3,1,2,1,1,2,0,1,1,1,1,1,0,0,1,1,0,0,0,0,1,13,3,3,1,1,5,0,1,1,2,6,3
5 - Καβάλας,25 E.T. Δήμου Θάσου,397,245,1,0,1,244,44,8,10,4,0,7,20,108,30,19,51,9,27,10,9,0,4,1,0,34,27,2,16,3,0,1,9,0,0,2,0,1,1,9,1,1,3,2,0,0,0,0,0,0,0,0,0,0,0,0,0,17,5,5,4,5,3,0,0,0,0,0,4,0,0,0,0,0,0,0,0,0,0,0,7,2,1,1,3,1,0,0,0,0,2,1
5 - Καβάλας,26 E.T. Δήμου Θάσου,372,232,1,1,2,230,44,11,10,6,0,5,17,115,63,25,40,20,28,6,12,4,7,4,3,21,13,3,9,1,1,0,9,3,2,4,0,2,2,1,1,0,1,0,0,0,0,0,0,0,4,4,0,0,0,0,0,13,3,4,4,7,3,2,0,0,0,0,2,0,0,1,1,0,0,0,0,0,0,0,5,2,2,1,1,0,0,0,0,0,4,1
5 - Καβάλας,27 E.T. Δήμου Θάσου,430,237,1,3,4,233,59,13,22,4,3,4,25,79,32,14,19,11,31,11,7,3,4,1,0,30,26,3,7,6,0,1,24,3,1,1,1,0,14,4,0,1,4,1,0,0,0,0,0,0,2,0,0,0,0,2,0,13,2,1,1,4,2,0,0,0,0,0,1,0,0,0,0,2,2,0,0,0,0,0,12,0,4,3,3,0,0,0,0,0,0,0
5 - Καβάλας,28 E.T. Δήμου Καβάλας,575,187,1,2,3,184,53,10,15,15,8,4,5,70,11,31,34,6,26,5,7,2,1,0,0,16,1,5,4,3,3,3,4,2,0,2,0,1,0,6,4,1,1,2,0,0,0,0,0,0,0,0,0,0,0,0,0,7,3,1,0,3,0,0,1,0,0,0,4,1,0,0,1,1,1,0,0,0,0,1,8,0,5,1,1,3,0,0,0,0,4,3
5 - Καβάλας,29 E.T. Δήμου Καβάλας,583,197,6,3,9,188,54,14,22,9,4,6,4,67,25,16,29,4,20,3,6,3,2,1,0,16,0,7,3,2,4,1,8,2,0,5,0,2,1,4,1,1,0,1,0,0,0,0,0,0,0,0,0,0,0,0,0,13,4,0,6,1,4,0,0,0,0,0,1,0,0,1,1,3,2,0,1,0,0,1,15,2,6,6,5,1,0,0,0,0,0,0
5 - Καβάλας,30 E.T. Δήμου Καβάλας,587,191,1,1,2,189,60,23,23,10,7,9,6,65,18,16,33,4,11,6,7,2,3,1,2,9,2,4,6,0,2,2,13,3,1,2,1,0,1,2,0,0,0,1,0,0,0,0,0,0,1,0,0,0,1,0,1,13,4,3,2,5,2,2,0,0,0,0,2,0,0,0,0,0,0,0,0,0,0,0,7,2,0,2,1,4,0,0,0,0,6,4
5 - Καβάλας,31 E.T. Δήμου Καβάλας,567,199,5,0,5,194,57,18,25,15,12,3,7,84,19,41,25,4,28,9,4,3,2,2,0,11,0,7,6,0,3,0,9,3,3,2,1,3,1,5,1,3,1,1,0,0,1,0,0,0,1,1,0,0,0,0,1,7,2,1,1,0,1,0,0,0,0,0,0,0,0,0,0,0,0,0,0,0,0,0,8,0,1,3,3,5,1,0,1,4,2,1
5 - Καβάλας,32 E.T. Δήμου Καβάλας,592,193,2,2,4,189,63,22,20,10,5,10,3,60,13,18,37,4,24,5,3,2,0,0,1,17,0,6,8,3,2,3,12,1,1,4,1,5,1,3,0,0,0,1,0,0,1,0,0,0,1,0,0,0,0,0,0,17,6,3,4,8,0,0,0,0,0,0,4,2,4,0,2,0,0,0,0,0,0,0,3,0,2,0,1,3,0,1,2,1,2,0
5 - Καβάλας,33 E.T. Δήμου Καβάλας,572,217,5,1,6,211,85,40,23,12,7,12,8,66,15,22,29,2,20,6,2,2,1,1,0,7,0,3,5,2,0,0,13,7,3,4,1,2,2,1,0,0,0,0,0,0,0,0,0,0,0,0,0,0,0,0,0,10,3,0,2,2,0,0,1,0,1,1,1,0,1,0,0,0,0,0,0,0,0,0,10,3,0,2,3,7,0,0,3,3,7,3
5 - Καβάλας,34 E.T. Δήμου Καβάλας,581,205,1,0,1,204,67,29,24,11,4,19,7,76,24,25,36,4,19,8,3,1,2,0,3,18,1,6,6,1,5,3,6,3,3,2,1,0,2,3,0,0,0,0,0,0,1,0,0,0,1,0,0,0,1,0,1,9,3,2,1,2,1,3,0,0,1,0,1,0,1,1,0,0,0,0,0,0,0,0,11,0,5,4,2,4,1,1,1,1,3,3
5 - Καβάλας,35 E.T. Δήμου Καβάλας,514,185,2,3,5,180,54,18,16,10,9,10,4,76,18,28,32,9,17,6,10,5,6,0,3,9,1,5,5,1,1,0,5,4,2,1,1,0,1,4,0,0,0,1,0,0,0,0,0,0,2,1,1,0,0,0,2,10,3,2,1,0,1,0,1,1,0,0,0,0,0,0,0,0,0,0,0,0,0,0,4,1,2,0,1,4,1,0,0,2,1,1
5 - Καβάλας,36 E.T. Δήμου Καβάλας,592,289,10,3,13,276,90,27,37,10,8,31,9,100,23,30,43,9,28,9,7,3,3,1,1,15,1,6,8,1,0,3,10,3,2,3,1,0,0,8,2,1,1,1,0,0,0,0,0,0,3,1,0,0,2,0,3,21,3,4,1,12,5,3,0,0,0,0,2,0,0,1,1,0,0,0,0,0,0,0,14,2,3,4,3,1,1,0,0,0,5,4
5 - Καβάλας,37 E.T. Δήμου Καβάλας,611,303,11,0,11,292,76,23,32,9,5,16,3,129,38,44,50,9,34,6,5,2,0,1,1,23,0,9,13,0,1,4,20,5,7,4,3,6,3,7,1,2,2,1,0,0,0,0,0,0,0,0,0,0,0,0,0,16,4,0,5,4,2,1,0,0,0,0,1,0,0,0,0,2,2,0,0,0,0,0,10,2,2,3,0,2,0,1,0,0,1,0
5 - Καβάλας,38 E.T. Δήμου Καβάλας,611,300,3,8,11,289,91,27,42,11,6,20,10,95,16,24,45,6,34,8,11,2,1,2,6,23,1,11,11,0,4,6,15,4,4,5,1,2,3,5,2,2,1,2,0,0,0,0,0,0,1,0,0,0,0,0,1,22,6,3,3,7,2,0,2,1,0,0,4,0,0,0,0,1,1,0,0,0,0,0,10,2,2,3,1,3,0,0,0,0,6,1
5 - Καβάλας,39 E.T. Δήμου Καβάλας,581,315,4,3,7,308,92,35,45,15,8,17,12,125,29,37,64,18,38,12,12,4,5,3,1,12,1,7,4,3,0,0,19,6,5,8,8,5,4,3,0,0,2,2,0,0,1,0,0,0,1,1,0,0,0,0,1,24,13,3,4,11,3,3,0,0,0,0,1,0,0,0,0,3,3,1,0,0,0,0,9,0,3,2,3,0,0,0,0,0,6,4
5 - Καβάλας,40 E.T. Δήμου Καβάλας,589,297,7,5,12,285,64,18,31,12,10,11,4,123,25,34,57,8,66,11,9,5,4,4,2,24,0,14,12,2,2,0,7,1,1,3,1,1,1,5,3,2,0,1,0,0,0,0,0,0,0,0,0,0,0,0,0,18,9,4,1,7,4,2,1,0,0,0,1,0,0,0,1,0,0,0,0,0,0,0,16,3,8,5,3,9,2,1,3,2,8,4
5 - Καβάλας,41 E.T. Δήμου Καβάλας,599,331,7,5,12,319,104,36,39,13,11,26,14,102,34,30,38,9,28,11,8,3,1,2,0,19,0,9,5,4,1,2,14,10,2,5,2,2,0,10,2,0,0,1,0,0,0,0,0,0,3,2,0,0,1,0,3,28,12,3,2,8,0,1,0,0,0,0,5,1,2,1,1,0,0,0,0,0,0,0,17,3,3,8,3,7,3,3,0,1,2,0
5 - Καβάλας,42 E.T. Δήμου Καβάλας,594,313,1,3,4,309,95,36,44,8,10,21,8,117,29,45,40,7,39,13,9,6,4,1,2,17,1,6,12,0,1,8,18,8,2,7,0,1,2,7,3,0,1,1,0,0,0,0,0,0,0,0,0,0,0,0,0,10,4,1,0,5,0,1,1,0,0,0,6,2,2,5,1,2,1,0,0,1,1,0,19,3,3,7,3,5,0,0,1,1,3,2
5 - Καβάλας,43 E.T. Δήμου Καβάλας,585,293,8,1,9,284,98,39,37,20,7,23,11,100,28,29,29,9,29,13,7,2,1,1,0,20,1,10,12,2,1,0,4,0,0,1,0,0,0,6,2,2,2,4,0,0,0,0,0,0,1,0,1,0,0,0,1,21,6,5,8,9,3,1,1,0,0,0,3,1,1,1,2,0,0,0,0,0,0,0,7,1,1,1,0,4,2,2,1,0,12,7
5 - Καβάλας,44 E.T. Δήμου Καβάλας,617,330,10,6,16,314,103,46,47,18,8,19,3,116,37,45,40,3,31,16,8,2,2,0,1,18,1,5,10,1,5,3,11,2,2,7,1,1,1,8,1,2,1,4,0,0,0,0,0,0,3,0,1,1,0,0,0,20,4,1,4,6,4,1,0,0,0,0,2,1,0,1,0,2,1,0,0,0,0,0,13,3,3,5,7,3,0,1,0,1,7,5
5 - Καβάλας,45 E.T. Δήμου Καβάλας,569,311,4,4,8,303,100,45,30,12,12,23,4,99,22,29,47,4,40,9,10,4,2,3,2,22,1,7,9,8,3,3,11,6,2,4,0,0,1,7,1,0,2,3,0,0,0,0,0,0,2,0,0,0,1,0,1,25,11,5,4,7,7,0,2,1,0,0,3,0,0,0,1,1,1,0,0,0,0,0,12,5,2,2,4,4,1,2,0,3,5,3
5 - Καβάλας,46 E.T. Δήμου Καβάλας,564,325,8,3,11,314,85,34,33,12,9,17,4,115,20,54,41,6,37,10,18,11,5,0,2,21,0,15,17,4,2,1,19,4,2,6,0,2,5,5,0,0,0,0,0,0,0,0,0,0,5,2,0,1,0,0,2,20,6,3,4,3,4,1,1,0,0,0,1,1,0,0,1,1,1,0,0,0,0,0,11,0,1,1,4,2,0,1,1,1,10,6
5 - Καβάλας,47 E.T. Δήμου Καβάλας,565,318,4,1,5,313,112,52,29,15,11,19,14,97,26,41,29,6,24,8,11,6,4,1,1,20,1,5,12,3,2,3,12,4,1,4,1,2,1,9,3,2,2,3,0,0,2,0,0,0,3,1,0,0,0,0,3,15,4,5,1,6,1,4,0,0,0,0,2,1,0,1,0,5,5,0,1,0,1,1,13,5,4,7,5,3,0,0,0,0,9,2
5 - Καβάλας,48 E.T. Δήμου Καβάλας,598,347,4,6,10,337,108,55,36,26,5,23,6,121,31,47,40,8,42,15,16,11,8,3,4,27,0,8,9,4,7,5,22,12,5,9,0,1,2,5,2,2,2,2,0,0,1,1,0,1,5,1,2,0,1,1,2,10,4,2,4,4,0,0,0,0,0,0,3,1,1,0,0,2,2,0,0,0,0,1,12,2,4,6,5,3,1,0,2,2,2,1
5 - Καβάλας,49 E.T. Δήμου Καβάλας,583,300,2,1,3,297,130,51,35,15,12,23,7,83,7,32,34,3,32,5,9,4,2,2,2,19,1,7,10,2,4,2,11,3,1,3,2,2,1,4,1,0,0,2,0,0,0,0,0,0,2,0,0,1,0,0,1,15,6,1,3,2,4,0,1,1,0,0,0,0,0,0,0,1,1,0,0,0,0,0,10,1,1,2,1,7,0,3,1,2,5,3
5 - Καβάλας,50 E.T. Δήμου Καβάλας,550,300,9,1,10,290,87,34,33,12,7,17,4,87,20,31,40,9,28,11,14,3,4,4,3,11,1,3,3,1,2,2,23,10,1,10,0,4,0,8,1,0,2,1,0,0,2,0,0,0,2,0,0,0,1,0,1,20,5,1,2,8,1,0,3,2,0,0,2,1,0,1,0,4,4,0,2,1,0,0,7,3,2,3,2,11,3,1,3,2,9,5
5 - Καβάλας,51 E.T. Δήμου Καβάλας,583,323,6,0,6,317,106,46,30,18,13,22,6,95,22,47,43,6,32,10,23,9,7,5,2,22,1,8,10,2,6,14,15,4,5,2,2,2,1,8,1,2,2,4,0,0,0,0,0,0,2,0,0,0,2,0,2,18,13,2,2,5,3,2,0,0,1,1,2,0,0,1,1,3,3,0,0,1,0,0,14,3,1,6,2,4,2,1,3,1,4,2
5 - Καβάλας,52 E.T. Δήμου Καβάλας,546,344,19,2,21,323,90,28,33,23,8,20,4,104,22,47,42,11,35,10,16,8,8,5,4,25,1,8,14,3,3,5,26,14,7,9,1,5,3,14,2,5,4,7,0,0,0,0,0,0,1,1,1,0,0,0,0,23,7,4,4,10,4,1,0,0,0,0,1,1,1,0,0,5,3,0,1,1,1,2,9,3,3,2,3,4,0,1,2,1,5,2
5 - Καβάλας,53 E.T. Δήμου Καβάλας,498,297,3,1,4,293,96,39,41,20,11,21,7,95,22,35,33,7,38,10,16,10,7,4,2,17,4,7,5,1,4,4,13,2,1,3,2,1,1,3,2,1,0,1,0,0,0,0,0,0,4,2,1,1,0,0,2,22,6,3,8,6,5,1,0,0,0,0,1,0,0,0,0,2,0,0,0,0,1,0,12,2,3,3,1,8,0,2,5,4,4,3
5 - Καβάλας,54 E.T. Δήμου Καβάλας,570,296,4,0,4,292,79,30,34,8,8,13,9,114,32,49,47,5,20,10,8,4,2,3,2,15,1,4,7,7,2,3,29,12,6,11,1,5,3,4,2,0,2,2,0,0,1,0,0,0,2,1,0,1,0,0,1,12,3,0,2,5,3,0,0,0,0,0,4,1,1,3,2,0,0,0,0,0,0,0,8,1,1,3,3,5,0,1,2,2,11,7
5 - Καβάλας,55 E.T. Δήμου Καβάλας,578,301,2,2,4,297,98,47,31,14,14,10,13,106,30,28,40,12,40,15,9,4,1,4,1,20,2,6,12,5,3,4,13,4,1,5,0,2,1,5,1,0,1,0,0,0,1,0,0,0,0,0,0,0,0,0,0,26,11,3,3,7,1,0,0,0,1,0,0,0,0,0,0,1,1,0,0,0,0,0,10,1,3,3,3,2,0,0,1,1,5,2
5 - Καβάλας,56 E.T. Δήμου Καβάλας,578,297,2,5,7,290,80,30,30,14,5,15,5,115,27,53,51,7,31,6,7,2,3,3,0,25,4,6,14,3,0,2,18,4,3,8,0,1,2,2,0,1,0,1,0,0,1,0,0,0,3,0,1,1,1,0,3,17,4,1,4,6,1,0,0,0,0,0,2,0,0,0,1,3,2,0,1,0,0,0,7,0,2,2,1,4,0,2,1,3,6,2
5 - Καβάλας,57 E.T. Δήμου Καβάλας,593,316,3,4,7,309,104,46,44,26,14,24,8,102,27,29,44,13,40,8,10,4,2,3,3,22,1,10,11,3,1,5,20,11,8,8,3,4,2,6,1,2,2,2,0,0,0,0,0,0,0,0,0,0,0,0,0,24,11,2,1,6,3,2,0,0,0,0,2,0,0,1,1,0,0,0,0,0,0,0,11,2,3,4,2,0,0,0,0,0,8,6
5 - Καβάλας,58 E.T. Δήμου Καβάλας,568,312,5,2,7,305,95,39,30,15,9,24,4,118,31,32,50,9,38,19,22,2,3,6,2,15,1,6,3,2,3,3,21,7,3,7,1,3,2,4,0,0,0,1,0,0,1,0,0,0,2,1,0,0,0,0,2,7,5,0,2,3,1,1,0,0,0,0,0,0,0,0,0,1,1,0,0,0,0,0,10,2,1,3,1,2,0,1,0,0,7,2
5 - Καβάλας,59 E.T. Δήμου Καβάλας,573,289,3,4,7,282,85,32,31,17,7,13,10,106,30,41,50,11,26,11,9,5,4,4,2,21,0,11,10,4,0,5,18,9,2,6,1,5,2,4,2,0,0,1,0,0,0,0,0,0,1,0,0,0,0,0,0,14,2,4,2,7,1,1,0,0,0,0,2,1,1,0,0,2,2,0,0,0,0,0,10,0,4,6,3,5,1,0,3,2,5,5
5 - Καβάλας,60 E.T. Δήμου Καβάλας,591,277,4,3,7,270,90,28,37,11,9,21,10,99,19,32,46,3,30,14,11,5,1,2,0,11,1,6,4,2,2,2,12,4,2,2,2,2,1,11,0,3,4,1,0,0,0,0,0,0,2,0,0,0,2,0,2,15,1,2,0,6,1,0,0,0,1,0,3,0,1,1,0,2,1,0,0,1,0,0,3,0,2,1,0,2,0,0,0,1,8,2
5 - Καβάλας,61 E.T. Δήμου Καβάλας,578,290,0,0,0,290,88,29,35,9,12,19,11,115,25,50,51,7,28,13,11,6,4,3,1,19,2,11,11,0,0,5,14,4,1,6,6,3,1,5,0,0,1,1,0,0,0,0,0,0,1,0,0,0,0,0,1,14,4,1,0,5,0,1,1,0,0,0,1,0,0,0,1,0,0,0,0,0,0,0,10,3,2,3,2,5,1,2,2,0,6,4
5 - Καβάλας,62 E.T. Δήμου Καβάλας,577,294,3,0,3,291,105,41,37,19,9,16,11,98,23,35,38,11,27,14,9,3,2,3,2,31,3,14,13,3,4,5,21,11,3,7,0,3,6,3,0,1,0,2,0,0,0,0,0,0,1,0,0,0,0,0,1,7,3,1,0,4,0,0,0,0,0,0,2,1,0,1,0,2,2,1,0,0,0,0,8,2,1,0,3,2,1,0,0,0,2,0
5 - Καβάλας,63 E.T. Δήμου Καβάλας,574,292,2,1,3,289,95,50,34,12,6,16,13,107,24,32,40,11,39,7,13,5,6,1,0,16,2,6,6,5,2,3,11,4,5,1,1,2,2,5,0,1,1,3,0,0,0,0,0,0,0,0,0,0,0,0,0,21,6,1,6,5,5,1,0,0,0,0,2,0,0,1,1,2,0,0,0,0,0,0,11,3,4,2,1,3,0,0,1,1,3,2
5 - Καβάλας,64 E.T. Δήμου Καβάλας,555,306,5,4,9,297,91,43,31,16,13,9,6,126,26,39,58,9,31,20,12,6,5,3,2,14,0,9,11,0,1,2,6,0,1,2,1,2,2,6,3,1,1,3,0,0,1,0,0,0,1,0,0,0,0,0,0,17,11,8,5,6,3,1,0,0,0,0,1,0,0,1,1,2,2,1,0,0,0,0,10,2,4,4,2,3,0,0,0,1,7,4
5 - Καβάλας,65 E.T. Δήμου Καβάλας,581,349,3,3,6,343,85,28,29,14,9,19,2,156,34,54,66,7,55,10,7,2,1,0,0,32,1,4,13,0,6,2,16,5,1,6,1,1,0,6,1,2,0,3,0,0,0,0,0,0,2,0,0,0,1,1,2,17,1,0,3,5,1,1,0,0,0,0,1,1,0,1,0,1,1,0,0,0,0,0,8,1,3,4,1,3,2,0,1,0,9,6
5 - Καβάλας,66 E.T. Δήμου Καβάλας,601,331,9,4,13,318,75,37,27,12,8,12,8,140,34,43,61,12,39,18,7,3,2,2,1,32,2,12,15,3,5,8,18,3,5,4,1,5,3,8,2,1,2,2,0,0,1,0,0,0,2,1,0,0,0,1,0,9,4,3,0,5,1,0,0,0,0,0,0,0,0,0,0,2,1,0,1,1,0,0,12,2,4,3,3,5,1,0,0,1,7,5
5 - Καβάλας,67 E.T. Δήμου Καβάλας,606,339,4,5,9,330,83,39,24,18,10,9,11,152,36,41,78,13,46,10,10,3,3,4,2,28,1,10,16,4,2,5,10,5,3,4,0,1,0,6,1,1,0,0,1,0,1,0,0,0,3,0,0,1,1,0,2,11,3,0,1,5,0,0,0,0,1,0,2,0,0,2,1,0,0,0,0,0,0,0,4,1,1,3,3,10,2,3,0,4,8,3
5 - Καβάλας,68 E.T. Δήμου Καβάλας,607,364,3,0,3,361,98,34,35,10,9,10,4,149,26,51,49,2,42,18,11,4,3,2,0,18,5,7,3,2,1,4,26,12,8,4,4,8,4,8,1,1,0,1,0,0,0,0,0,0,1,0,0,0,0,0,0,18,2,4,3,7,2,0,1,0,0,0,3,1,1,1,2,0,0,0,0,0,0,0,19,3,5,4,3,3,2,0,1,0,6,2
5 - Καβάλας,69 E.T. Δήμου Καβάλας,575,328,4,3,7,321,100,33,38,18,7,11,9,128,43,53,54,7,30,17,8,5,2,1,1,14,1,5,8,1,1,2,20,3,3,5,0,0,0,5,1,1,1,1,0,0,2,0,0,0,1,1,0,0,0,0,1,17,5,1,4,6,3,0,1,0,0,0,1,0,1,1,0,4,2,0,0,0,0,1,8,1,0,2,0,3,0,0,0,0,9,5
5 - Καβάλας,70 E.T. Δήμου Καβάλας,594,342,3,4,7,335,80,26,19,10,5,9,4,149,29,65,64,6,39,14,15,2,5,2,3,25,1,9,13,1,3,3,14,4,3,5,0,1,0,4,1,1,0,2,0,0,0,0,0,0,1,0,0,0,0,0,1,15,4,1,4,1,2,1,1,0,0,0,0,0,0,0,0,2,2,0,1,0,0,0,16,2,2,4,1,6,1,1,1,2,7,2
5 - Καβάλας,71 E.T. Δήμου Καβάλας,591,313,4,2,6,307,99,38,34,29,13,13,6,113,24,36,57,10,28,7,7,3,3,2,2,23,3,3,13,3,1,3,12,3,2,3,1,4,1,6,2,1,0,2,0,0,2,0,0,0,1,1,0,0,0,0,1,14,4,1,4,1,3,2,0,0,0,0,2,0,1,0,1,2,2,0,0,0,0,0,14,1,3,6,4,6,2,1,2,3,6,2
5 - Καβάλας,72 E.T. Δήμου Καβάλας,589,320,0,7,7,313,84,28,33,18,13,15,10,140,38,30,63,6,54,7,5,2,0,2,0,26,1,5,13,1,3,12,9,5,0,4,0,1,1,7,1,2,2,2,0,0,0,0,0,0,0,0,0,0,0,0,0,15,5,1,2,5,1,0,0,0,0,0,3,1,1,2,2,5,5,0,0,0,1,2,12,4,3,6,3,6,0,1,2,2,1,1
5 - Καβάλας,73 E.T. Δήμου Καβάλας,612,367,8,4,12,355,100,35,47,10,12,22,13,130,35,35,49,13,46,13,8,2,1,3,2,45,3,12,22,6,7,8,19,6,8,4,3,7,1,6,1,1,1,0,0,0,3,1,0,0,0,0,0,0,0,0,0,18,4,3,5,5,2,0,0,0,0,0,1,0,0,0,0,1,1,0,1,0,0,0,12,1,1,3,3,7,1,1,3,4,5,4
5 - Καβάλας,74 E.T. Δήμου Καβάλας,578,324,1,3,4,320,76,30,27,18,8,17,8,142,29,48,65,11,38,12,10,4,4,1,2,22,1,9,12,0,2,4,15,5,2,4,0,2,1,7,1,3,1,2,0,0,1,0,0,0,2,1,0,1,0,0,0,10,1,1,4,2,0,0,0,0,0,0,6,3,3,1,0,0,0,0,0,0,0,0,14,2,3,1,2,10,2,4,2,4,5,0
5 - Καβάλας,75 E.T. Δήμου Καβάλας,603,356,6,7,13,343,82,33,34,12,5,10,10,166,43,58,73,11,43,10,8,1,3,1,1,23,3,8,9,2,1,4,17,6,5,5,0,0,1,6,1,0,0,3,0,0,0,0,0,0,1,0,0,0,0,0,0,18,6,5,3,8,1,0,0,0,0,0,1,0,0,0,0,1,1,0,0,0,0,0,10,0,2,1,4,6,1,2,1,0,4,0
5 - Καβάλας,76 E.T. Δήμου Καβάλας,565,321,3,2,5,316,93,35,34,19,10,14,4,155,37,46,73,13,51,10,6,3,2,0,0,13,0,2,6,3,1,4,12,0,4,2,0,4,4,2,0,2,1,0,0,0,0,0,0,0,2,0,1,0,0,1,1,8,4,1,2,1,2,1,1,0,0,0,2,1,0,0,2,2,2,0,0,0,0,0,15,2,2,4,5,4,0,2,2,3,1,1
5 - Καβάλας,77 E.T. Δήμου Καβάλας,591,318,5,1,6,312,88,31,30,18,7,13,4,135,32,44,54,14,44,12,5,2,0,0,0,22,0,9,12,0,3,3,12,4,2,2,1,4,1,4,1,0,1,1,0,0,0,0,0,0,2,0,1,0,1,0,2,13,2,2,0,4,1,1,0,0,0,0,7,1,0,1,4,0,0,0,0,0,0,0,12,0,4,5,3,5,0,1,0,1,7,3
5 - Καβάλας,78 E.T. Δήμου Καβάλας,571,302,3,4,7,295,89,47,35,11,6,21,6,112,35,35,50,7,49,16,4,1,0,0,1,28,1,13,6,2,8,6,28,9,9,10,2,4,2,7,1,3,1,2,0,0,1,0,0,0,0,0,0,0,0,0,0,13,6,0,4,5,3,0,0,0,0,0,0,0,0,0,0,4,4,0,1,0,0,0,4,1,1,0,0,1,0,0,1,0,4,0
5 - Καβάλας,79 E.T. Δήμου Καβάλας,563,308,3,3,6,302,103,43,40,18,9,10,2,115,22,38,49,7,33,15,2,1,0,1,0,14,0,5,10,2,1,7,14,5,4,8,1,2,1,7,1,1,0,1,0,0,1,0,1,1,2,1,0,0,0,0,1,21,8,3,6,3,3,0,0,0,0,0,4,1,2,0,1,2,2,0,0,0,0,0,9,4,0,3,2,4,2,1,0,1,4,0
5 - Καβάλας,80 E.T. Δήμου Καβάλας,586,301,3,5,8,293,87,30,24,18,8,16,4,119,36,39,61,8,36,8,10,4,2,1,1,23,2,8,7,0,6,4,12,0,0,2,3,3,2,2,0,0,0,0,0,0,1,0,0,0,3,0,0,0,1,0,1,22,9,6,3,5,1,4,0,0,0,0,1,1,0,1,0,1,1,1,0,0,0,0,7,1,3,1,1,1,0,0,0,0,4,1
5 - Καβάλας,81 E.T. Δήμου Καβάλας,574,312,12,2,14,298,102,42,36,17,6,13,6,107,27,28,37,6,34,12,5,2,1,0,0,21,0,6,12,4,2,4,17,3,2,4,1,1,2,10,0,2,1,1,0,0,1,0,0,0,4,1,0,0,3,0,4,12,1,2,2,3,1,0,0,0,0,0,1,1,0,1,0,1,1,0,0,0,0,0,7,1,2,3,3,6,1,0,1,3,4,1
5 - Καβάλας,82 E.T. Δήμου Καβάλας,577,303,5,5,10,293,92,34,40,22,10,15,4,112,33,36,50,3,36,12,4,3,3,0,0,18,0,7,11,1,4,3,22,8,6,10,0,4,3,5,5,1,2,1,2,0,2,0,0,0,4,1,1,1,0,0,3,10,2,1,1,3,0,1,0,0,0,0,2,0,0,1,0,2,2,0,1,0,0,0,10,2,2,2,1,3,1,1,1,2,5,3
5 - Καβάλας,83 E.T. Δήμου Καβάλας,595,340,6,1,7,333,118,48,31,26,10,17,10,120,29,38,41,6,43,13,14,4,3,2,1,19,0,11,15,0,1,0,16,5,5,6,2,3,1,9,3,2,1,2,0,0,1,0,0,0,0,0,0,0,0,0,0,11,4,1,1,1,5,0,0,0,0,0,1,0,0,0,0,0,0,0,0,0,0,0,16,3,3,2,2,3,1,0,1,0,5,3
5 - Καβάλας,84 E.T. Δήμου Καβάλας,578,305,6,2,8,297,93,31,42,18,7,19,7,110,29,32,41,11,37,7,12,2,1,1,2,20,2,3,7,5,4,1,14,4,2,3,2,1,1,8,0,2,2,0,0,0,0,0,0,0,2,1,1,0,0,0,2,10,4,0,1,4,1,0,0,0,0,0,0,0,0,0,0,1,0,0,0,0,0,0,11,1,1,3,3,4,0,1,2,3,12,8
5 - Καβάλας,85 E.T. Δήμου Καβάλας,567,294,7,4,11,283,85,36,27,19,6,14,6,110,23,34,54,8,37,9,11,3,5,4,2,20,1,9,12,1,0,3,10,4,1,2,0,1,2,7,0,1,1,0,0,0,0,0,0,0,1,0,0,0,0,1,0,21,4,3,0,10,4,3,0,0,0,0,1,0,0,0,0,2,1,0,0,0,0,0,8,1,2,1,1,6,3,3,0,2,1,1
5 - Καβάλας,86 E.T. Δήμου Καβάλας,575,304,8,5,13,291,84,33,26,14,7,15,8,120,31,36,51,6,42,13,7,4,1,2,0,25,0,6,14,4,3,8,10,3,2,3,1,1,2,5,1,3,1,1,0,0,1,0,1,0,3,0,0,0,1,1,2,12,6,1,1,3,3,0,0,0,0,0,1,0,0,0,0,2,0,0,0,0,0,0,14,1,2,1,2,5,1,0,0,2,2,1
5 - Καβάλας,87 E.T. Δήμου Καβάλας,564,311,11,2,13,298,115,50,38,15,5,24,10,114,27,43,38,6,30,11,6,2,2,1,0,15,1,6,9,0,0,2,5,0,3,0,1,3,1,9,0,2,3,1,0,0,0,0,0,0,1,0,1,0,1,0,0,14,7,2,2,6,1,0,0,0,0,0,1,0,0,0,0,2,2,0,0,0,0,0,6,1,2,2,2,4,1,0,1,1,6,3
5 - Καβάλας,88 E.T. Δήμου Καβάλας,580,305,1,3,4,301,98,51,31,23,4,20,9,111,20,38,49,5,40,6,11,2,5,5,1,23,0,13,13,6,1,2,13,4,2,3,0,2,1,3,0,0,1,0,0,0,0,0,0,0,0,0,0,0,0,0,0,16,7,0,4,3,2,3,0,0,0,0,0,0,0,0,0,2,2,1,0,0,0,0,14,2,9,6,3,5,2,2,1,2,5,3
5 - Καβάλας,89 E.T. Δήμου Καβάλας,578,309,2,1,3,306,97,46,30,12,8,11,7,124,24,37,54,9,41,15,6,5,3,2,2,12,1,6,7,1,0,2,18,7,3,4,1,3,3,10,0,3,2,1,0,0,0,0,0,0,1,0,0,0,1,0,1,13,4,2,0,4,1,1,0,0,0,0,2,1,0,0,0,2,1,0,0,0,0,0,7,0,0,0,0,4,1,1,0,1,10,5
5 - Καβάλας,90 E.T. Δήμου Καβάλας,578,299,6,1,7,292,73,35,26,18,5,11,5,116,30,21,53,4,63,14,7,2,1,1,0,21,2,8,10,2,3,2,13,3,3,2,0,5,1,7,0,3,2,1,0,0,0,0,0,0,2,0,1,0,2,0,1,28,7,2,5,6,4,2,0,0,0,0,6,1,1,4,2,0,0,0,0,0,0,0,9,3,3,4,0,3,1,0,1,1,7,5
5 - Καβάλας,91 E.T. Δήμου Καβάλας,578,306,5,3,8,298,85,29,27,18,4,19,7,102,25,29,46,15,28,11,9,6,4,3,1,28,2,7,13,0,2,10,18,7,5,7,0,3,0,5,1,1,4,1,1,0,0,0,0,0,1,0,1,0,0,0,1,21,4,6,3,8,2,3,0,0,0,0,0,0,0,0,0,4,3,0,0,0,0,0,11,0,3,6,2,4,0,0,0,0,9,3
5 - Καβάλας,92 E.T. Δήμου Καβάλας,561,308,4,1,5,303,100,41,26,18,8,20,6,126,31,38,55,11,47,12,6,3,1,1,0,23,1,9,14,3,3,2,9,3,2,2,0,1,4,7,2,2,0,4,0,0,1,0,1,0,3,0,1,0,0,0,1,8,1,1,1,2,1,1,0,0,1,0,0,0,0,0,0,3,2,0,0,0,0,1,6,1,0,0,0,2,0,0,0,1,8,4
5 - Καβάλας,93 E.T. Δήμου Καβάλας,569,326,3,3,6,320,99,30,35,29,4,17,8,127,41,37,48,7,43,12,12,6,3,3,1,24,1,0,11,3,2,2,12,1,3,1,4,3,3,6,0,1,1,2,0,0,3,0,1,1,2,0,0,0,2,0,2,14,6,1,5,2,3,0,0,0,0,0,2,0,0,1,2,2,1,0,0,0,0,0,10,2,2,1,2,2,1,0,1,0,5,4
5 - Καβάλας,94 E.T. Δήμου Καβάλας,548,301,5,4,9,292,81,33,34,16,4,7,12,120,32,40,43,8,41,17,9,3,4,3,3,26,0,11,11,4,1,4,10,6,3,4,2,0,2,4,1,0,0,2,0,0,0,0,0,0,3,0,1,0,0,0,2,14,3,3,1,7,3,2,2,1,0,0,2,0,0,1,2,0,0,0,0,0,0,0,9,2,1,1,2,4,1,0,1,2,8,4
5 - Καβάλας,95 E.T. Δήμου Καβάλας,591,327,2,3,5,322,101,48,37,20,8,15,6,125,22,41,60,7,42,6,21,9,5,0,1,15,1,4,5,1,0,5,12,3,3,1,1,2,1,5,0,1,1,2,1,0,1,0,1,1,1,0,0,0,0,0,0,20,4,4,1,5,1,1,0,0,1,0,0,0,0,0,0,3,2,0,1,0,0,0,9,0,1,3,1,4,1,2,1,0,3,2
5 - Καβάλας,96 E.T. Δήμου Καβάλας,594,365,7,2,9,356,110,48,38,17,9,18,10,139,35,47,54,12,55,10,12,4,3,5,4,24,1,11,6,1,4,9,19,6,5,2,2,4,2,5,0,1,1,4,0,0,0,0,0,0,2,0,1,0,0,0,2,15,9,2,4,3,1,1,1,0,0,0,1,0,0,0,0,1,0,0,0,0,0,0,15,2,3,5,2,3,0,1,2,0,9,3
5 - Καβάλας,97 E.T. Δήμου Καβάλας,590,362,6,2,8,354,123,54,58,20,7,21,5,131,37,45,52,10,34,18,10,1,3,1,2,17,1,3,8,2,0,6,16,4,1,4,0,3,2,4,1,0,1,1,0,0,1,0,0,0,2,1,0,0,0,0,1,24,6,4,4,11,2,0,0,0,0,0,2,1,0,0,2,1,0,0,0,0,0,0,14,3,3,4,2,5,0,1,4,3,4,4
5 - Καβάλας,98 E.T. Δήμου Καβάλας,584,359,7,4,11,348,105,45,39,11,1,12,9,134,32,50,36,10,31,13,11,3,0,3,2,26,1,9,10,3,7,5,13,1,0,2,1,4,2,3,1,1,1,2,0,0,3,0,0,0,2,1,0,0,0,1,0,26,6,4,4,10,6,2,0,0,0,0,3,0,0,0,0,1,0,0,0,0,0,0,12,0,5,5,9,4,3,2,2,1,5,3
5 - Καβάλας,99 E.T. Δήμου Καβάλας,600,381,5,5,10,371,117,49,39,14,12,21,4,140,37,42,53,14,45,19,12,8,4,5,3,20,0,7,10,3,1,4,18,4,5,2,0,6,2,6,2,0,1,1,0,0,0,0,0,0,1,0,0,0,0,0,1,19,7,3,1,5,1,1,0,0,0,0,2,0,0,0,0,4,4,0,0,1,0,1,23,6,6,8,7,5,1,0,2,2,4,1
5 - Καβάλας,100 E.T. Δήμου Καβάλας,589,359,6,2,8,351,118,50,41,24,11,22,7,130,27,49,57,5,44,11,12,3,1,3,4,15,1,5,6,1,4,1,24,6,6,5,3,2,1,4,2,2,0,0,0,0,0,0,0,0,1,1,0,0,0,0,1,18,9,3,0,7,1,1,1,0,0,0,1,0,0,0,0,3,1,0,1,1,0,0,15,5,2,4,2,3,0,0,0,0,6,2
5 - Καβάλας,101 E.T. Δήμου Καβάλας,586,328,6,2,8,320,116,52,42,24,10,19,8,108,28,47,35,9,36,6,9,4,3,3,2,16,1,5,9,0,3,4,11,6,1,3,1,5,0,11,2,1,1,6,0,0,1,1,0,1,4,3,0,1,1,0,3,21,6,1,6,9,3,1,0,0,0,0,1,1,0,1,0,2,1,0,0,0,0,0,8,0,2,1,2,4,0,1,1,1,8,2
5 - Καβάλας,102 E.T. Δήμου Καβάλας,591,369,1,5,6,363,123,48,41,24,15,18,9,135,44,42,51,9,42,11,9,2,5,4,2,19,1,3,6,7,5,3,14,3,2,2,2,2,1,7,1,1,2,4,0,0,1,0,0,0,5,2,1,0,2,1,4,17,7,2,4,3,0,1,0,0,1,0,3,1,0,2,2,0,0,0,0,0,0,0,16,2,2,7,8,5,2,2,0,2,8,5
5 - Καβάλας,103 E.T. Δήμου Καβάλας,589,341,6,2,8,333,112,36,36,22,3,20,11,130,31,74,55,7,65,19,6,1,0,1,1,13,1,10,4,0,1,1,18,4,2,4,3,2,1,11,1,2,0,1,0,0,0,0,0,0,2,0,0,0,0,2,1,18,6,3,2,6,3,0,0,0,0,0,0,0,0,0,0,1,1,0,0,0,0,0,18,2,8,1,1,2,2,2,0,0,2,1
5 - Καβάλας,104 E.T. Δήμου Καβάλας,592,347,6,3,9,338,104,50,41,11,11,15,15,137,45,44,56,9,46,10,7,3,2,2,0,29,1,15,11,1,1,5,8,4,2,0,2,2,0,11,1,0,3,1,0,0,1,0,0,0,3,0,0,0,1,2,3,16,6,0,4,5,1,0,0,0,0,0,0,0,0,0,0,1,0,0,0,0,0,0,13,2,5,3,4,1,0,0,0,0,7,0
5 - Καβάλας,105 E.T. Δήμου Καβάλας,591,375,1,1,2,373,86,34,36,13,3,11,4,167,29,55,69,17,47,16,10,3,3,3,1,26,4,8,9,3,2,9,12,1,4,3,1,2,3,10,3,0,0,4,0,0,3,0,1,1,3,1,0,0,0,0,2,21,13,0,0,9,0,0,0,0,0,0,5,1,1,1,3,0,0,0,0,0,0,0,17,5,5,3,5,7,2,0,1,1,6,3
5 - Καβάλας,106 E.T. Δήμου Καβάλας,595,360,2,3,5,355,101,40,38,16,7,17,12,141,38,47,53,9,40,9,6,2,2,1,1,28,5,14,16,0,2,5,23,8,2,4,0,3,3,6,0,0,0,0,2,2,2,0,1,2,2,1,0,1,1,0,0,13,4,1,4,1,2,0,0,0,0,0,1,0,0,1,0,1,1,0,0,0,1,0,18,1,4,4,3,4,0,2,1,1,7,2
5 - Καβάλας,107 E.T. Δήμου Καβάλας,578,373,5,4,9,364,99,33,35,24,8,13,8,150,40,53,67,12,56,14,10,3,3,0,1,29,0,6,12,3,2,9,23,9,7,8,3,9,4,7,4,0,3,3,0,0,0,0,0,0,0,0,0,0,0,0,0,20,6,4,4,8,5,0,0,0,0,0,2,1,2,0,0,1,1,0,0,0,0,0,11,3,3,2,2,8,4,2,4,2,4,3
5 - Καβάλας,108 E.T. Δήμου Καβάλας,588,330,3,7,10,320,88,42,39,14,2,11,12,134,20,46,54,9,39,16,6,1,2,1,0,18,0,6,12,1,0,4,12,3,3,3,1,2,3,7,2,0,1,2,0,0,2,0,0,0,0,0,0,0,0,0,0,18,5,2,4,6,3,0,1,0,0,0,0,0,0,0,0,3,2,0,0,0,1,0,14,3,4,3,4,8,2,5,0,1,9,3
5 - Καβάλας,109 E.T. Δήμου Καβάλας,601,377,2,5,7,370,108,34,43,16,11,21,8,162,38,44,63,9,67,19,15,7,3,3,1,17,5,3,6,3,2,2,12,3,1,2,1,1,2,4,1,0,2,1,0,0,1,0,0,0,0,0,0,0,0,0,0,22,7,5,1,7,2,2,0,0,0,0,2,0,0,0,0,1,1,0,0,0,0,0,14,4,2,3,5,7,0,2,1,1,5,2
5 - Καβάλας,110 E.T. Δήμου Καβάλας,597,355,2,4,6,349,83,31,31,15,5,9,8,154,34,47,79,22,51,13,10,7,3,2,1,29,1,12,12,2,2,11,6,1,2,2,1,0,2,11,0,0,3,3,0,0,0,0,0,0,5,4,0,0,0,0,5,25,6,4,6,3,5,1,0,0,0,0,4,2,1,1,1,4,3,0,1,0,0,0,10,4,1,2,2,4,0,0,0,2,4,3
5 - Καβάλας,111 E.T. Δήμου Καβάλας,550,316,5,2,7,309,95,30,38,18,9,11,3,116,26,35,43,6,39,9,6,2,1,1,2,33,0,14,11,2,3,7,11,1,4,0,0,2,0,4,2,1,1,0,0,0,0,0,0,0,1,0,0,0,1,0,1,22,7,4,1,10,3,3,0,0,1,1,2,0,0,0,0,1,1,0,0,0,0,1,7,0,2,4,2,3,0,1,0,1,7,3
5 - Καβάλας,112 E.T. Δήμου Καβάλας,451,282,5,5,10,272,67,41,23,11,11,11,2,145,41,44,79,14,43,13,2,0,1,2,1,8,0,2,3,1,1,0,14,6,1,5,0,3,0,4,1,1,1,0,0,0,0,0,0,0,0,0,0,0,0,0,0,10,2,1,3,5,2,1,0,0,0,0,0,0,0,0,0,2,2,0,0,0,0,0,18,3,8,7,2,1,0,1,1,0,1,1
5 - Καβάλας,113 E.T. Δήμου Καβάλας,444,309,1,2,3,306,82,34,18,13,10,6,11,144,33,38,68,15,46,12,6,2,1,2,1,15,0,6,9,1,2,6,20,11,3,10,1,0,2,1,0,0,1,1,1,0,1,0,0,1,1,0,0,0,0,0,0,12,6,2,2,4,1,0,0,0,0,0,2,1,1,0,0,1,1,0,0,0,0,0,10,1,4,1,1,7,0,1,0,1,3,1
5 - Καβάλας,114 E.T. Δήμου Καβάλας,449,266,4,3,7,259,66,30,25,4,5,11,3,126,14,36,63,10,37,7,5,3,1,0,0,10,0,1,5,2,1,1,18,8,2,8,0,1,1,7,0,2,0,2,0,0,3,1,0,0,0,0,0,0,0,0,0,11,0,2,1,9,2,2,0,0,0,0,0,0,0,0,0,0,0,0,0,0,0,0,8,0,3,2,1,1,0,0,0,0,4,0
5 - Καβάλας,115 E.T. Δήμου Καβάλας,582,341,5,5,10,331,83,38,21,13,2,18,3,161,57,52,49,5,64,19,3,0,2,1,0,34,0,8,8,22,4,4,4,2,2,1,0,2,0,3,1,0,0,1,0,0,0,0,0,0,1,0,0,0,0,0,0,17,3,0,2,5,2,2,0,0,0,0,1,0,0,0,0,7,7,0,0,1,0,1,7,0,4,1,1,2,0,0,0,0,8,4
5 - Καβάλας,116 E.T. Δήμου Καβάλας,582,366,9,2,11,355,90,32,28,8,5,14,8,162,45,64,45,10,31,19,5,1,3,1,2,38,1,8,11,21,8,2,8,1,2,1,2,2,1,2,1,1,0,0,0,0,0,0,0,0,1,1,0,0,0,0,1,18,6,1,4,8,2,0,0,0,0,0,0,0,0,0,0,5,5,0,0,1,0,0,15,5,3,4,3,3,1,0,0,0,8,4
5 - Καβάλας,117 E.T. Δήμου Καβάλας,608,322,6,3,9,313,87,35,35,16,8,8,11,101,21,47,29,5,30,12,11,5,3,4,1,31,3,8,17,7,5,1,12,4,3,1,2,2,0,4,2,0,0,0,0,0,1,0,0,0,2,0,2,0,2,0,0,34,13,2,8,13,1,3,1,0,0,0,2,0,0,0,1,8,6,2,1,0,0,0,13,1,4,2,2,1,0,0,0,0,5,2
5 - Καβάλας,118 E.T. Δήμου Καβάλας,606,346,6,2,8,338,80,41,22,14,6,13,3,135,33,53,47,5,57,13,9,3,2,2,1,39,2,14,17,20,2,1,7,3,2,2,2,0,0,5,0,1,1,1,0,0,1,1,1,0,8,1,3,0,4,1,6,26,8,2,4,8,2,0,1,1,0,0,1,0,0,0,0,10,8,0,0,0,0,0,9,4,3,2,2,4,0,0,0,0,3,2
5 - Καβάλας,119 E.T. Δήμου Καβάλας,435,295,7,4,11,284,50,20,9,6,0,15,1,174,45,23,43,3,135,4,11,0,1,0,0,3,0,0,1,1,0,1,4,2,0,0,0,1,2,5,0,0,0,0,0,0,0,0,0,0,2,0,0,0,2,0,2,8,0,1,2,2,1,1,0,0,0,0,3,1,0,1,2,8,8,0,0,0,0,0,12,1,2,2,3,3,1,0,1,0,1,0
5 - Καβάλας,120 E.T. Δήμου Καβάλας,569,241,9,0,9,232,61,20,14,6,11,14,1,97,24,38,25,4,44,6,7,1,1,1,2,22,0,3,13,1,2,7,2,0,1,0,0,0,0,3,2,2,0,0,0,0,1,0,0,0,10,0,6,0,10,0,0,18,10,3,1,5,2,0,0,0,0,0,0,0,0,0,0,1,1,0,0,0,0,0,3,2,1,2,1,2,1,0,0,0,5,3
5 - Καβάλας,121 E.T. Δήμου Καβάλας,581,236,4,3,7,229,70,29,24,5,9,17,9,89,20,19,31,8,52,8,10,4,3,3,1,15,1,4,3,1,5,2,5,1,2,0,0,0,2,4,2,1,0,3,0,0,0,0,0,0,4,0,3,0,4,0,1,14,7,3,1,2,1,1,1,0,0,0,0,0,0,0,0,1,0,0,0,0,0,1,10,1,5,3,4,3,1,0,2,1,3,0
5 - Καβάλας,122 E.T. Δήμου Καβάλας,593,242,0,1,1,241,59,31,10,2,11,15,9,123,19,36,30,3,69,13,6,4,3,1,0,7,1,3,5,1,0,1,2,0,1,0,0,0,1,5,2,1,1,0,0,0,0,0,0,0,4,0,1,0,4,0,0,15,5,0,2,2,2,0,0,0,0,0,2,1,0,1,0,3,2,0,0,0,0,2,8,0,1,0,3,4,1,0,0,0,3,0
5 - Καβάλας,123 E.T. Δήμου Καβάλας,568,256,6,2,8,248,62,32,17,4,8,12,3,124,23,44,44,6,60,11,2,0,0,1,1,17,0,2,6,2,4,2,3,0,0,0,0,0,0,7,2,1,2,2,0,0,2,1,2,1,4,0,2,0,4,0,0,7,3,0,4,1,0,0,0,0,0,0,1,0,0,0,1,1,0,1,0,1,0,0,11,2,2,1,2,3,1,0,0,1,4,2
5 - Καβάλας,124 E.T. Δήμου Καβάλας,506,187,4,0,4,183,60,27,16,4,5,19,4,71,19,22,26,4,31,12,6,2,1,1,2,14,1,3,9,2,1,4,2,0,0,0,0,0,1,8,2,3,2,1,0,0,0,0,0,0,5,0,5,0,5,0,0,7,2,3,4,1,2,0,0,0,0,0,1,1,0,0,0,2,2,0,1,0,0,1,2,1,0,0,0,3,1,1,2,0,2,0
5 - Καβάλας,125 E.T. Δήμου Καβάλας,592,275,5,3,8,267,64,29,27,8,11,15,4,105,16,36,31,9,48,16,7,4,6,2,0,35,2,5,22,0,9,9,8,1,4,1,1,1,1,2,1,1,0,1,1,1,0,0,0,0,5,0,2,0,5,0,0,15,10,2,6,2,1,2,0,0,0,0,3,1,0,0,2,4,1,0,0,1,0,0,12,1,0,3,5,3,0,0,0,1,3,2
5 - Καβάλας,126 E.T. Δήμου Καβάλας,595,235,1,0,1,234,49,17,17,4,10,11,4,79,17,17,22,5,32,11,13,8,5,3,0,26,1,6,13,4,6,4,8,1,4,1,1,3,0,3,1,1,1,0,2,0,1,0,0,0,17,0,13,1,17,0,1,20,9,3,5,5,1,3,0,0,1,1,2,0,0,0,1,1,1,0,0,0,0,0,5,1,2,1,2,3,1,0,0,0,4,2
5 - Καβάλας,127 E.T. Δήμου Καβάλας,584,264,6,1,7,257,45,27,16,7,5,14,5,142,28,48,56,11,74,23,6,2,1,0,2,22,2,5,14,5,4,2,3,1,0,2,0,1,0,4,1,1,2,3,1,1,0,0,0,0,6,0,3,0,6,0,0,12,10,0,5,2,1,1,0,0,0,0,1,1,0,0,1,3,1,1,0,1,0,0,9,3,1,2,4,1,1,0,0,0,2,1
5 - Καβάλας,128 E.T. Δήμου Καβάλας,539,314,1,2,3,311,96,40,28,19,11,26,3,117,19,47,48,11,36,8,14,6,5,2,3,25,1,10,15,6,5,2,3,0,0,0,0,0,0,6,0,0,0,2,0,0,0,0,0,0,4,0,0,0,0,0,0,15,6,1,4,9,1,1,0,0,0,0,8,2,0,6,4,0,0,0,0,0,0,0,15,4,4,3,7,2,0,0,0,0,6,2
5 - Καβάλας,129 E.T. Δήμου Καβάλας,535,317,2,6,8,309,115,42,34,22,4,19,5,69,10,36,19,12,17,5,21,12,3,4,2,48,2,1,28,3,8,5,8,2,1,1,0,3,0,7,1,1,0,1,0,0,0,0,0,0,1,0,0,1,0,0,1,20,0,3,5,5,4,0,0,0,0,0,0,0,0,0,0,0,0,0,0,0,0,0,13,2,0,6,0,2,0,0,1,1,5,2
5 - Καβάλας,130 E.T. Δήμου Καβάλας,532,315,11,5,16,299,116,50,41,11,5,19,5,95,22,38,33,8,27,7,11,3,4,5,1,25,0,4,14,6,2,1,6,1,1,2,0,1,1,3,0,1,0,0,0,0,3,0,0,3,0,0,0,0,0,0,0,18,4,4,4,4,1,0,2,0,0,0,5,0,0,0,0,1,1,0,0,0,0,1,6,3,2,2,2,0,0,0,0,0,8,4
5 - Καβάλας,131 E.T. Δήμου Καβάλας,545,302,7,3,10,292,107,41,37,19,8,15,8,89,21,34,33,8,13,6,10,3,3,4,1,26,1,5,14,1,3,3,10,1,2,0,0,0,3,4,1,0,1,0,0,0,3,0,0,0,2,0,0,1,0,0,2,15,8,1,3,3,1,0,0,0,0,0,6,1,0,1,0,2,2,0,0,0,0,0,14,4,1,1,5,1,0,0,0,1,3,1
5 - Καβάλας,132 E.T. Δήμου Καβάλας,531,229,1,2,3,226,76,35,17,9,14,12,5,78,15,23,48,8,25,5,14,4,6,8,1,18,1,4,11,1,7,0,2,1,0,0,1,0,0,3,1,0,0,1,0,0,1,1,0,0,5,0,2,1,5,0,2,15,12,0,2,1,1,1,0,0,0,0,2,2,0,0,0,2,1,0,0,0,0,0,7,2,2,1,1,0,0,0,0,0,3,0
5 - Καβάλας,133 E.T. Δήμου Καβάλας,531,252,9,2,11,241,57,22,23,8,5,12,2,101,16,20,42,4,59,10,16,5,4,3,2,15,0,2,15,3,3,4,2,1,0,1,1,0,1,1,0,0,0,1,0,0,0,0,0,0,9,0,4,0,7,0,0,16,9,2,3,7,0,0,1,0,0,0,1,0,0,0,0,0,0,0,0,0,0,0,7,2,3,2,1,1,0,0,0,1,8,0
5 - Καβάλας,134 E.T. Δήμου Καβάλας,531,252,6,2,8,244,58,26,28,14,13,5,1,101,15,31,48,12,34,6,13,5,5,0,0,29,0,4,18,2,5,4,5,2,0,2,1,0,1,7,1,2,1,1,0,0,0,0,0,0,6,0,5,0,3,0,1,12,5,2,1,1,0,0,0,0,0,0,5,0,0,0,4,0,0,0,0,0,0,0,4,1,0,2,0,0,0,0,0,0,4,1
5 - Καβάλας,135 E.T. Δήμου Καβάλας,534,228,12,6,18,210,72,35,15,13,15,15,7,65,15,25,18,7,20,6,14,4,7,1,1,23,0,5,11,2,2,1,7,0,1,1,0,2,1,6,1,1,1,0,0,0,0,0,0,0,4,0,4,0,1,0,0,6,2,1,2,2,0,0,0,0,0,0,0,0,0,0,0,0,0,0,0,0,0,0,8,1,3,3,0,2,0,0,1,0,3,2
5 - Καβάλας,136 E.T. Δήμου Καβάλας,535,244,5,2,7,237,72,30,25,7,4,11,5,84,16,14,46,6,37,11,15,7,5,6,1,31,1,6,26,3,7,5,2,1,1,0,0,0,0,3,1,0,1,0,0,0,0,0,0,0,1,1,1,0,0,0,0,16,6,1,0,4,2,0,0,0,0,0,0,0,0,0,0,1,0,0,0,0,0,0,6,1,1,1,1,4,1,1,1,1,2,2
5 - Καβάλας,137 E.T. Δήμου Καβάλας,159,101,0,0,0,101,30,12,15,4,3,6,5,50,11,20,34,4,14,1,2,0,1,0,0,4,0,3,2,0,0,3,4,1,0,0,0,0,0,1,1,0,1,0,0,0,0,0,0,0,0,0,0,0,0,0,0,6,2,1,0,0,1,0,0,0,0,0,0,0,0,0,0,0,0,0,0,0,0,0,2,0,1,1,2,2,1,0,2,0,0,0
5 - Καβάλας,138 E.T. Δήμου Καβάλας,488,233,2,1,3,230,52,22,16,3,8,5,5,91,11,32,29,6,38,15,17,6,4,3,3,19,1,1,7,9,2,1,9,1,1,0,0,0,0,5,0,1,0,4,0,0,0,0,0,0,0,0,0,0,0,0,0,22,13,3,6,3,1,0,1,0,0,0,1,1,0,0,0,0,0,0,0,0,0,0,7,2,1,1,0,2,0,0,0,1,4,3
5 - Καβάλας,139 E.T. Δήμου Καβάλας,469,218,3,2,5,213,49,27,13,4,9,7,2,111,28,26,51,40,8,0,4,0,1,0,0,15,1,2,8,4,1,5,3,1,1,0,1,1,0,5,2,1,0,3,0,0,0,0,0,0,3,0,1,1,1,0,3,11,4,0,3,3,1,0,0,0,0,0,1,0,0,0,0,2,2,0,0,0,0,0,3,0,1,1,1,1,1,1,0,0,5,3
5 - Καβάλας,140 E.T. Δήμου Καβάλας,483,211,8,1,9,202,37,15,12,14,4,2,4,108,30,38,42,4,30,6,11,2,1,1,1,21,0,0,16,5,10,0,2,2,0,0,0,1,0,2,1,1,1,0,0,0,0,0,0,0,2,0,0,0,0,0,1,9,2,0,0,1,0,1,0,0,0,0,0,0,0,0,0,0,0,0,0,0,0,0,5,3,1,2,1,1,1,1,0,0,4,2
5 - Καβάλας,141 E.T. Δήμου Καβάλας,495,214,3,0,3,211,33,17,13,4,3,7,1,107,18,24,62,3,38,6,8,5,0,1,4,33,1,3,25,11,5,6,10,4,0,0,0,1,1,1,0,0,0,1,0,0,0,0,0,0,0,0,0,0,0,0,0,10,1,3,2,2,1,0,0,0,0,0,1,0,0,0,1,1,1,0,0,0,0,0,4,1,0,1,3,1,1,1,0,0,2,2
5 - Καβάλας,142 E.T. Δήμου Καβάλας,582,247,0,2,2,245,46,21,13,5,10,9,2,121,25,40,56,3,37,12,9,4,2,3,2,34,4,2,26,6,14,4,2,0,0,0,0,0,0,2,1,0,1,2,1,0,0,0,0,0,2,0,1,0,2,0,1,17,9,3,4,4,2,0,0,0,0,0,0,0,0,0,0,1,0,0,0,0,0,0,5,1,1,1,0,3,1,0,1,1,2,2
5 - Καβάλας,143 E.T. Δήμου Καβάλας,229,113,0,2,2,111,29,11,6,2,0,2,1,45,7,9,9,8,26,1,5,3,3,1,0,16,1,12,5,2,1,4,2,1,0,0,0,0,0,2,2,0,0,0,0,0,0,0,0,0,3,0,0,0,3,0,3,3,3,0,2,0,0,0,0,0,0,0,0,0,0,0,0,1,1,0,0,0,0,0,2,0,0,0,1,0,0,0,0,0,3,1
5 - Καβάλας,144 E.T. Δήμου Καβάλας,588,341,4,1,5,336,73,24,19,11,6,14,5,143,41,35,52,6,61,8,15,4,5,2,0,47,1,11,29,15,15,4,14,3,3,1,0,2,2,4,0,0,0,1,0,0,1,0,0,0,0,0,0,0,0,0,0,19,6,5,4,3,2,2,0,0,0,0,0,0,0,0,0,0,0,0,0,0,0,0,8,1,4,4,3,2,1,0,0,0,10,3
5 - Καβάλας,145 E.T. Δήμου Καβάλας,433,218,1,1,2,216,66,24,25,10,3,6,7,72,12,24,28,2,32,11,12,2,2,4,0,22,1,5,10,4,0,3,11,4,5,5,0,1,2,6,1,0,1,4,0,0,0,0,0,0,1,0,0,0,1,0,0,16,7,2,6,7,0,1,2,2,0,0,2,0,0,1,1,0,0,0,0,0,0,0,3,0,1,2,1,1,0,0,0,0,2,2
5 - Καβάλας,146 E.T. Δήμου Καβάλας,163,64,0,0,0,64,8,3,6,1,2,0,0,32,9,8,13,1,11,2,6,1,1,3,1,13,0,4,5,2,3,0,1,0,1,1,0,0,0,0,0,0,0,0,0,0,0,0,0,0,0,0,0,0,0,0,0,2,1,0,0,1,0,0,0,0,0,0,1,0,1,0,0,0,0,0,0,0,0,0,0,0,0,0,0,0,0,0,0,0,1,1
5 - Καβάλας,147 E.T. Δήμου Καβάλας,504,234,1,1,2,232,51,29,14,4,8,8,2,124,25,36,53,26,45,10,11,4,2,1,2,14,0,7,5,1,2,1,4,0,0,1,2,0,0,5,1,0,1,2,0,0,0,0,0,0,1,0,1,0,1,0,0,11,5,2,1,5,2,0,0,0,0,0,1,0,0,0,0,0,0,0,0,0,0,0,4,0,0,1,1,2,0,0,1,1,4,3
5 - Καβάλας,148 E.T. Δήμου Καβάλας,503,225,1,0,1,224,45,12,21,7,9,5,2,136,24,39,48,14,69,12,8,2,1,1,1,17,1,4,8,2,3,0,1,0,0,0,0,0,0,0,0,0,0,0,0,0,0,0,0,0,0,0,0,0,0,0,0,7,5,1,1,1,0,0,0,0,0,0,1,0,0,0,0,0,0,0,0,0,0,0,5,0,1,3,0,2,2,0,1,0,2,0
5 - Καβάλας,149 E.T. Δήμου Καβάλας,496,213,2,2,4,209,44,20,11,4,17,9,1,99,24,26,37,9,42,11,14,7,4,6,3,15,0,2,9,6,2,2,0,0,0,0,0,0,0,5,2,2,1,1,0,0,0,0,0,0,2,0,1,0,2,0,0,10,5,5,1,0,1,0,1,0,0,0,0,0,0,0,0,2,1,0,0,0,0,0,9,3,2,0,2,3,0,0,1,0,5,2
5 - Καβάλας,150 E.T. Δήμου Νέστου,553,412,5,2,7,405,98,34,32,8,4,7,1,206,46,82,90,14,56,10,7,0,1,0,0,33,2,2,13,15,8,1,12,3,3,0,5,0,2,3,1,0,1,0,0,0,2,0,0,0,3,3,0,1,0,0,2,24,5,4,5,10,1,0,1,1,0,0,1,0,0,0,0,1,0,1,0,0,0,0,7,1,3,1,5,3,1,1,0,2,4,2
5 - Καβάλας,151 E.T. Δήμου Νέστου,596,382,10,0,10,372,92,52,15,7,4,14,3,190,47,85,88,2,44,17,7,4,0,1,2,32,2,0,19,11,4,1,8,0,0,0,0,0,0,4,2,1,0,0,0,0,3,0,0,1,3,0,1,0,0,0,1,15,4,0,2,5,1,1,0,0,0,0,1,0,0,0,0,0,0,0,0,0,0,0,13,3,1,1,0,2,0,1,1,0,2,1
5 - Καβάλας,152 E.T. Δήμου Νέστου,453,221,4,0,4,217,44,15,17,0,5,9,3,113,35,48,21,13,39,14,11,7,6,2,1,9,0,1,4,3,0,1,3,0,1,1,1,0,0,1,0,1,1,0,1,1,0,0,0,0,0,0,0,0,0,0,0,19,5,2,2,4,1,0,0,0,0,0,2,0,0,0,0,1,0,0,0,0,0,0,7,2,1,0,3,2,0,1,0,1,4,1
5 - Καβάλας,153 E.T. Δήμου Νέστου,475,239,3,1,4,235,48,13,13,13,3,7,6,134,33,57,37,13,57,6,10,5,2,2,1,15,0,2,8,6,0,1,2,0,0,0,1,0,0,0,0,0,0,0,0,0,0,0,0,0,0,0,0,0,0,0,0,4,1,1,0,1,0,0,0,0,0,0,0,0,0,0,0,0,0,0,0,0,0,0,12,1,2,2,4,3,0,0,0,1,7,3
5 - Καβάλας,154 E.T. Δήμου Νέστου,450,203,2,2,4,199,44,21,12,5,6,14,8,105,24,51,36,12,39,14,20,1,7,5,4,5,0,1,5,1,0,1,1,0,0,0,0,0,0,3,0,0,0,0,0,0,1,1,0,1,0,0,0,0,0,0,0,10,5,3,1,6,2,0,0,0,0,0,1,1,0,0,1,2,0,0,0,1,0,0,4,0,1,0,0,1,0,0,0,0,2,2
5 - Καβάλας,155 E.T. Δήμου Νέστου,450,230,3,2,5,225,52,14,19,7,6,9,1,126,28,56,35,12,35,29,8,4,1,0,2,9,1,1,6,4,0,1,4,1,1,0,1,0,0,3,1,0,0,0,0,0,1,1,0,1,0,0,0,0,0,0,0,8,3,1,1,3,1,0,0,0,0,0,1,1,0,0,1,0,0,0,0,0,0,0,10,3,4,2,2,2,0,0,0,0,1,1
5 - Καβάλας,156 E.T. Δήμου Νέστου,569,312,2,4,6,306,76,34,21,9,12,17,6,151,33,52,69,14,55,9,5,2,2,2,1,40,3,7,11,25,7,2,3,0,1,1,0,0,0,3,0,0,1,0,0,0,1,1,1,0,1,0,0,0,1,0,0,15,3,0,4,9,1,0,1,1,0,0,0,0,0,0,0,0,0,0,0,0,0,0,8,4,4,1,0,1,0,0,1,0,1,0
5 - Καβάλας,157 E.T. Δήμου Νέστου,557,305,7,3,10,295,82,31,18,18,13,15,10,121,21,39,62,9,26,7,8,3,2,2,1,34,0,8,15,14,5,5,2,2,0,0,1,1,0,3,0,1,0,0,0,0,1,0,1,1,1,0,1,0,0,0,1,15,6,4,0,4,1,0,0,0,0,0,4,1,1,0,0,4,4,0,1,1,0,0,9,2,0,1,2,2,0,0,0,1,9,9
5 - Καβάλας,158 E.T. Δήμου Νέστου,563,317,5,0,5,312,90,52,15,12,29,15,8,115,26,61,54,14,34,2,15,7,6,4,1,53,1,11,13,34,11,2,6,1,0,1,3,0,0,0,0,0,0,0,0,0,0,0,0,0,0,0,0,0,0,0,0,14,3,0,0,7,1,1,0,0,0,0,0,0,0,0,0,1,1,0,0,0,0,0,8,3,2,1,3,0,0,0,0,0,10,6
5 - Καβάλας,159 E.T. Δήμου Νέστου,544,276,4,2,6,270,77,44,20,3,12,15,5,119,41,42,60,10,37,10,9,6,2,2,1,28,1,6,14,12,5,2,3,0,1,0,2,0,0,3,1,2,2,0,0,0,1,1,1,0,0,0,0,0,0,0,0,19,9,0,1,4,2,2,1,0,0,0,1,0,0,0,0,0,0,0,0,0,0,0,5,2,1,2,3,1,0,0,0,0,3,2
5 - Καβάλας,160 E.T. Δήμου Νέστου,457,310,13,0,13,297,88,49,12,7,2,2,2,138,15,55,66,4,67,4,5,2,0,0,1,40,1,1,14,30,4,1,1,0,1,0,1,0,0,1,0,0,0,0,0,0,0,0,0,0,0,0,0,0,0,0,0,15,3,1,0,5,1,1,1,0,0,0,0,0,0,0,0,3,1,3,0,0,0,0,2,1,1,1,1,1,0,0,0,0,2,0
5 - Καβάλας,161 E.T. Δήμου Νέστου,537,353,5,3,8,345,103,80,16,7,2,7,2,177,39,60,85,7,67,6,17,5,2,7,6,23,2,2,10,13,2,0,2,1,0,0,1,0,0,3,1,1,0,0,0,0,0,0,0,0,0,0,0,0,0,0,0,9,4,1,0,2,0,2,0,0,0,0,1,1,0,0,0,1,0,1,0,0,0,0,4,1,3,2,1,2,1,2,0,0,3,2
5 - Καβάλας,162 E.T. Δήμου Νέστου,446,161,2,0,2,159,60,16,10,10,22,5,2,43,8,21,17,0,10,0,2,0,2,0,0,39,1,2,4,26,1,0,2,0,0,0,0,1,0,1,0,0,0,0,0,0,0,0,0,0,0,0,0,0,0,0,0,5,0,0,1,0,0,0,0,0,0,0,0,0,0,0,0,0,0,0,0,0,0,0,4,0,0,0,1,0,0,0,0,0,3,1
5 - Καβάλας,163 E.T. Δήμου Νέστου,404,167,3,3,6,161,62,13,5,12,24,19,0,34,6,15,13,2,6,2,4,1,1,0,0,36,2,4,8,26,2,1,3,1,0,1,0,2,1,3,0,2,0,2,0,0,0,0,0,0,1,0,0,0,0,0,0,7,3,1,3,1,1,1,0,0,0,0,1,0,0,0,0,1,1,0,0,0,0,0,9,2,0,2,2,0,0,0,0,0,0,0
5 - Καβάλας,164 E.T. Δήμου Νέστου,415,164,4,0,4,160,47,12,9,7,11,11,2,52,7,30,12,0,27,3,4,0,2,2,0,34,5,6,8,22,1,0,0,0,0,0,0,0,0,5,0,1,3,4,0,0,0,0,0,0,0,0,0,0,0,0,0,8,2,2,2,0,1,0,0,0,0,0,0,0,0,0,0,1,1,1,0,0,0,0,9,2,0,1,3,0,0,0,0,0,0,0
5 - Καβάλας,165 E.T. Δήμου Νέστου,180,71,1,0,1,70,16,9,5,0,5,3,1,31,12,6,14,6,11,1,1,1,1,0,0,7,0,2,0,6,0,0,4,1,0,1,1,1,0,0,0,0,0,0,0,0,0,0,0,0,0,0,0,0,0,0,0,3,0,0,2,0,1,0,0,0,0,0,1,0,0,0,1,0,0,0,0,0,0,0,5,0,1,1,2,1,1,0,1,0,1,1
5 - Καβάλας,166 E.T. Δήμου Νέστου,341,106,3,1,4,102,16,5,5,2,1,11,1,60,15,24,31,4,26,4,0,0,0,0,0,5,0,2,3,2,0,2,5,3,1,0,4,1,1,0,0,0,0,0,0,0,0,0,0,0,1,0,0,0,0,0,0,7,2,0,2,3,2,0,0,0,0,0,1,1,0,0,1,1,0,0,1,1,0,0,4,0,1,0,1,1,1,1,0,0,1,0
5 - Καβάλας,167 E.T. Δήμου Νέστου,143,60,5,0,5,55,9,5,1,2,2,3,0,32,1,22,14,2,12,2,1,0,0,0,0,7,0,2,2,5,0,1,3,0,0,0,2,0,1,0,0,0,0,0,0,0,0,0,0,0,0,0,0,0,0,0,0,0,0,0,0,0,0,0,0,0,0,0,1,1,0,1,0,0,0,0,0,0,0,0,2,1,0,0,1,0,0,0,0,0,0,0
5 - Καβάλας,168 E.T. Δήμου Νέστου,200,82,0,0,0,82,14,1,5,1,1,1,0,42,24,17,20,0,8,6,4,2,3,1,0,16,1,2,6,9,1,0,0,0,0,0,0,0,0,1,0,0,1,1,0,0,0,0,0,0,0,0,0,0,0,0,0,2,0,0,1,0,0,0,0,0,0,0,0,0,0,0,0,0,0,0,0,0,0,0,0,0,0,0,0,0,0,0,0,0,3,1
5 - Καβάλας,169 E.T. Δήμου Νέστου,335,143,1,1,2,141,50,22,4,26,5,5,2,48,10,23,11,5,13,2,4,3,1,0,2,15,4,5,6,1,1,3,5,3,1,0,1,2,1,1,0,0,0,0,0,0,0,0,0,0,0,0,0,0,0,0,0,9,2,1,1,1,1,0,0,0,0,0,3,0,0,0,0,0,0,0,0,0,0,0,3,0,0,0,0,2,1,0,0,1,1,1
5 - Καβάλας,170 E.T. Δήμου Νέστου,390,156,3,0,3,153,53,26,8,29,4,6,4,45,12,16,16,4,14,0,5,2,1,1,0,27,1,6,14,14,1,1,4,0,0,0,0,0,0,2,0,0,0,0,0,0,0,0,0,0,1,1,0,0,0,0,1,8,3,2,0,0,1,1,0,0,0,0,0,0,0,0,0,0,0,0,0,0,0,0,2,0,0,1,0,3,1,1,0,1,3,1
5 - Καβάλας,171 E.T. Δήμου Νέστου,432,151,1,2,3,148,35,15,9,3,1,5,0,81,25,43,28,1,28,2,2,1,1,0,0,10,0,2,0,5,1,1,1,1,0,0,1,0,0,1,0,0,1,1,0,0,0,0,0,0,0,0,0,0,0,0,0,7,2,0,1,4,1,1,0,0,0,0,6,4,0,4,0,0,0,0,0,0,0,0,4,0,0,2,2,0,0,0,0,0,1,1
5 - Καβάλας,172 E.T. Δήμου Νέστου,247,93,0,0,0,93,5,2,1,2,1,1,1,60,10,28,34,2,25,2,9,5,4,2,1,3,1,0,2,2,0,0,4,3,0,0,4,1,0,2,0,0,0,0,0,0,0,0,0,0,0,0,0,0,0,0,0,9,4,0,2,2,2,1,0,0,0,0,0,0,0,0,0,0,0,0,0,0,0,0,1,0,0,0,1,0,0,0,0,0,0,0
5 - Καβάλας,173 E.T. Δήμου Νέστου,560,300,4,6,10,290,82,22,30,22,10,24,15,101,26,46,44,12,32,7,11,5,3,5,4,45,2,5,26,17,3,9,7,3,1,0,3,1,0,5,1,1,2,3,0,0,0,0,0,0,0,0,0,0,0,0,0,18,8,1,4,9,4,1,0,0,0,0,2,1,0,0,0,3,0,3,1,0,0,0,4,1,2,1,2,6,1,2,0,1,6,4
5 - Καβάλας,174 E.T. Δήμου Νέστου,567,326,2,1,3,323,97,28,28,27,7,26,10,128,28,50,61,13,35,17,12,8,4,0,3,31,1,11,19,11,3,3,6,3,2,1,2,0,2,6,1,3,2,1,0,0,0,0,0,0,1,1,0,1,0,0,0,11,7,2,2,5,0,0,0,0,0,0,3,3,0,2,0,4,2,3,0,0,0,0,16,6,3,3,4,3,3,2,0,1,5,2
5 - Καβάλας,175 E.T. Δήμου Νέστου,570,308,4,4,8,300,80,39,25,8,10,11,3,129,33,50,60,9,35,18,12,6,5,5,5,20,3,6,10,8,4,2,10,2,4,2,4,0,2,6,1,2,0,1,0,0,1,0,0,0,2,0,0,0,2,0,2,13,4,2,2,5,2,0,0,0,0,0,2,1,0,1,2,3,0,3,3,0,0,0,15,6,1,3,2,1,0,0,0,1,6,3
5 - Καβάλας,176 E.T. Δήμου Νέστου,552,310,10,2,12,298,94,34,32,20,13,23,6,123,24,42,51,11,54,12,7,2,1,3,4,18,0,3,8,6,2,1,9,3,2,0,5,0,0,5,1,2,2,1,0,0,2,0,0,2,0,0,0,0,0,0,0,18,7,0,2,5,3,4,0,0,0,0,0,0,0,0,0,0,0,0,0,0,0,0,12,5,3,2,1,5,3,2,1,0,5,1
5 - Καβάλας,177 E.T. Δήμου Νέστου,552,320,4,0,4,316,79,36,15,14,9,17,3,141,19,51,58,4,55,13,10,0,2,5,3,34,3,8,21,15,5,1,6,1,0,1,2,0,0,3,1,0,0,1,1,0,1,0,0,0,0,0,0,0,0,0,0,24,3,0,2,10,3,0,0,0,0,0,0,0,0,0,0,0,0,0,0,0,0,0,8,0,2,2,2,3,1,1,0,0,6,2
5 - Καβάλας,178 E.T. Δήμου Νέστου,568,300,6,5,11,289,83,32,20,17,4,21,6,110,23,34,34,11,42,5,15,8,3,5,6,23,3,2,6,14,3,2,7,3,1,1,4,2,0,1,0,0,0,0,0,0,0,0,0,0,0,0,0,0,0,0,0,29,7,1,6,8,4,1,0,0,1,0,2,1,0,0,1,1,0,0,0,0,0,0,14,1,5,0,3,0,0,0,0,0,3,3
5 - Καβάλας,179 E.T. Δήμου Νέστου,549,315,2,5,7,308,78,23,23,11,4,14,9,111,29,38,38,5,29,10,14,6,4,4,1,38,2,3,20,33,3,1,3,1,0,0,2,0,2,7,1,2,2,2,0,0,1,0,0,1,2,0,0,0,1,0,1,26,11,2,3,11,1,0,0,0,0,0,3,0,0,0,0,6,1,6,1,1,0,0,11,1,2,1,1,4,0,0,0,0,4,1
5 - Καβάλας,180 E.T. Δήμου Νέστου,561,297,6,1,7,290,78,33,23,11,2,15,2,128,33,48,44,7,37,7,9,4,1,3,0,22,0,2,12,11,0,1,3,2,0,0,2,0,0,5,2,0,0,2,0,0,0,0,0,0,0,0,0,0,0,0,0,22,8,0,1,14,1,5,0,0,0,0,0,0,0,0,0,2,0,1,0,0,0,0,17,2,2,4,7,2,1,0,1,1,2,2
5 - Καβάλας,181 E.T. Δήμου Νέστου,562,289,3,4,7,282,73,30,23,14,7,22,5,109,25,55,49,6,42,8,8,4,3,1,2,25,2,5,13,12,3,2,6,3,2,1,2,0,0,5,2,1,3,4,0,0,0,0,0,0,2,0,0,1,0,0,1,29,6,5,7,8,7,5,1,0,0,0,5,0,0,3,2,1,1,0,0,0,1,0,9,3,4,2,4,4,0,0,2,2,5,5
5 - Καβάλας,182 E.T. Δήμου Νέστου,568,313,10,1,11,302,78,37,22,14,4,21,7,108,25,36,45,7,31,17,12,6,7,4,1,33,1,8,19,16,2,3,7,3,1,1,5,2,0,3,0,2,1,1,0,0,1,0,0,0,1,1,0,0,0,0,0,30,13,2,5,14,6,0,0,0,1,0,3,1,0,2,2,2,1,2,0,0,0,0,11,5,2,4,4,5,3,2,2,1,7,4
5 - Καβάλας,183 E.T. Δήμου Νέστου,568,291,4,3,7,284,90,31,26,18,9,17,6,100,39,35,45,12,19,10,3,1,0,1,1,29,4,3,11,11,1,0,12,5,0,0,10,1,2,6,1,1,0,1,0,0,3,0,0,0,0,0,0,0,0,0,0,18,5,2,2,8,0,1,1,0,0,0,2,0,0,0,0,1,0,1,0,0,0,0,15,3,1,2,6,2,1,2,1,0,2,0
5 - Καβάλας,184 E.T. Δήμου Νέστου,570,295,2,1,3,292,74,29,20,16,6,17,3,116,21,37,61,9,46,8,13,7,3,2,3,29,2,3,14,22,1,2,10,5,2,1,7,0,0,4,0,0,2,2,0,0,1,0,0,0,0,0,0,0,0,0,0,26,8,7,4,9,3,4,0,0,0,0,0,0,0,0,0,1,0,0,1,0,0,0,12,2,3,4,4,1,0,0,0,0,5,2
5 - Καβάλας,185 E.T. Δήμου Νέστου,566,312,6,3,9,303,88,29,21,13,11,16,7,103,23,35,44,6,45,8,11,6,4,3,2,31,0,4,15,13,5,8,3,0,0,1,1,0,0,7,1,0,0,3,0,0,1,0,0,0,0,0,0,0,0,0,0,24,9,1,2,13,2,1,0,0,1,0,1,0,0,1,0,0,0,0,0,0,0,0,14,2,3,5,3,12,1,1,2,2,7,2
5 - Καβάλας,186 E.T. Δήμου Νέστου,170,78,0,0,0,78,14,6,2,3,4,0,2,42,8,15,24,1,21,0,4,2,0,1,1,3,0,2,2,0,0,1,1,1,0,0,1,0,0,0,0,0,0,0,0,0,0,0,0,0,0,0,0,0,0,0,0,10,4,2,0,7,0,0,0,0,0,0,0,0,0,0,0,1,1,0,0,0,0,0,0,0,0,0,0,0,0,0,0,0,3,3
5 - Καβάλας,187 E.T. Δήμου Νέστου,350,200,3,1,4,196,39,14,4,13,8,11,4,108,18,52,40,5,48,4,5,4,2,0,2,19,0,1,8,10,0,2,13,7,1,0,9,0,2,2,1,1,0,1,0,0,1,0,0,1,0,0,0,0,0,0,0,5,4,0,3,1,0,0,0,0,0,0,1,1,0,0,1,1,0,1,0,0,0,0,0,0,0,0,0,1,0,1,0,0,1,1
5 - Καβάλας,188 E.T. Δήμου Νέστου,377,197,1,2,3,194,69,18,8,13,9,11,3,67,18,25,22,2,19,0,3,2,1,0,1,17,0,1,7,12,0,0,13,7,1,0,10,0,2,2,1,0,1,0,0,0,0,0,0,0,0,0,0,0,0,0,0,9,1,1,1,4,0,0,1,0,1,1,0,0,0,0,0,2,1,1,0,1,0,0,8,0,1,3,1,2,0,0,0,0,0,0
5 - Καβάλας,189 E.T. Δήμου Νέστου,400,257,3,6,9,248,89,36,17,17,5,13,5,77,23,24,33,4,24,1,10,0,1,1,1,33,1,1,11,27,2,4,9,2,1,1,2,0,0,1,0,0,0,0,0,0,0,0,0,0,0,0,0,0,0,0,0,16,4,2,6,2,3,1,1,0,0,0,1,0,0,0,0,0,0,0,0,0,0,0,7,1,0,0,1,2,0,0,0,0,2,1
5 - Καβάλας,190 E.T. Δήμου Νέστου,474,311,4,0,4,307,100,31,17,30,4,19,6,110,19,31,48,7,37,9,10,2,0,1,2,39,5,4,15,31,1,0,4,2,1,0,3,0,0,0,0,0,0,0,0,0,0,0,0,0,0,0,0,0,0,0,0,29,3,2,2,10,2,5,0,0,0,0,0,0,0,0,0,2,0,0,0,0,0,0,8,1,3,4,1,4,2,0,3,1,1,0
5 - Καβάλας,191 E.T. Δήμου Νέστου,394,159,0,1,1,158,32,14,6,6,1,6,1,54,7,19,19,2,31,11,9,4,2,0,1,22,0,0,4,22,2,0,0,0,0,0,0,0,0,7,1,3,3,1,0,0,1,0,1,1,1,0,1,0,1,0,0,11,5,0,1,5,1,1,0,0,0,0,1,1,1,0,0,0,0,0,0,0,0,0,11,4,1,1,4,6,0,0,0,1,3,2
5 - Καβάλας,192 E.T. Δήμου Νέστου,364,232,0,2,2,230,33,12,8,2,2,5,2,140,16,59,54,3,76,5,2,1,0,0,1,20,1,0,10,11,0,0,4,0,0,0,1,0,0,5,1,4,1,3,0,0,1,0,0,0,0,0,0,0,0,0,0,9,4,0,0,1,1,1,0,0,0,0,1,0,0,1,0,0,0,0,0,0,0,0,4,1,1,1,0,3,1,1,2,1,8,1
5 - Καβάλας,193 E.T. Δήμου Νέστου,410,259,11,1,12,247,63,31,16,6,6,10,4,129,27,52,61,3,58,6,6,5,3,0,1,27,0,5,13,15,1,1,3,1,2,0,0,1,0,5,1,2,3,0,0,0,0,0,0,0,0,0,0,0,0,0,0,4,3,0,1,2,0,0,0,0,0,0,0,0,0,0,0,2,0,2,0,0,0,0,1,1,0,1,0,2,0,1,0,1,5,4
5 - Καβάλας,194 E.T. Δήμου Νέστου,431,222,4,1,5,217,59,27,22,5,5,11,2,91,19,38,46,8,29,3,5,2,2,1,0,27,3,9,10,11,0,1,9,2,1,1,0,3,1,1,1,0,0,1,0,0,3,0,1,1,0,0,0,0,0,0,0,13,6,2,2,5,1,0,0,0,0,0,0,0,0,0,0,0,0,0,0,0,0,0,2,0,1,0,0,2,1,0,1,0,5,3
5 - Καβάλας,195 E.T. Δήμου Νέστου,471,246,7,2,9,237,55,24,17,11,5,12,5,110,22,36,45,14,30,5,13,5,2,3,2,19,3,6,5,8,0,0,8,1,2,0,1,4,1,3,1,1,1,0,1,0,0,0,0,0,0,0,0,0,0,0,0,19,10,2,1,11,3,0,0,0,1,0,1,0,0,0,0,2,1,0,0,0,0,0,3,1,0,1,0,1,1,0,0,0,1,1
5 - Καβάλας,196 E.T. Δήμου Νέστου,335,164,1,1,2,162,36,11,8,2,2,9,2,80,40,33,22,33,28,4,3,0,0,1,1,13,1,2,3,10,2,1,2,0,0,0,1,0,0,4,3,1,0,1,0,0,1,0,1,1,0,0,0,0,0,0,0,8,4,1,3,0,2,1,0,0,0,0,2,2,1,0,0,2,2,1,0,1,0,0,6,1,2,5,0,0,0,0,0,0,5,3
5 - Καβάλας,197 E.T. Δήμου Νέστου,393,183,2,3,5,178,50,10,20,16,3,13,1,71,28,33,17,4,23,6,2,0,0,0,0,32,0,1,10,20,5,3,5,1,1,0,5,0,0,5,2,2,0,2,0,0,0,0,0,0,1,0,0,0,0,0,0,8,5,0,2,1,1,0,0,0,0,0,1,0,0,0,0,0,0,0,0,0,0,0,1,0,1,0,0,1,0,0,0,1,1,1
5 - Καβάλας,198 E.T. Δήμου Νέστου,371,165,0,2,2,163,35,9,6,4,0,10,3,81,21,29,36,15,15,5,5,2,1,0,2,12,0,0,11,8,1,0,6,0,0,0,2,0,1,2,0,1,1,0,0,0,2,0,0,1,0,0,0,0,0,0,0,7,1,2,3,0,3,1,0,0,1,0,1,0,0,0,0,0,0,0,0,0,0,0,9,1,0,2,0,2,0,0,0,0,0,0
5 - Καβάλας,199 E.T. Δήμου Νέστου,585,330,8,4,12,318,64,39,8,2,7,15,2,143,55,44,70,6,41,9,8,3,2,1,2,75,1,6,7,71,4,1,5,0,1,0,1,0,0,2,1,1,0,1,0,0,0,0,0,0,0,0,0,0,0,0,0,9,1,1,1,2,1,1,0,0,0,0,0,0,0,0,0,1,0,0,0,0,1,0,8,1,4,2,4,0,0,0,0,0,3,2
5 - Καβάλας,200 E.T. Δήμου Νέστου,573,292,4,2,6,286,57,26,9,5,3,13,0,130,31,44,59,6,51,4,3,2,0,2,0,50,0,2,8,44,2,0,6,1,0,1,5,1,2,2,0,0,0,0,0,0,1,0,0,0,0,0,0,0,0,0,0,17,5,1,1,7,2,0,0,0,0,0,5,1,1,1,0,0,0,0,0,0,0,0,8,1,3,2,0,3,0,0,0,0,4,1
5 - Καβάλας,201 E.T. Δήμου Νέστου,380,213,0,2,2,211,48,17,11,7,1,8,6,97,17,28,29,16,35,7,3,2,0,1,0,26,12,3,6,14,1,1,0,0,0,0,0,0,0,3,2,1,0,1,0,0,1,0,0,0,2,0,0,0,0,2,0,16,7,1,1,9,0,0,0,0,1,0,1,0,0,0,0,2,0,1,0,0,0,0,10,2,1,4,1,0,0,0,0,0,1,1
5 - Καβάλας,202 E.T. Δήμου Νέστου,386,186,0,1,1,185,54,30,14,8,3,6,5,73,9,29,26,5,35,9,4,1,0,0,0,27,10,0,11,24,0,0,2,0,0,0,0,0,0,1,0,0,0,0,0,0,0,0,0,0,0,0,0,0,0,0,0,20,5,0,1,12,1,2,0,0,0,0,0,0,0,0,0,0,0,0,0,0,0,0,2,0,0,1,0,0,0,0,0,0,2,1
5 - Καβάλας,203 E.T. Δήμου Νέστου,329,171,0,3,3,168,25,18,2,15,1,2,2,109,30,37,49,3,30,4,7,3,2,0,0,13,1,4,5,5,2,0,3,0,1,0,1,1,2,0,0,0,0,0,0,0,0,0,0,0,0,0,0,0,0,0,0,8,5,1,1,0,1,0,0,0,0,0,0,0,0,0,0,0,0,0,0,0,0,0,2,0,1,0,0,0,0,0,0,0,1,0
5 - Καβάλας,204 E.T. Δήμου Νέστου,343,143,3,1,4,139,35,11,4,7,4,12,1,68,16,30,38,4,6,1,4,1,1,3,2,20,0,6,9,10,1,2,2,0,1,0,1,0,0,2,1,0,0,1,0,0,0,0,0,0,1,0,0,0,1,0,1,5,3,1,1,1,1,1,0,0,0,0,1,0,0,0,0,0,0,0,0,0,0,0,1,0,0,0,0,0,0,0,0,0,0,0
5 - Καβάλας,205 E.T. Δήμου Νέστου,603,358,5,1,6,352,95,38,20,10,6,13,9,179,29,49,65,18,76,31,12,6,2,3,2,21,0,3,14,7,0,2,4,1,1,0,2,2,0,4,0,1,1,1,1,0,0,0,0,0,0,0,0,0,0,0,0,17,8,2,1,4,0,1,0,0,1,1,3,1,0,1,0,2,0,1,0,0,0,0,5,0,2,1,2,1,0,0,0,0,7,5
5 - Καβάλας,206 E.T. Δήμου Νέστου,598,332,5,3,8,324,81,34,14,10,8,10,4,147,25,54,43,14,61,19,14,11,4,1,2,24,0,1,15,10,3,4,4,0,0,0,1,2,0,4,2,1,2,1,0,0,0,0,0,0,0,0,0,0,0,0,0,33,17,9,2,5,1,0,1,0,1,0,2,1,0,0,1,2,0,2,0,0,0,0,6,1,1,1,0,1,1,1,0,0,4,1
5 - Καβάλας,207 E.T. Δήμου Νέστου,610,322,8,5,13,309,105,50,14,19,7,8,3,135,18,38,51,14,55,15,7,2,0,1,2,26,1,1,11,17,0,0,1,0,0,0,0,0,0,3,1,0,2,0,0,0,1,1,0,0,1,1,0,0,0,0,1,13,4,2,4,3,3,0,0,0,0,0,0,0,0,0,0,1,0,1,0,0,0,0,10,2,3,2,3,1,0,0,0,0,5,3
5 - Καβάλας,208 E.T. Δήμου Παγγαίου,569,321,6,0,6,315,74,27,28,7,15,6,4,159,14,13,58,4,79,13,9,3,1,2,1,31,1,8,27,1,2,1,11,8,3,4,1,1,1,4,3,0,0,2,0,0,0,0,0,0,1,0,0,0,0,0,1,11,1,4,2,2,0,1,0,0,0,0,5,0,0,3,2,2,1,0,1,0,0,0,4,1,0,0,1,0,0,0,0,0,4,1
5 - Καβάλας,209 E.T. Δήμου Παγγαίου,584,351,3,2,5,346,70,31,23,14,21,14,6,185,20,86,65,5,92,8,9,5,4,2,3,24,1,4,20,0,3,1,7,2,4,0,1,3,2,5,2,1,0,1,0,0,1,0,1,1,1,0,0,0,1,0,1,22,8,16,3,3,3,0,0,0,0,0,2,2,0,2,0,1,1,0,0,0,0,0,11,2,4,0,4,3,1,0,1,0,5,2
5 - Καβάλας,210 E.T. Δήμου Παγγαίου,573,319,5,2,7,312,79,23,24,16,21,11,4,153,25,68,35,5,79,14,8,3,2,0,0,27,1,2,25,0,2,5,6,1,0,0,0,1,0,3,1,1,2,1,0,0,0,0,0,0,0,0,0,0,0,0,0,20,3,12,1,5,0,1,1,0,0,0,0,0,0,0,0,1,0,0,0,0,1,0,7,1,3,1,2,3,1,1,0,0,4,0
5 - Καβάλας,211 E.T. Δήμου Παγγαίου,580,292,6,3,9,283,82,29,22,20,14,13,5,125,10,54,50,3,54,10,8,2,2,1,0,21,1,3,18,0,2,1,9,2,1,2,1,0,1,8,3,1,1,0,1,0,0,0,0,0,2,0,0,1,0,0,1,13,0,9,2,1,0,2,0,0,0,0,7,2,1,5,3,0,0,0,0,0,0,0,2,1,0,1,0,1,0,0,0,0,4,3
5 - Καβάλας,212 E.T. Δήμου Παγγαίου,594,304,2,2,4,300,80,25,26,16,11,12,6,129,15,58,33,4,74,7,17,7,1,3,0,14,0,2,13,0,0,0,7,0,2,0,0,1,0,5,2,2,2,1,0,0,1,0,0,0,1,0,0,0,0,0,0,16,5,6,2,0,0,1,0,0,0,0,0,0,0,0,0,1,0,0,0,0,0,0,10,0,1,3,1,3,1,0,0,0,16,8
5 - Καβάλας,213 E.T. Δήμου Παγγαίου,586,322,2,0,2,320,94,19,31,23,16,12,8,120,12,57,46,3,54,15,16,9,4,3,1,32,2,11,24,0,2,2,5,1,1,1,1,0,0,13,5,4,3,5,0,0,1,0,0,0,1,0,0,0,1,0,1,20,6,10,2,2,1,3,0,0,0,0,1,1,0,0,1,0,0,0,0,0,0,0,7,2,0,3,4,5,2,1,1,0,5,2
5 - Καβάλας,214 E.T. Δήμου Παγγαίου,601,298,3,5,8,290,84,24,26,20,24,7,9,133,20,60,49,6,56,11,9,5,0,5,3,22,4,3,17,0,3,6,3,2,2,0,1,0,0,11,3,1,2,2,0,0,1,0,1,0,1,0,1,0,0,0,1,11,1,8,0,2,0,0,1,0,0,0,1,0,0,0,0,1,0,0,1,0,0,0,8,1,3,2,3,0,0,0,0,0,4,3
5 - Καβάλας,215 E.T. Δήμου Παγγαίου,561,287,3,4,7,280,74,21,20,15,20,9,3,126,15,40,55,5,40,16,19,7,6,5,4,8,1,0,6,0,1,0,3,1,0,0,0,0,0,6,1,3,0,0,0,0,0,0,0,0,0,0,0,0,0,0,0,19,7,8,3,2,1,0,0,0,0,0,4,1,0,2,2,3,0,1,0,1,1,0,6,4,1,0,3,7,0,3,1,2,5,0
5 - Καβάλας,216 E.T. Δήμου Παγγαίου,580,325,2,1,3,322,96,37,27,15,20,12,5,143,21,62,44,9,66,12,7,4,3,3,1,29,1,9,20,4,2,3,7,0,1,0,2,1,1,2,0,1,0,0,0,0,0,0,0,0,14,0,0,0,0,0,0,0,0,0,0,0,0,0,1,0,4,0,6,0,0,0,0,2,2,0,0,0,0,0,11,1,0,2,2,0,0,0,0,0,0,0
5 - Καβάλας,217 E.T. Δήμου Παγγαίου,578,307,4,0,4,303,85,27,20,17,23,15,4,133,17,50,51,4,52,14,16,6,4,5,3,22,5,4,12,1,3,4,2,1,1,0,0,0,0,3,1,0,1,1,0,0,0,0,0,0,7,0,0,0,0,0,0,19,6,4,2,7,3,0,0,0,0,0,1,1,0,0,1,1,1,0,0,0,0,0,6,2,1,2,3,2,0,1,1,0,6,6
5 - Καβάλας,218 E.T. Δήμου Παγγαίου,574,298,9,6,15,283,69,31,13,3,9,4,12,121,25,45,51,14,26,16,7,0,3,2,0,21,2,2,10,3,5,1,11,1,3,0,2,4,0,4,0,0,0,1,1,1,1,0,0,0,2,2,0,0,0,2,0,17,6,1,4,1,2,0,0,0,1,1,0,0,0,0,0,0,0,0,0,0,0,0,6,0,2,1,2,5,1,0,2,0,17,8
5 - Καβάλας,219 E.T. Δήμου Παγγαίου,583,317,3,4,7,310,85,36,25,16,12,15,10,122,28,40,38,11,42,22,8,2,0,3,1,34,0,3,33,8,3,2,10,0,1,0,1,4,0,4,2,1,2,0,0,0,1,0,0,0,0,0,0,0,0,0,0,19,8,2,3,3,1,0,0,0,0,0,4,0,0,1,2,1,1,1,0,0,0,0,11,1,3,1,5,2,0,0,1,1,9,5
5 - Καβάλας,220 E.T. Δήμου Παγγαίου,582,313,2,3,5,308,84,23,18,11,32,10,3,132,25,54,36,9,66,12,9,3,2,1,2,32,0,2,25,0,11,3,9,2,2,0,1,0,0,5,0,1,1,2,3,0,0,0,0,0,0,0,0,0,0,0,0,19,1,16,2,3,0,0,0,0,0,0,1,0,0,0,0,0,0,0,0,0,0,0,5,2,0,1,1,7,0,0,0,0,2,1
5 - Καβάλας,221 E.T. Δήμου Παγγαίου,575,330,3,2,5,325,97,12,19,8,41,8,6,149,22,75,51,11,51,13,11,4,1,0,1,29,0,4,24,0,3,6,4,0,4,0,0,2,0,2,0,0,1,1,0,0,0,0,0,0,0,0,0,0,0,0,0,17,1,10,1,5,1,0,0,0,0,0,1,0,0,0,0,0,0,0,0,0,0,0,5,0,1,2,2,5,0,2,1,0,5,4
5 - Καβάλας,222 E.T. Δήμου Παγγαίου,570,261,5,4,9,252,51,14,20,16,4,7,2,140,18,69,46,13,49,13,10,6,2,4,0,21,0,0,18,3,4,2,4,3,0,1,0,0,1,2,0,0,0,0,0,0,1,0,1,1,5,2,0,0,4,1,3,13,4,7,2,5,1,0,0,0,0,0,1,0,1,0,0,0,0,0,0,0,0,0,2,0,0,0,0,0,0,0,0,0,2,1
5 - Καβάλας,223 E.T. Δήμου Παγγαίου,487,266,5,1,6,260,78,39,25,16,10,12,3,100,23,34,28,5,32,17,9,5,3,6,1,29,0,3,16,10,1,2,5,1,1,0,1,2,0,6,2,0,1,2,0,0,0,0,0,0,1,0,0,0,1,0,1,9,3,7,2,3,1,0,0,0,0,0,2,0,2,1,1,2,1,0,1,0,0,0,9,3,6,1,4,2,0,0,0,0,8,5
5 - Καβάλας,224 E.T. Δήμου Παγγαίου,471,260,3,4,7,253,71,37,15,25,8,7,0,101,6,34,23,3,42,15,13,2,3,2,3,29,3,6,19,9,2,2,11,2,3,0,1,6,0,3,0,1,0,1,0,0,2,0,0,0,2,0,2,0,1,0,0,13,3,4,3,1,3,0,0,0,0,0,0,0,0,0,0,0,0,0,0,0,0,0,2,0,1,1,1,2,0,1,1,0,4,2
5 - Καβάλας,225 E.T. Δήμου Παγγαίου,487,247,5,1,6,241,63,33,12,22,6,15,3,89,15,38,30,3,33,11,13,3,5,3,4,28,1,2,17,10,5,4,8,0,2,3,1,3,1,5,0,0,1,1,0,0,0,0,0,0,2,0,1,0,2,0,1,10,2,4,1,4,0,1,1,1,0,0,1,0,0,0,1,0,0,0,0,0,0,0,6,3,3,0,2,2,0,0,0,0,13,7
5 - Καβάλας,226 E.T. Δήμου Παγγαίου,494,242,1,0,1,241,53,18,8,21,4,7,7,89,21,31,36,9,32,13,13,5,5,1,1,41,5,5,25,10,7,2,4,1,1,1,2,0,1,4,0,1,1,0,0,0,2,2,0,1,4,0,3,0,4,0,1,13,3,2,5,3,5,0,0,0,0,0,3,1,0,1,1,2,2,0,0,0,1,0,5,1,4,1,2,4,0,1,0,0,4,0
5 - Καβάλας,227 E.T. Δήμου Παγγαίου,552,295,2,3,5,290,45,14,13,5,5,7,9,141,37,43,45,9,73,4,16,2,8,4,4,29,2,4,21,3,6,1,3,0,1,0,1,2,0,2,0,1,0,1,0,0,0,0,0,0,1,1,0,1,0,0,0,29,4,19,6,8,2,0,0,0,0,0,1,1,0,1,0,1,1,0,0,0,0,0,12,2,3,4,5,1,1,0,1,0,9,8
5 - Καβάλας,228 E.T. Δήμου Παγγαίου,488,315,3,4,7,308,79,27,46,19,2,6,2,144,30,32,72,12,66,10,13,6,2,0,2,21,0,6,8,4,1,4,11,1,4,1,2,4,1,5,1,2,2,0,0,0,0,0,0,0,0,0,0,0,0,0,0,15,6,0,2,8,2,1,1,0,0,0,1,0,0,0,0,1,0,0,0,1,0,0,9,0,4,2,3,1,0,0,0,0,7,2
5 - Καβάλας,229 E.T. Δήμου Παγγαίου,482,315,6,2,8,307,70,28,28,9,2,8,5,161,36,40,59,15,82,12,19,10,4,1,0,10,0,2,7,0,1,0,8,2,1,0,0,0,0,3,1,1,2,0,0,0,0,0,0,0,0,0,0,0,0,0,0,19,7,3,3,6,2,0,0,0,0,0,3,0,0,0,3,3,1,0,0,0,2,1,3,1,0,1,1,5,0,0,1,1,3,0
5 - Καβάλας,230 E.T. Δήμου Παγγαίου,483,299,6,2,8,291,68,18,30,10,8,8,1,132,30,27,59,13,55,14,10,4,3,0,0,19,0,6,12,3,2,2,7,0,0,2,1,1,0,6,2,1,0,1,0,0,1,1,1,0,0,0,0,0,0,0,0,23,5,1,4,8,5,5,0,0,0,0,1,0,0,0,0,2,1,1,0,0,0,0,15,5,2,2,0,5,1,1,2,0,2,1
5 - Καβάλας,231 E.T. Δήμου Παγγαίου,480,293,5,2,7,286,67,17,40,5,3,4,2,127,24,35,59,5,49,3,16,5,4,6,5,20,3,3,16,0,2,4,18,1,9,1,0,13,2,3,1,1,2,0,0,0,0,0,0,0,0,0,0,0,0,0,0,16,4,5,6,3,1,1,0,0,0,0,0,0,0,0,0,0,0,0,0,0,0,0,10,2,4,2,5,3,0,0,1,2,6,3
5 - Καβάλας,232 E.T. Δήμου Παγγαίου,497,298,4,3,7,291,78,26,41,8,3,9,4,142,25,50,56,10,54,9,10,2,2,0,0,17,0,5,12,1,3,2,4,1,1,1,0,0,0,5,0,0,0,0,0,0,1,0,0,0,3,1,0,1,1,0,1,14,3,2,2,4,1,1,0,0,1,1,0,0,0,0,0,1,0,0,0,0,0,0,8,2,2,0,0,2,1,0,0,0,5,3
5 - Καβάλας,233 E.T. Δήμου Παγγαίου,470,291,1,2,3,288,71,30,23,10,8,15,2,126,12,35,67,9,68,19,4,0,0,0,0,18,1,2,13,3,3,2,5,0,2,3,3,1,0,4,1,0,0,4,0,0,0,0,0,0,1,0,1,0,0,0,1,30,10,7,2,10,6,2,0,0,0,0,4,2,2,2,2,2,0,0,0,1,1,0,10,1,2,2,3,5,2,1,1,1,8,4
5 - Καβάλας,234 E.T. Δήμου Παγγαίου,402,252,0,2,2,250,52,24,10,11,11,12,2,129,23,31,41,4,84,7,6,3,3,2,0,30,0,2,24,3,3,4,4,2,1,1,0,0,1,4,2,0,0,2,0,0,0,0,0,0,3,0,0,0,3,0,3,8,3,1,1,4,1,0,0,0,0,0,0,0,0,0,0,1,1,0,0,0,0,0,6,2,1,3,1,4,0,2,1,0,3,0
5 - Καβάλας,235 E.T. Δήμου Παγγαίου,401,259,4,0,4,255,62,34,17,5,8,12,2,115,7,27,61,9,65,7,9,5,2,3,3,29,2,6,19,4,4,2,6,0,2,1,0,2,0,4,0,1,0,2,0,0,0,0,0,0,0,0,0,0,0,0,0,11,4,2,1,2,0,0,0,0,0,0,4,1,0,1,2,2,1,0,0,0,1,0,4,1,3,2,1,4,0,3,1,0,5,3
5 - Καβάλας,236 E.T. Δήμου Παγγαίου,431,304,0,1,1,303,68,39,26,11,4,13,4,142,25,40,53,5,91,4,8,4,5,0,0,48,3,7,32,5,10,2,2,1,1,0,0,0,1,8,2,2,4,2,0,0,1,0,0,0,0,0,0,0,0,0,0,14,7,3,1,4,0,0,0,0,0,0,0,0,0,0,0,1,1,0,0,0,0,0,4,2,0,0,2,3,0,3,0,0,4,3
5 - Καβάλας,237 E.T. Δήμου Παγγαίου,451,275,1,2,3,272,71,18,27,10,5,6,4,125,15,18,49,10,74,14,7,3,2,0,2,18,0,2,12,1,2,1,7,0,0,2,1,1,2,5,0,0,0,0,0,0,0,0,0,0,1,0,0,0,0,0,0,23,9,4,2,9,4,1,0,0,0,0,1,0,0,0,0,1,0,0,0,0,1,0,6,1,0,0,0,3,1,0,0,0,4,2
5 - Καβάλας,238 E.T. Δήμου Παγγαίου,467,272,3,0,3,269,58,14,27,5,3,6,9,117,21,19,49,9,61,6,13,7,3,1,1,18,1,6,11,0,4,0,14,1,3,0,0,1,3,4,1,2,0,2,1,0,1,0,0,0,5,3,0,2,2,0,3,21,3,6,2,8,0,1,0,0,0,0,2,0,0,1,0,3,2,0,0,0,2,0,3,0,2,1,2,3,0,1,0,1,6,1
5 - Καβάλας,239 E.T. Δήμου Παγγαίου,475,244,2,3,5,239,39,14,13,7,1,6,4,119,15,20,47,12,72,7,9,6,6,1,1,29,0,4,21,3,3,5,3,1,1,0,2,0,0,1,1,0,0,1,0,0,0,0,0,0,4,2,0,0,2,0,3,16,5,1,1,11,1,2,1,0,0,0,1,0,0,0,0,9,3,1,0,0,9,0,4,1,1,0,1,3,2,1,0,1,1,0
5 - Καβάλας,240 E.T. Δήμου Παγγαίου,460,317,6,1,7,310,52,14,12,14,3,7,3,190,19,32,87,34,87,24,8,2,0,0,0,15,0,4,11,1,2,2,9,0,1,0,0,4,1,5,2,0,0,1,0,0,0,0,0,0,1,0,0,0,1,0,1,19,6,4,2,5,0,1,0,0,0,0,0,0,0,0,0,0,0,0,0,0,0,0,6,0,1,0,1,3,0,1,0,1,2,2
5 - Καβάλας,241 E.T. Δήμου Παγγαίου,502,304,10,1,11,293,63,26,15,13,4,19,3,137,31,49,63,9,38,23,10,3,5,3,1,16,0,4,11,1,3,7,10,1,3,2,1,1,0,4,1,1,1,2,0,0,0,0,0,0,1,0,0,0,1,0,1,26,10,5,5,8,3,2,0,0,0,0,10,1,10,7,0,4,2,0,0,1,0,0,7,1,1,1,1,3,0,0,0,1,2,0
5 - Καβάλας,242 E.T. Δήμου Παγγαίου,527,355,5,4,9,346,73,41,19,14,4,19,4,159,37,52,68,18,52,26,8,2,2,1,0,30,1,12,18,3,4,6,7,0,3,1,1,3,0,7,0,2,1,2,0,0,0,0,0,0,0,0,0,0,0,0,0,26,10,9,3,9,4,1,0,0,0,0,6,0,4,5,0,2,1,0,0,0,0,1,11,9,5,4,3,2,0,0,0,1,15,8
5 - Καβάλας,243 E.T. Δήμου Παγγαίου,611,382,1,3,4,378,46,14,13,8,8,7,2,209,28,81,87,10,134,17,25,11,9,4,2,24,1,3,11,1,4,3,1,0,0,0,0,0,0,10,0,0,1,2,0,0,0,0,0,0,1,0,0,0,1,0,0,41,14,12,5,18,4,4,0,0,0,0,4,1,1,1,0,1,0,0,0,0,0,1,6,1,1,1,0,3,0,1,0,1,7,3
5 - Καβάλας,244 E.T. Δήμου Παγγαίου,451,279,1,0,1,278,43,19,6,6,8,6,3,143,22,56,48,3,60,21,12,6,1,0,0,31,4,5,22,3,8,6,14,0,0,0,0,9,0,1,0,0,0,1,0,0,0,0,0,0,6,2,1,0,0,0,0,13,1,3,0,2,2,5,0,0,0,0,2,1,0,0,0,1,1,0,0,0,0,0,5,0,2,2,1,2,1,0,0,0,5,4
5 - Καβάλας,245 E.T. Δήμου Παγγαίου,430,272,1,2,3,269,35,16,12,2,9,7,4,160,26,65,57,8,88,16,10,4,3,2,0,17,1,1,14,1,3,2,12,0,2,0,0,11,1,4,1,0,0,3,0,0,0,0,0,0,0,0,0,0,0,0,0,13,5,5,1,1,1,0,0,0,0,0,1,1,0,0,0,0,0,0,0,0,0,0,14,3,0,1,4,0,0,0,0,0,3,2
5 - Καβάλας,246 E.T. Δήμου Παγγαίου,543,334,5,2,7,327,67,24,15,8,4,13,10,136,16,44,73,8,45,15,11,6,2,0,3,20,2,2,16,2,7,2,6,3,1,0,0,3,3,8,2,1,1,6,0,0,0,0,0,0,0,0,0,0,0,0,0,60,5,2,1,2,2,53,0,0,0,0,5,0,1,1,0,0,0,0,0,0,0,0,8,0,1,1,2,0,0,0,0,0,6,1
5 - Καβάλας,247 E.T. Δήμου Παγγαίου,454,287,3,0,3,284,36,7,6,5,5,4,0,179,27,63,83,7,69,29,8,4,1,1,2,26,0,3,17,3,9,1,2,0,0,0,0,1,1,6,1,1,2,1,0,0,2,1,0,0,0,0,0,0,0,0,0,9,1,2,0,2,0,3,0,0,0,0,0,0,0,0,0,2,0,0,1,0,2,0,6,1,2,0,0,1,0,0,0,0,7,5
5 - Καβάλας,248 E.T. Δήμου Παγγαίου,383,247,5,0,5,242,44,21,11,8,5,11,2,107,15,47,42,6,33,9,12,10,1,2,1,38,0,0,16,1,19,0,5,1,1,0,1,1,0,7,1,1,1,4,0,0,0,0,0,0,1,0,0,0,0,0,0,15,3,3,2,1,0,6,0,0,0,0,0,0,0,0,0,1,0,0,1,1,0,0,9,0,3,3,3,2,0,2,2,0,1,0
5 - Καβάλας,249 E.T. Δήμου Παγγαίου,506,283,4,2,6,277,34,15,11,10,5,4,2,140,24,63,56,4,63,17,13,10,3,0,0,55,1,8,49,2,19,13,7,3,1,0,0,3,0,5,0,2,1,2,0,0,0,0,0,0,4,0,0,0,3,0,3,3,3,0,1,0,0,0,0,0,0,0,0,0,0,0,0,0,0,0,0,0,0,0,14,0,2,5,7,0,0,0,0,0,2,1
5 - Καβάλας,250 E.T. Δήμου Παγγαίου,432,248,4,1,5,243,32,16,7,6,4,4,0,120,25,64,43,9,34,26,9,6,1,4,2,37,1,8,27,6,16,4,6,0,2,0,2,1,1,7,2,5,3,2,0,0,0,0,0,0,4,0,0,0,3,0,4,5,1,3,0,0,1,1,2,0,0,0,1,0,0,0,1,0,0,0,0,0,0,0,10,1,4,2,3,2,0,2,2,0,8,3
5 - Καβάλας,251 E.T. Δήμου Παγγαίου,409,231,2,0,2,229,38,11,7,8,5,6,5,114,10,49,32,9,48,10,13,9,2,2,0,21,0,4,14,2,2,4,2,0,0,0,0,1,0,2,0,1,0,1,0,0,0,0,0,0,1,0,0,0,0,0,0,27,2,3,1,4,1,26,0,0,0,0,1,0,0,0,0,0,0,0,0,0,0,0,5,1,0,1,0,0,0,0,0,0,5,4
5 - Καβάλας,252 E.T. Δήμου Παγγαίου,401,240,4,5,9,231,68,24,20,17,5,16,19,85,25,26,35,2,33,11,4,2,0,2,1,27,0,6,24,2,6,3,0,0,0,0,0,0,0,6,1,3,2,2,0,0,0,0,0,0,0,0,0,0,0,0,0,28,5,5,1,1,2,20,0,0,0,0,0,0,0,0,0,0,0,0,0,0,0,0,6,0,1,1,1,3,1,1,0,0,4,1
5 - Καβάλας,253 E.T. Δήμου Παγγαίου,424,235,1,1,2,233,31,12,6,3,2,8,5,116,26,37,39,4,52,16,6,3,1,1,0,40,0,12,25,4,18,3,3,0,0,0,0,0,0,2,1,0,1,0,0,0,2,1,0,1,0,0,0,0,0,0,0,25,9,2,5,2,5,11,0,0,0,0,2,1,0,0,0,1,0,0,1,0,1,0,3,0,0,0,0,1,0,0,0,0,1,1
5 - Καβάλας,254 E.T. Δήμου Παγγαίου,364,244,2,0,2,242,45,14,10,3,2,3,9,115,11,36,46,13,66,10,4,1,1,0,0,11,0,2,6,2,5,2,41,2,13,0,0,34,1,1,0,0,0,1,0,0,1,1,0,0,0,0,0,0,0,0,0,8,4,1,1,0,2,3,0,0,1,0,2,0,0,0,0,0,0,0,0,0,0,0,8,0,1,1,0,3,0,0,0,1,2,1
5 - Καβάλας,255 E.T. Δήμου Παγγαίου,420,239,2,0,2,237,42,18,22,3,3,7,3,109,24,45,42,11,46,11,6,2,2,1,0,21,1,3,12,3,4,3,40,0,20,0,5,32,3,1,0,0,0,1,0,0,1,0,0,0,1,0,0,0,0,0,0,8,0,1,0,0,0,4,0,0,0,0,0,0,0,0,0,1,1,0,0,0,0,1,5,0,1,1,0,0,0,0,0,0,2,2
5 - Καβάλας,256 E.T. Δήμου Παγγαίου,354,200,1,0,1,199,20,3,6,3,2,2,2,133,18,56,54,2,73,6,18,15,0,1,0,10,0,5,3,1,1,2,0,0,0,0,0,0,0,5,1,0,2,2,0,0,0,0,0,0,0,0,0,0,0,0,0,9,4,2,1,1,0,2,0,0,0,0,0,0,0,0,0,1,0,0,0,0,0,0,3,0,0,0,0,0,0,0,0,0,0,0
5 - Καβάλας,257 E.T. Δήμου Παγγαίου,587,286,9,1,10,276,43,5,10,3,28,4,2,152,46,29,61,12,60,13,15,5,3,4,2,32,1,4,21,1,5,5,5,2,2,2,0,2,0,6,1,0,0,1,0,0,0,0,0,0,1,0,0,0,0,1,1,10,3,6,0,3,0,0,0,0,0,0,3,0,0,3,1,1,0,0,1,0,0,0,3,0,1,1,1,1,0,0,0,0,4,1
5 - Καβάλας,258 E.T. Δήμου Παγγαίου,567,298,1,1,2,296,31,6,5,3,21,2,0,191,49,37,84,23,67,26,16,5,3,5,2,16,1,1,12,0,2,2,1,0,1,0,0,0,1,5,1,0,3,0,0,0,1,0,0,0,0,0,0,0,0,0,0,21,8,5,3,4,2,1,0,0,0,0,2,1,0,0,1,1,0,0,1,1,0,0,6,1,1,1,1,2,0,0,0,0,3,1
5 - Καβάλας,259 E.T. Δήμου Παγγαίου,569,263,4,3,7,256,34,9,10,0,21,3,0,159,73,34,66,12,58,18,11,0,4,3,4,13,2,3,10,0,3,0,3,0,0,0,0,1,0,4,1,1,2,0,0,0,1,0,0,0,0,0,0,0,0,0,0,20,4,8,5,1,3,1,0,0,0,0,0,0,0,0,0,0,0,0,0,0,0,0,9,1,2,1,3,0,0,0,0,0,2,2
5 - Καβάλας,260 E.T. Δήμου Παγγαίου,568,286,6,4,10,276,54,7,7,3,32,5,1,155,44,43,57,14,49,19,14,3,5,3,3,15,0,2,12,0,6,2,3,2,0,0,0,0,0,4,1,0,1,0,0,0,0,0,0,0,0,0,0,0,0,0,0,16,4,3,1,0,0,1,0,0,0,0,1,1,1,0,0,1,0,0,0,1,0,0,9,1,3,1,1,2,1,0,1,1,2,0
5 - Καβάλας,261 E.T. Δήμου Παγγαίου,563,296,1,0,1,295,37,6,6,6,21,4,6,190,61,66,79,17,75,26,14,9,5,2,1,18,0,3,15,2,1,2,4,2,0,1,0,0,0,1,0,1,1,0,0,0,0,0,0,0,0,0,0,0,0,0,0,12,5,6,1,2,4,0,0,0,0,0,2,0,0,1,1,2,0,0,0,0,0,0,6,2,2,2,2,3,1,1,0,0,6,4
5 - Καβάλας,262 E.T. Δήμου Παγγαίου,423,208,6,3,9,199,34,9,3,0,27,2,3,112,15,27,37,5,56,9,7,2,4,4,2,22,0,2,17,1,5,2,1,0,0,0,0,0,0,3,1,0,0,2,0,0,1,0,0,0,2,0,1,0,1,0,1,4,0,1,0,0,0,1,0,0,0,0,1,0,0,0,0,0,0,0,0,0,0,0,6,3,1,2,1,3,0,0,0,1,3,2
5 - Καβάλας,263 E.T. Δήμου Παγγαίου,409,175,1,1,2,173,35,3,2,3,29,0,2,84,11,12,17,1,49,9,10,2,2,1,1,21,1,3,18,0,0,0,2,0,1,1,0,1,0,3,0,0,1,0,0,0,0,0,0,0,0,0,0,0,0,0,0,10,1,7,1,0,1,0,0,0,0,0,1,0,0,0,1,0,0,0,0,0,0,0,3,0,0,0,0,1,1,0,1,0,3,0
5 - Καβάλας,264 E.T. Δήμου Παγγαίου,409,177,4,2,6,171,37,9,5,6,27,1,0,82,8,22,34,5,41,7,9,7,5,2,0,19,0,2,11,11,5,0,2,0,0,0,0,1,0,2,1,1,1,0,0,0,0,0,0,0,0,0,0,0,0,0,0,17,3,8,6,0,1,1,0,0,0,0,0,0,0,0,0,1,0,1,0,0,1,0,1,0,0,0,0,0,0,0,0,0,1,0
5 - Καβάλας,265 E.T. Δήμου Παγγαίου,513,244,0,3,3,241,47,5,28,1,25,7,0,109,10,27,37,6,59,12,3,0,0,1,0,22,1,1,14,4,2,2,6,0,3,1,2,1,1,4,2,1,0,0,0,0,2,1,1,1,6,0,1,0,2,0,3,26,0,23,2,3,0,1,2,0,0,0,0,0,0,0,0,1,0,0,0,0,0,0,10,1,2,2,1,1,0,0,0,0,2,0
5 - Καβάλας,266 E.T. Δήμου Παγγαίου,508,259,3,0,3,256,75,17,43,4,28,9,3,121,22,34,38,10,63,18,1,0,0,0,0,13,2,3,6,0,2,2,5,1,1,1,0,0,1,0,0,0,0,0,0,0,0,0,0,0,2,0,0,0,0,0,0,24,2,19,0,2,0,0,0,0,0,0,0,0,0,0,0,1,0,0,0,0,0,0,9,0,2,1,1,4,0,0,0,1,1,0
5 - Καβάλας,267 E.T. Δήμου Παγγαίου,512,261,1,3,4,257,40,16,17,2,13,7,3,153,22,33,71,19,58,29,3,1,1,0,0,11,3,0,6,3,3,1,1,1,0,0,0,1,0,4,0,0,1,0,0,0,1,1,0,0,7,1,1,0,5,1,6,20,3,13,1,1,1,0,0,0,0,0,3,0,0,0,0,0,0,0,0,0,0,0,7,1,0,3,1,4,1,0,1,1,3,1
5 - Καβάλας,268 E.T. Δήμου Παγγαίου,503,277,3,1,4,273,44,9,25,8,14,3,4,146,20,52,48,24,65,13,14,10,6,1,2,19,1,1,14,1,2,2,5,3,1,0,0,2,0,4,1,1,2,1,0,0,0,0,0,0,1,0,0,0,0,1,1,31,3,27,1,2,2,0,0,0,0,0,0,0,0,0,0,1,0,0,0,0,0,0,2,0,1,0,1,3,1,0,1,1,3,2
5 - Καβάλας,269 E.T. Δήμου Παγγαίου,474,253,1,2,3,250,69,30,10,21,4,8,2,98,16,24,29,1,75,48,12,3,1,3,2,26,1,5,15,3,6,2,7,2,3,0,0,4,0,7,2,0,3,3,0,0,1,0,0,0,0,0,0,0,0,0,0,9,0,7,2,2,0,0,0,0,1,0,2,1,0,0,0,3,2,0,0,1,0,1,9,1,0,5,4,2,1,0,1,0,4,2
5 - Καβάλας,270 E.T. Δήμου Παγγαίου,556,283,6,4,10,273,86,41,17,17,12,11,5,82,16,31,19,6,38,24,9,3,2,2,4,40,0,9,25,3,16,4,12,3,3,4,1,5,2,6,3,1,3,2,0,0,2,0,1,1,1,0,0,0,1,0,1,11,0,9,0,2,0,2,1,1,0,0,1,0,0,0,1,3,2,0,0,0,0,0,14,5,3,3,2,0,0,0,0,0,5,1
5 - Καβάλας,271 E.T. Δήμου Παγγαίου,480,287,6,2,8,279,65,25,20,12,17,11,7,88,35,34,33,7,25,11,10,2,4,1,2,25,2,0,22,3,10,1,2,0,1,0,0,1,0,5,2,5,3,0,0,0,0,0,0,0,0,0,0,0,0,0,0,74,1,71,3,14,1,2,0,0,0,0,5,0,3,1,4,0,0,0,0,0,0,0,3,0,1,1,0,1,0,1,0,0,1,0
5 - Καβάλας,272 E.T. Δήμου Παγγαίου,361,162,2,0,2,160,35,15,7,2,3,2,0,71,10,22,33,3,29,4,12,0,8,1,1,9,0,0,7,1,1,0,1,0,0,0,0,0,0,10,1,0,0,4,0,0,0,0,0,0,0,0,0,0,0,0,0,16,4,11,1,6,0,1,0,0,0,0,2,2,0,0,0,0,0,0,0,0,0,0,2,0,1,0,0,1,0,0,0,0,1,1
5 - Καβάλας,273 E.T. Δήμου Παγγαίου,430,214,2,0,2,212,48,21,7,5,10,10,3,106,16,54,21,3,47,11,9,4,4,0,0,20,2,3,12,1,2,0,0,0,0,0,0,0,0,9,1,1,1,4,0,0,0,0,0,0,0,0,0,0,0,0,0,14,3,9,1,5,1,0,0,0,0,0,0,0,0,0,0,0,0,0,0,0,0,0,5,1,1,1,1,0,0,0,0,0,1,0
5 - Καβάλας,274 E.T. Δήμου Παγγαίου,349,173,0,0,0,173,43,24,9,6,2,8,0,74,8,41,25,4,28,4,3,0,3,0,0,18,0,6,15,2,2,1,5,0,3,0,0,2,0,1,1,0,1,0,0,0,0,0,0,0,0,0,0,0,0,0,0,22,0,19,0,3,1,0,0,0,0,0,0,0,0,0,0,3,0,1,1,1,0,0,4,1,1,0,0,0,0,0,0,0,0,0
5 - Καβάλας,275 E.T. Δήμου Παγγαίου,319,167,1,1,2,165,45,27,5,9,7,27,0,71,5,43,29,5,29,1,8,3,5,1,1,8,0,1,3,2,2,0,0,0,0,0,0,0,0,0,0,0,0,0,0,0,0,0,0,0,2,2,0,0,1,0,1,27,1,23,2,2,0,0,0,0,0,0,1,0,0,1,1,1,0,1,0,0,1,0,1,0,1,0,0,0,0,0,0,0,1,0
5 - Καβάλας,276 E.T. Δήμου Παγγαίου,506,269,1,0,1,268,74,52,26,5,11,7,5,110,24,35,22,16,49,16,14,2,8,5,2,13,0,2,12,0,6,1,6,0,2,0,1,2,0,0,0,0,0,0,0,0,0,0,0,0,3,0,0,0,3,0,3,36,0,18,1,28,0,0,0,0,0,0,0,0,0,0,0,0,0,0,0,0,0,0,3,0,0,0,0,3,0,0,0,0,6,6
5 - Καβάλας,277 E.T. Δήμου Παγγαίου,364,233,10,2,12,221,31,9,11,4,2,5,0,113,19,45,54,23,35,6,13,1,5,3,2,20,0,2,10,3,7,1,15,3,3,1,2,6,2,6,1,1,1,4,0,0,0,0,0,0,0,0,0,0,0,0,0,11,3,3,1,4,1,2,0,0,0,0,8,1,2,0,3,0,0,0,0,0,0,0,4,1,2,3,0,0,0,0,0,0,0,0
5 - Καβάλας,278 E.T. Δήμου Παγγαίου,446,310,1,0,1,309,71,21,23,4,9,12,5,146,14,43,73,42,54,4,13,3,4,3,0,29,1,6,16,2,8,2,18,0,4,3,0,10,1,5,2,1,1,2,0,0,0,0,0,0,1,0,0,0,0,0,0,12,3,5,1,5,1,3,0,0,0,0,1,0,0,1,1,1,0,0,0,0,0,0,3,1,0,0,1,2,0,0,0,0,7,2
5 - Καβάλας,279 E.T. Δήμου Παγγαίου,356,206,2,0,2,204,35,17,9,1,6,10,4,114,25,20,16,9,71,15,10,4,3,1,1,5,2,0,2,1,0,1,5,0,3,0,0,5,0,17,0,3,0,17,0,0,0,0,0,0,0,0,0,0,0,0,0,12,8,5,2,3,0,1,0,0,0,0,0,0,0,0,0,0,0,0,0,0,0,0,4,0,0,1,0,1,1,0,1,0,1,1
5 - Καβάλας,280 E.T. Δήμου Παγγαίου,411,254,3,0,3,251,46,17,5,8,10,9,1,97,27,15,23,6,49,10,11,2,1,3,1,23,1,4,13,3,5,2,0,0,0,0,0,0,0,50,0,1,0,49,1,0,1,0,1,1,0,0,0,0,0,0,0,20,1,17,1,1,2,0,0,0,0,0,0,0,0,0,0,0,0,0,0,0,0,0,1,0,0,0,0,1,0,0,0,0,0,0
5 - Καβάλας,281 E.T. Δήμου Παγγαίου,360,197,1,2,3,194,44,17,15,7,6,2,3,74,15,38,14,5,21,13,12,3,6,1,0,30,2,4,19,0,9,2,3,0,1,0,0,0,1,6,0,1,1,1,0,0,0,0,0,0,1,0,0,0,0,0,1,21,1,13,0,13,1,0,0,0,0,0,0,0,0,0,0,0,0,0,0,0,0,0,3,0,0,0,0,0,0,0,0,0,0,0
5 - Καβάλας,282 E.T. Δήμου Παγγαίου,399,204,1,1,2,202,31,8,8,4,0,8,4,80,23,31,20,2,30,4,1,1,0,1,0,30,3,3,19,4,5,4,1,0,0,0,0,0,0,3,0,2,0,1,0,0,0,0,0,0,1,1,1,0,0,0,0,50,0,19,0,40,0,0,0,0,0,0,0,0,0,0,0,2,0,0,0,0,0,0,1,0,0,1,0,2,0,1,0,0,0,0
5 - Καβάλας,Ετερ. Καβάλας (από 13ο Ε.Τ. Νομ. Θεσσαλονίκης),508,260,1,1,2,258,83,29,26,13,12,19,13,103,36,31,43,19,15,9,7,2,1,2,2,19,3,0,7,2,1,5,12,3,4,3,2,2,4,2,0,1,1,0,0,0,1,0,0,1,0,0,0,0,0,0,0,13,6,4,3,0,0,0,0,0,0,0,1,1,0,1,0,1,1,0,0,0,0,0,12,3,2,3,4,1,0,0,0,0,3,1
5 - Καβάλας,Ετερ. Καβάλας (από Εφετείο Θεσσαλονίκης),54,38,3,1,4,34,13,7,2,2,1,2,2,15,2,3,3,5,2,3,0,0,0,0,0,2,0,0,0,0,0,0,0,0,0,0,0,0,0,1,0,0,0,0,0,0,0,0,0,0,0,0,0,0,0,0,0,3,0,0,1,0,1,0,0,0,0,0,0,0,0,0,0,0,0,0,0,0,0,0,0,0,0,0,0,0,0,0,0,0,0,0
5 - Καβάλας,Ετερ. Καβάλας (από 71ο Ε.Τ. Νομ. Αττικής-Αθηνών),370,220,0,1,1,219,67,24,26,8,10,10,8,99,17,44,50,7,27,5,2,2,1,0,0,10,0,1,5,0,3,3,19,7,4,5,2,6,1,4,0,1,2,0,0,0,1,0,1,1,0,0,0,0,0,0,0,4,1,1,0,0,0,0,0,0,1,0,0,0,0,0,0,2,1,1,1,1,0,0,4,0,0,0,2,3,0,0,1,1,3,2
5 - Καβάλας,Ετερ. Καβάλας (από 72ο Ε.Τ. Νομ. Αττικής-Αθηνών),371,224,2,3,5,219,61,31,9,8,5,17,7,103,28,42,46,8,18,8,2,2,1,1,0,12,0,3,3,3,0,3,17,7,4,5,1,2,3,4,2,1,1,1,1,0,1,0,1,0,0,0,0,0,0,0,0,5,3,2,0,0,0,0,0,0,0,0,1,0,0,0,0,0,0,0,0,0,0,0,9,4,1,2,4,1,0,0,0,0,2,2
5 - Καβάλας,Ετερ. Καβάλας (από 13ο Ε.Τ. Νομ. Αττικής-Πειραιώς),122,63,0,0,0,63,23,11,10,5,5,9,2,22,16,5,12,3,5,0,2,1,2,1,0,7,1,2,5,1,1,2,2,1,0,0,0,2,1,0,0,0,0,0,0,0,1,0,0,0,0,0,0,0,0,0,0,0,0,0,0,0,0,0,0,0,0,0,0,0,0,0,0,0,0,0,0,0,0,0,3,2,1,0,2,1,1,0,0,0,2,2
Σύνολο,,145825,78641,1111,600,1711,76930,20159,7720,6162,3245,2323,3350,2166,32737,7325,10900,13259,2393,11883,3276,2569,1003,745,542,370,6525,778,1347,3325,1448,889,758,3219,922,567,728,315,527,850,1319,261,248,273,393,25,6,159,23,30,40,456,112,97,24,174,55,182,4491,1344,1008,648,1263,441,356,61,15,38,12,438,109,67,129,120,371,220,54,35,30,34,29,2413,450,562,581,565,735,142,146,154,168,1209,586
