ΠΕΡΙΦΕΡΕΙΑ,ΕΚΛΟΓΙΚΟ ΤΜΗΜΑ,ΕΓΓΕΓΡΑΜΜΕΝΟΙ,ΨΗΦΙΣΑΝΤΕΣ,ΑΚΥΡΑ,ΛΕΥΚΑ,ΑΚΥΡΑ & ΛΕΥΚΑ,ΕΓΚΥΡΑ,ΣΥΡΙΖΑ,ΑΓΑΘΟΠΟΥΛΟΥ ΕΙΡΗΝΗ-ΕΛΕΝΗ του Δημητρίου,ΚΑΠΝΙΔΗΣ ΑΝΑΣΤΑΣΙΟΣ του Παναγιώτη,ΠΕΡΠΕΡΙΔΗΣ ΓΕΩΡΓΙΟΣ του Χαράλαμπου,ΦΟΥΡΑΣ ΠΕΤΡΟΣ του Γεωργίου,ΨΑΡΡΑ ΣΟΦΙΑ του Θεοδώρου,Νέα Δημοκρατία,ΑΝΑΝΙΑΔΟΥ ΑΝΑΣΤΑΣΙΑ (ΝΑΤΑΣΑ) του Σολομώντος,ΓΕΩΡΓΑΝΤΑΣ ΓΕΩΡΓΙΟΣ του Παύλου,ΚΙΛΤΙΔΗΣ ΚΩΝΣΤΑΝΤΙΝΟΣ του Βασιλείου,ΞΟΠΛΙΔΟΥ ΑΜΑΛΙΑ του Δημητρίου,ΣΑΧΠΕΚΙΔΗΣ ΝΙΚΟΛΑΟΣ του Αναστασίου,Λαϊκός Σύνδεσμος - Χρυσή Αυγή,ΗΛΙΑΔΟΥ ΧΡΙΣΤΙΝΑ (ΜΠΑΚΑ) του Γεωργίου,ΚΑΛΟΜΟΙΡΟΠΟΥΛΟΣ ΠΑΝΑΓΙΩΤΗΣ του Γρηγορίου,ΠΑΠΑΔΟΠΟΥΛΟΣ ΑΝΤΩΝΙΟΣ (ΤΟΝΗΣ) του Σάββα,ΠΑΠΑΔΟΠΟΥΛΟΥ ΧΡΥΣΗ του Μωϋσή ,ΧΑΤΖΗΣΑΒΒΑΣ ΧΡΗΣΤΟΣ του Κωνσταντίνου,Κίνημα Αλλαγής,ΑΝΑΣΤΑΣΙΑΔΗΣ ΓΕΩΡΓΙΟΣ του Δημητρίου,ΜΠΑΝΤΡΑ ΚΑΛΙΡΟΗ του Κωνσταντίνου,ΠΑΡΑΣΤΑΤΙΔΗΣ ΣΤΕΦΑΝΟΣ του Θεοδώρου,ΣΤΕΦΑΝΙΔΟΥ ΑΛΕΞΑΝΔΡΑ του Ιωάννη,ΦΡΑΓΓΙΔΗΣ ΓΕΩΡΓΙΟΣ του Σταύρου,Κ.Κ.Ε.,ΑΛΤΙΠΑΡΜΑΚΙΔΟΥ ΜΑΡΙΑ (ΡΙΑ) του Μιλτιάδη,ΣΙΔΗΡΟΠΟΥΛΟΣ ΚΩΝΣΤΑΝΤΙΝΟΣ του Γεωργίου,ΤΣΑΟΥΣΙΔΗΣ ΚΩΝΣΤΑΝΤΙΝΟΣ του Λαζάρου,ΦΑΧΟΥΡΙΔΗΣ ΙΩΑΝΝΗΣ του Αριστοτέλη,ΧΑΤΖΗ ΕΙΡΗΝΗ του Αρέθα,Ένωση Κεντρώων,ΑΝΔΡΙΩΤΗ ΕΥΣΤΡΑΤΙΑ του Γαβριήλ,ΕΛΕΥΘΕΡΙΑΔΗΣ ΧΑΡΑΛΑΜΠΟΣ του Δημητρίου,ΝΙΚΟΛΑΟΥ ΧΡΗΣΤΟΣ του Χαράλαμπου,Ο.Κ.Δ.Ε.,ΚΑΖΑΝΤΖΙΔΗΣ ΚΩΝΣΤΑΝΤΙΝΟΣ του Γεωργίου,ΑΝΤ.ΑΡ.ΣΥ.Α.,ΜΑΛΓΑΡΙΝΟΥ ΒΑΣΙΛΙΚΗ του Νικολάου,Ελλήνων Συνέλευσις,ΒΑΡΥΤΙΜΙΔΗΣ ΘΕΟΦΙΛΟΣ του Σάββα,ΜΑΚΕΝΑΤΖΗ ΜΑΡΓΑΡΙΤΑ του Ιωσήφ,ΜΙΧΑΗΛΙΔΗΣ ΚΩΝΣΤΑΝΤΙΝΟΣ του Γεωργίου,ΣΑΦΑΡΙΔΟΥ ΖΩΓΙΑ του Γεωργίου,ΣΥΓΚΟΥ ΜΑΛΑΜΑΤΗ του Δημητρίου,Ελληνική Λύση - Κ. Βελόπουλος,ΓΕΩΡΓΙΑΔΗΣ ΚΩΝΣΤΑΝΤΙΝΟΣ του Γεωργίου,ΚΑΤΣΙΛΟΓΙΑΝΝΗ ΕΛΕΝΗ του Αθανασίου,ΣΑΒΒΙΔΟΥ ΠΑΡΘΕΝΑ του Ιωάννη,ΤΣΑΝΤΗΛΟΓΙΑΝΝΗΣ ΝΙΚΟΛΑΟΣ του Αθανασίου,Κ.Κ.Ε. (μ-λ),ΧΑΤΖΗΝΙΚΟΛΑΟΥ ΝΙΚΟΛΑΟΣ του Ηλία,Μ-Λ Κ.Κ.Ε.,ΖΑΧΑΡΟΠΟΥΛΟΥ ΙΩΑΝΝΑ του Ευαγγέλου,Ε.ΠΑ.Μ - Α.Κ.Κ.ΕΛ,ΔΗΜΟΛΑΪΔΗΣ ΟΔΥΣΣΕΥΣ του Θεοδώρου,ΜΟΥΡΑΤΙΔΟΥ ΜΑΡΙΑ του Παναγιώτη,ΠΑΠΑΚΩΝΣΤΑΝΤΙΝΟΥ ΚΩΝΣΤΑΝΤΙΝΟΣ του Σταύρου,Λαϊκή Ενότητα,ΚΟΥΛΙΝΑΣ ΑΝΑΣΤΑΣΙΟΣ του Δημητρίου,ΜΠΙΜΠΑΣΗΣ ΧΡΗΣΤΟΣ του Γεωργίου,ΣΑΜΑΡΑ ΑΡΙΑΔΝΗ του Στεφάνου,ΜέΡΑ25,ΓΕΩΡΓΙΑΔΗΣ ΓΕΩΡΓΙΟΣ του Αλεξίου,ΚΑΣΚΑΡΙΔΟΥ ΜΑΡΙΑ του ΟΔΥΣΣΕΑ,ΚΩΤΣΑΡΗΣ ΔΗΜΗΤΡΙΟΣ του Γεωργίου,ΣΠΥΡΛΙΑΔΟΥ ΣΟΦΙΑ του Νικολάου,Δημιουργία ξανά - Θ. Τζήμερος,ΚΑΡΑΚΑΤΣΑΝΙΔΗΣ ΔΗΜΗΤΡΙΟΣ του Νικολάου,ΜΠΡΟΒΑΣ ΤΗΛΕΜΑΧΟΣ του Αθανασίου,ΠΑΠΑΡΙΖΟΥ ΑΘΑΝΑΣΙΑ του Χρήστου,Πλεύση Ελευθερίας - Ζωή Κωνστ.,ΡΑΦΤΟΠΟΥΛΟΣ ΝΙΚΟΛΑΟΣ του Σπύρου
10 - Κιλκίς,1 E.T. Δήμου Κιλκίς,425,238,4,2,6,232,80,17,3,7,27,5,62,4,26,15,0,9,11,0,1,0,0,5,28,3,0,6,1,16,14,1,8,0,1,1,4,0,2,0,0,0,0,0,0,0,0,0,0,0,20,12,2,0,0,0,0,0,0,1,0,0,0,1,0,0,0,5,0,1,0,0,1,0,0,0,5,0
10 - Κιλκίς,2 E.T. Δήμου Κιλκίς,459,239,4,0,4,235,48,15,6,6,10,4,116,21,36,32,5,10,6,0,0,1,0,2,21,2,0,3,1,15,9,0,4,2,0,0,1,1,0,0,0,0,1,0,2,0,0,0,0,0,10,2,0,5,0,2,0,0,0,1,0,0,0,0,0,0,0,11,2,1,1,0,2,0,0,0,5,0
10 - Κιλκίς,3 E.T. Δήμου Κιλκίς,437,225,1,2,3,222,58,7,8,8,16,1,76,10,16,35,6,6,13,4,0,1,1,4,16,5,0,4,0,7,19,3,10,0,2,0,3,0,0,0,0,0,1,1,0,0,0,0,0,0,23,11,1,4,0,1,1,0,0,0,0,0,0,0,0,0,0,7,3,1,0,0,1,0,0,0,4,1
10 - Κιλκίς,4 E.T. Δήμου Κιλκίς,475,235,0,3,3,232,54,12,3,5,13,4,75,8,21,26,0,10,6,0,0,3,0,3,29,2,0,11,2,11,18,2,4,1,6,0,2,0,0,0,0,0,1,0,0,0,0,0,0,0,20,3,0,8,0,0,0,0,0,0,0,0,0,1,0,1,0,13,3,0,0,0,2,0,0,0,11,8
10 - Κιλκίς,5 E.T. Δήμου Κιλκίς,366,193,6,6,12,181,68,23,1,7,10,4,56,7,9,20,15,2,16,3,3,1,0,6,18,1,0,2,1,11,6,0,1,0,3,0,0,0,0,0,0,0,0,0,0,0,0,0,0,0,9,4,0,3,1,0,0,0,0,0,0,0,0,1,0,0,0,5,1,0,0,1,1,0,0,0,1,1
10 - Κιλκίς,6 E.T. Δήμου Κιλκίς,367,222,6,5,11,211,43,15,3,7,1,6,82,4,20,20,23,5,14,0,1,8,0,4,23,6,0,6,0,9,10,1,4,0,0,0,5,1,0,1,0,0,0,0,0,0,0,0,0,0,17,5,0,8,0,0,0,0,0,1,1,0,0,0,0,0,0,10,1,4,0,0,4,0,0,1,2,1
10 - Κιλκίς,7 E.T. Δήμου Κιλκίς,421,205,4,5,9,196,34,17,4,2,3,1,74,9,18,15,21,7,17,1,0,11,0,2,30,6,0,7,3,12,6,0,3,0,1,0,3,1,0,1,0,0,0,0,0,0,0,0,0,0,22,9,0,12,1,0,0,0,0,3,0,1,0,0,0,0,0,4,0,1,0,1,2,0,1,0,1,1
10 - Κιλκίς,8 E.T. Δήμου Κιλκίς,289,194,6,2,8,186,48,28,0,4,2,2,65,6,21,14,4,10,10,2,0,1,0,5,23,4,0,9,4,5,6,2,0,0,1,0,1,0,0,0,0,0,1,0,0,0,0,0,0,0,17,2,0,13,0,0,0,0,0,1,0,0,0,0,0,0,0,6,1,0,1,0,4,0,0,0,4,0
10 - Κιλκίς,9 E.T. Δήμου Κιλκίς,371,231,2,3,5,226,65,23,5,8,3,3,83,6,31,11,3,11,9,1,0,1,0,5,27,5,1,10,2,7,7,0,1,0,3,2,2,0,0,0,0,0,1,0,0,0,0,0,0,0,12,2,0,10,0,0,0,0,0,2,0,0,0,0,0,0,0,11,1,0,2,2,1,0,0,0,6,0
10 - Κιλκίς,10 E.T. Δήμου Κιλκίς,521,352,8,6,14,338,83,29,9,16,7,5,132,27,44,40,2,9,21,0,3,11,0,5,32,7,0,9,3,11,13,4,6,0,1,0,7,0,0,0,0,0,0,0,2,0,0,0,0,0,20,8,0,6,1,0,0,1,0,1,0,0,0,0,0,0,0,14,4,4,0,0,1,0,0,0,11,0
10 - Κιλκίς,11 E.T. Δήμου Κιλκίς,520,289,6,2,8,281,100,35,7,16,5,1,92,21,23,30,0,5,17,0,0,5,0,6,13,5,1,1,3,2,20,1,13,0,1,2,7,0,0,0,0,0,1,0,1,0,0,0,0,0,16,6,0,4,0,0,0,0,0,0,0,0,0,1,0,0,0,6,3,0,1,1,4,0,0,0,3,0
10 - Κιλκίς,12 E.T. Δήμου Κιλκίς,533,291,4,2,6,285,88,39,5,11,6,4,94,20,25,31,5,3,5,1,0,1,0,2,16,2,1,6,1,5,34,0,20,3,2,1,4,2,1,0,0,0,1,1,2,0,0,0,1,0,15,6,1,5,0,0,0,0,0,0,0,0,0,1,0,1,0,14,3,0,0,1,3,0,0,1,8,3
10 - Κιλκίς,13 E.T. Δήμου Κιλκίς,467,280,3,2,5,275,59,21,1,10,8,2,83,13,15,27,1,17,16,2,0,3,1,6,39,4,0,4,5,25,19,0,10,0,6,1,6,0,0,0,1,0,0,0,0,0,0,0,0,0,28,6,3,14,2,1,0,0,0,2,0,0,0,2,0,0,0,12,2,1,0,1,3,0,0,0,4,0
10 - Κιλκίς,14 E.T. Δήμου Κιλκίς,426,242,3,3,6,236,44,17,4,6,4,1,125,18,44,22,12,16,15,1,0,6,0,4,12,4,0,2,1,3,9,0,2,0,2,0,3,0,0,0,0,0,1,0,2,0,0,0,0,0,15,1,1,11,0,0,0,0,0,1,0,0,0,0,0,0,0,4,0,0,0,0,0,0,0,0,5,0
10 - Κιλκίς,15 E.T. Δήμου Κιλκίς,404,239,4,2,6,233,61,24,2,3,8,4,73,4,25,25,6,4,17,0,0,1,0,9,34,9,0,8,2,12,6,1,1,0,0,0,3,0,1,2,0,0,1,0,0,0,0,0,0,0,19,5,0,6,0,0,0,0,0,0,0,0,0,1,1,0,0,9,1,3,0,1,2,0,0,0,7,5
10 - Κιλκίς,16 E.T. Δήμου Κιλκίς,418,242,1,3,4,238,40,21,1,7,8,2,127,15,28,38,11,14,9,0,0,2,1,2,21,6,0,2,1,7,6,1,0,0,3,0,3,0,0,0,0,0,2,0,0,0,0,0,0,0,12,3,1,3,0,0,0,0,0,1,0,0,0,1,0,0,0,10,0,0,1,3,3,0,0,0,3,0
10 - Κιλκίς,17 E.T. Δήμου Κιλκίς,481,248,1,2,3,245,32,8,0,3,1,6,132,13,40,44,17,4,18,3,1,5,0,4,20,4,0,6,1,9,4,0,0,1,0,2,5,0,0,0,0,0,0,0,0,0,0,0,0,0,19,8,4,4,1,0,0,0,0,1,0,0,0,1,0,0,0,3,0,0,0,1,1,0,0,0,9,0
10 - Κιλκίς,18 E.T. Δήμου Κιλκίς,297,195,2,2,4,191,22,6,8,3,0,1,125,36,42,25,14,3,5,1,0,2,0,1,13,1,0,2,0,10,4,0,1,0,2,1,2,0,0,0,0,0,0,0,1,0,0,0,0,0,12,4,2,4,0,0,0,1,0,1,0,0,0,1,0,0,0,3,0,2,0,0,0,0,0,0,1,0
10 - Κιλκίς,19 E.T. Δήμου Κιλκίς,505,310,2,0,2,308,75,27,5,25,8,1,142,8,46,36,36,2,10,0,0,0,1,7,33,5,0,6,0,19,11,1,0,1,5,0,2,0,0,0,0,0,1,0,4,0,1,1,1,0,14,2,5,5,0,0,0,0,0,6,0,2,2,1,0,0,0,5,0,1,1,2,0,0,0,0,4,1
10 - Κιλκίς,20 E.T. Δήμου Κιλκίς,413,226,2,2,4,222,56,13,3,15,14,5,94,29,24,14,5,18,5,0,0,2,0,3,20,4,0,10,3,3,21,2,0,1,14,0,0,0,0,0,0,0,2,0,0,0,0,0,0,0,16,7,0,5,2,0,0,0,0,2,0,0,0,0,0,0,0,5,3,1,0,0,0,0,0,0,1,0
10 - Κιλκίς,21 E.T. Δήμου Κιλκίς,397,222,0,1,1,221,62,14,2,28,8,6,98,16,45,12,6,13,9,1,0,0,1,3,25,6,0,9,1,8,2,0,0,0,1,0,2,0,1,0,0,0,0,0,0,0,0,0,0,0,12,5,0,1,0,1,1,0,0,2,0,0,0,0,0,0,0,3,2,0,1,0,0,0,0,0,5,1
10 - Κιλκίς,22 E.T. Δήμου Κιλκίς,397,226,3,0,3,223,66,15,2,7,25,2,66,12,19,10,1,11,6,0,0,0,2,1,32,0,0,22,0,9,26,2,0,1,21,0,1,0,0,0,0,0,2,0,0,0,0,0,0,0,12,3,0,4,3,0,0,0,0,2,0,0,0,0,0,0,0,6,0,0,0,3,0,0,0,0,4,0
10 - Κιλκίς,23 E.T. Δήμου Κιλκίς,487,261,1,0,1,260,67,12,1,33,14,7,104,24,49,8,1,13,9,1,0,2,2,2,41,2,1,18,1,18,17,1,1,1,11,0,2,0,0,1,1,0,0,0,0,0,0,0,0,0,10,3,1,2,1,0,0,0,0,0,0,0,0,0,0,0,0,4,0,3,0,0,1,0,0,0,4,3
10 - Κιλκίς,24 E.T. Δήμου Κιλκίς,403,198,1,0,1,197,59,11,1,9,25,0,76,1,19,27,0,24,4,1,0,0,0,3,13,0,0,10,1,2,30,9,2,13,5,0,5,1,4,0,0,0,0,0,0,0,0,0,0,0,6,2,2,0,0,0,0,0,0,1,0,0,1,0,0,0,0,1,0,1,0,0,1,0,0,0,1,0
10 - Κιλκίς,25 E.T. Δήμου Κιλκίς,420,224,1,1,2,222,54,9,5,8,8,6,111,25,21,28,3,24,5,1,0,1,0,1,18,3,0,7,2,4,15,1,2,0,9,1,2,0,0,0,0,0,0,0,1,0,0,0,0,0,10,5,0,3,0,0,0,0,0,0,0,0,0,0,0,0,0,5,1,0,0,1,1,0,0,0,0,0
10 - Κιλκίς,26 E.T. Δήμου Κιλκίς,431,267,2,0,2,265,67,18,3,7,12,7,93,20,45,16,1,8,11,2,0,3,0,4,32,4,0,10,0,8,16,2,0,0,7,0,3,0,0,0,0,0,0,0,0,0,0,0,0,0,26,9,0,7,0,0,0,0,0,2,0,0,0,0,0,0,0,11,1,2,1,0,2,0,0,0,2,0
10 - Κιλκίς,27 E.T. Δήμου Κιλκίς,516,259,1,1,2,257,57,28,4,8,5,3,122,20,42,30,9,10,12,0,0,0,1,7,21,2,0,9,0,1,17,2,1,0,9,2,4,0,0,0,0,0,0,0,0,0,0,0,0,0,7,1,0,3,0,0,0,1,0,1,0,0,0,0,0,0,0,6,2,0,0,0,2,0,0,0,7,0
10 - Κιλκίς,28 E.T. Δήμου Κιλκίς,527,293,10,1,11,282,74,32,6,12,10,4,108,13,39,30,5,7,6,1,0,1,0,3,45,6,0,17,0,18,9,0,2,0,4,0,7,0,0,0,0,0,0,0,3,0,0,0,0,0,9,3,0,1,0,0,0,0,0,2,0,0,0,4,0,0,0,8,1,0,1,3,3,0,0,0,4,0
10 - Κιλκίς,29 E.T. Δήμου Κιλκίς,510,307,5,2,7,300,64,30,3,5,10,3,113,5,44,29,7,18,14,1,1,0,0,9,36,6,0,7,1,21,23,4,0,1,9,2,8,4,3,0,0,0,1,0,3,0,0,0,3,0,10,6,1,1,0,0,0,0,0,2,0,1,0,1,0,0,0,14,3,1,3,2,5,0,2,2,6,3
10 - Κιλκίς,30 E.T. Δήμου Κιλκίς,519,270,4,2,6,264,73,34,2,13,6,4,100,12,36,28,7,17,8,1,0,0,0,5,32,0,0,21,0,10,12,1,1,0,3,1,5,2,0,0,0,0,3,2,2,0,0,0,1,0,8,6,0,2,0,1,1,4,3,2,0,0,1,0,0,0,0,8,1,0,2,2,2,0,0,1,4,3
10 - Κιλκίς,31 E.T. Δήμου Κιλκίς,508,338,9,1,10,328,62,33,4,5,4,4,138,17,49,32,5,21,24,2,2,1,1,13,55,3,0,17,1,33,7,0,0,0,5,0,3,0,0,0,0,0,0,0,0,0,0,0,0,0,15,7,2,0,1,0,0,0,0,1,0,0,0,1,0,1,0,12,0,2,4,0,5,1,0,1,5,3
10 - Κιλκίς,32 E.T. Δήμου Κιλκίς,531,253,2,1,3,250,71,22,3,10,13,11,97,8,46,20,6,13,15,0,0,1,1,7,18,2,0,5,1,9,12,1,0,0,7,0,2,0,0,0,0,0,1,0,0,0,0,0,0,0,14,7,2,4,0,0,0,0,0,3,0,0,0,1,0,0,0,8,0,2,2,2,1,0,0,0,7,0
10 - Κιλκίς,33 E.T. Δήμου Κιλκίς,514,265,3,3,6,259,64,20,2,6,19,5,99,11,44,21,10,6,9,0,1,3,0,4,40,11,0,14,0,13,16,1,0,0,11,0,5,2,0,0,0,0,2,0,0,0,0,0,0,0,9,6,0,1,1,1,0,0,0,2,0,1,1,2,0,1,0,8,0,1,3,2,0,0,0,0,2,0
10 - Κιλκίς,34 E.T. Δήμου Κιλκίς,507,252,4,1,5,247,82,35,8,14,12,5,70,7,32,16,5,5,17,2,0,1,1,10,26,5,0,3,1,16,6,1,1,0,3,0,6,3,2,1,0,0,5,5,4,0,0,2,2,0,8,4,0,1,1,1,0,0,0,1,0,1,0,1,0,0,0,10,4,1,2,0,4,1,2,1,6,3
10 - Κιλκίς,35 E.T. Δήμου Κιλκίς,504,251,0,1,1,250,74,25,8,17,15,3,88,6,47,15,8,4,7,0,0,0,0,4,24,2,0,11,0,11,14,3,0,1,5,1,7,2,1,1,0,0,1,0,1,0,0,0,1,0,15,2,0,8,0,0,0,0,0,8,0,7,0,0,0,0,0,10,2,2,1,0,0,0,0,0,1,0
10 - Κιλκίς,36 E.T. Δήμου Κιλκίς,532,316,0,0,0,316,79,36,5,13,15,4,123,17,47,33,7,13,11,2,0,3,1,4,40,1,0,20,1,17,20,1,2,2,9,0,2,0,0,0,0,0,0,0,3,0,0,0,0,0,17,6,2,3,1,1,0,0,0,0,0,0,0,0,0,0,0,10,1,2,2,2,4,0,0,0,6,0
10 - Κιλκίς,37 E.T. Δήμου Κιλκίς,515,276,2,3,5,271,66,35,4,9,8,6,86,13,40,18,3,6,15,1,0,1,0,10,42,5,1,9,3,16,6,0,0,0,5,0,5,0,0,0,0,0,0,0,1,0,0,0,0,0,25,9,1,10,0,0,0,0,0,3,0,0,0,0,0,0,0,16,1,3,0,5,4,0,2,1,2,0
10 - Κιλκίς,38 E.T. Δήμου Κιλκίς,530,269,3,5,8,261,66,35,1,9,9,4,110,13,49,24,2,16,8,1,0,0,1,6,28,3,0,12,0,13,12,1,0,0,7,0,4,0,0,0,0,0,2,0,0,0,0,0,0,0,12,6,1,3,0,0,0,0,0,1,0,0,0,0,0,0,0,12,1,1,1,4,2,0,0,0,4,0
10 - Κιλκίς,39 E.T. Δήμου Κιλκίς,514,277,4,2,6,271,51,16,1,7,8,3,113,13,48,27,9,10,15,0,0,0,1,5,31,5,0,14,0,7,20,2,1,4,6,1,4,0,1,0,0,0,0,0,0,0,0,0,0,0,9,2,2,2,0,0,0,0,0,0,0,0,0,1,1,0,0,14,2,6,3,1,9,3,1,0,4,1
10 - Κιλκίς,40 E.T. Δήμου Κιλκίς,553,308,2,4,6,302,84,33,4,11,18,6,116,8,55,19,1,23,8,2,0,1,1,2,41,4,0,17,1,19,15,1,0,0,12,1,5,0,0,0,0,0,1,0,2,0,0,0,0,0,10,4,0,5,0,2,0,0,0,0,0,0,0,0,0,0,0,12,2,3,1,2,2,0,0,0,4,0
10 - Κιλκίς,41 E.T. Δήμου Κιλκίς,330,195,3,0,3,192,62,25,2,7,5,6,39,2,24,7,3,2,0,0,0,0,0,0,27,7,0,14,0,4,38,3,2,0,24,5,3,1,1,0,0,0,1,0,4,1,0,3,0,0,8,1,0,5,0,0,0,0,0,0,0,0,0,2,0,2,0,5,1,0,0,2,1,0,1,0,2,2
10 - Κιλκίς,42 E.T. Δήμου Κιλκίς,282,164,2,1,3,161,48,26,0,11,3,0,37,2,11,15,3,3,2,0,0,0,0,2,26,8,0,8,0,10,39,3,4,4,22,0,0,0,0,0,0,0,0,0,0,0,0,0,0,0,4,2,0,1,0,0,0,0,0,1,0,0,0,0,0,0,0,3,0,1,0,0,0,0,0,0,1,0
10 - Κιλκίς,43 E.T. Δήμου Κιλκίς,129,67,0,0,0,67,17,7,2,0,2,6,38,4,10,14,0,3,1,0,0,0,0,1,3,1,0,0,1,0,2,0,0,1,1,0,1,1,0,0,0,0,0,0,0,0,0,0,0,0,2,0,0,2,0,0,0,0,0,0,0,0,0,0,0,0,0,2,1,0,0,0,0,0,0,0,0,0
10 - Κιλκίς,44 E.T. Δήμου Κιλκίς,552,310,2,4,6,304,85,43,6,13,11,3,118,8,55,26,6,13,12,0,0,2,0,7,56,5,0,16,1,31,7,0,0,0,4,0,1,0,0,0,0,0,0,0,2,0,0,0,0,0,9,2,1,2,0,0,0,0,0,3,0,0,0,0,0,0,0,8,0,1,1,4,1,0,0,0,2,0
10 - Κιλκίς,45 E.T. Δήμου Κιλκίς,537,297,1,1,2,295,89,41,2,10,15,5,111,12,45,31,5,6,18,2,0,2,0,12,32,8,0,9,2,13,12,0,0,1,6,1,3,0,1,0,0,0,0,0,2,0,0,0,1,1,11,3,2,3,1,0,0,0,0,0,0,0,0,0,0,0,0,12,0,1,0,3,1,1,0,0,4,0
10 - Κιλκίς,46 E.T. Δήμου Κιλκίς,545,323,1,0,1,322,75,29,3,10,11,7,136,18,51,21,11,21,21,2,0,2,0,12,36,6,0,16,0,13,15,2,1,3,2,0,6,2,0,0,0,0,0,0,0,0,0,0,0,0,15,4,0,6,0,0,0,0,0,1,0,1,0,0,0,0,0,10,2,0,2,3,4,0,0,2,3,2
10 - Κιλκίς,47 E.T. Δήμου Κιλκίς,559,296,2,1,3,293,86,37,6,19,6,8,109,19,46,16,6,13,21,5,0,2,0,12,30,6,0,12,1,10,6,0,0,2,3,0,1,0,0,0,0,0,1,1,1,0,0,1,0,0,11,2,3,3,1,0,0,1,0,0,0,0,0,2,0,0,0,14,0,2,2,4,4,0,0,0,6,3
10 - Κιλκίς,48 E.T. Δήμου Κιλκίς,535,270,1,3,4,266,64,34,3,4,4,9,114,13,50,28,4,12,13,3,0,0,0,7,27,2,1,13,0,1,11,2,1,1,3,0,3,0,0,0,0,0,1,0,1,0,0,0,0,0,17,8,1,2,0,1,0,1,0,0,0,0,0,0,0,0,0,6,1,0,1,1,5,0,0,0,2,0
10 - Κιλκίς,49 E.T. Δήμου Κιλκίς,563,290,14,0,14,276,64,30,1,9,8,6,127,12,60,26,12,10,12,1,0,1,1,8,36,4,0,15,0,13,7,2,1,2,0,0,2,0,0,0,0,0,1,0,1,0,0,0,0,0,15,4,2,6,1,0,0,0,0,0,0,0,0,1,0,0,0,6,2,0,0,2,2,0,0,0,2,0
10 - Κιλκίς,50 E.T. Δήμου Κιλκίς,544,302,2,0,2,300,75,34,3,4,11,6,110,9,59,14,6,13,21,2,0,4,0,11,46,7,0,14,3,19,6,0,1,0,2,0,3,0,0,0,0,0,1,0,0,0,0,0,0,0,17,5,1,6,0,1,1,0,0,2,0,0,0,0,0,0,0,10,4,0,2,0,3,0,0,0,5,0
10 - Κιλκίς,51 E.T. Δήμου Κιλκίς,555,277,5,1,6,271,82,34,7,9,13,6,109,19,40,10,9,19,11,0,0,1,0,10,23,2,0,5,1,12,6,1,0,0,1,1,1,0,0,0,0,0,1,0,2,0,0,0,0,0,16,8,0,4,0,1,0,0,0,1,0,0,0,2,0,0,0,7,1,1,0,2,1,0,0,0,8,5
10 - Κιλκίς,52 E.T. Δήμου Κιλκίς,568,281,2,4,6,275,80,34,9,8,7,6,101,6,37,25,9,13,17,4,0,3,0,8,26,2,0,14,1,8,7,1,1,0,5,0,3,0,0,0,0,0,2,0,0,0,0,0,0,0,18,8,0,4,0,0,0,0,0,1,0,0,0,0,0,0,0,14,2,2,2,7,2,0,0,0,4,3
10 - Κιλκίς,53 E.T. Δήμου Κιλκίς,569,351,5,2,7,344,69,36,4,2,8,6,137,9,55,32,11,20,17,1,0,2,0,13,40,2,0,24,0,13,15,2,0,1,5,0,10,0,0,0,0,0,1,0,0,0,0,0,0,0,27,11,3,5,0,0,0,0,0,0,0,0,0,1,0,0,0,17,1,3,2,4,1,0,0,0,9,0
10 - Κιλκίς,54 E.T. Δήμου Κιλκίς,542,295,2,1,3,292,75,26,4,8,14,12,130,20,60,18,12,14,18,2,1,2,0,10,16,2,0,4,0,9,14,1,3,2,6,0,0,0,0,0,0,0,1,0,1,0,0,0,1,0,13,7,1,1,0,0,0,0,0,0,0,0,0,0,0,0,0,17,1,1,2,3,1,0,0,0,6,2
10 - Κιλκίς,55 E.T. Δήμου Κιλκίς,558,330,3,1,4,326,81,44,6,6,4,10,140,13,45,34,8,20,17,2,1,0,1,2,32,5,0,15,0,10,10,1,1,0,6,0,5,0,0,0,0,0,1,0,1,0,0,0,0,0,13,5,1,4,0,0,0,2,0,1,0,0,0,1,0,0,0,11,3,0,2,1,3,0,0,0,8,0
10 - Κιλκίς,56 E.T. Δήμου Κιλκίς,562,317,4,2,6,311,68,21,6,17,6,10,138,19,53,31,9,18,20,3,0,2,0,11,32,4,0,11,1,13,12,1,0,3,3,0,5,1,2,0,0,0,1,0,1,0,0,0,0,0,17,3,3,5,1,0,0,0,0,5,0,0,0,0,0,0,0,9,1,3,1,0,1,0,0,0,2,0
10 - Κιλκίς,57 E.T. Δήμου Κιλκίς,565,329,5,3,8,321,93,30,1,18,10,9,121,7,58,23,7,19,18,1,1,3,0,10,29,3,1,5,3,13,11,0,0,3,6,0,10,0,0,0,0,0,1,0,2,0,0,0,0,0,18,6,0,6,0,0,0,0,0,0,0,0,0,0,0,0,0,11,2,1,3,1,1,0,0,0,6,0
10 - Κιλκίς,58 E.T. Δήμου Κιλκίς,424,180,5,1,6,174,45,22,5,4,3,6,54,2,21,15,1,9,5,0,0,1,0,3,12,0,0,5,0,6,32,6,1,12,7,0,3,0,0,0,0,0,0,0,1,0,0,0,0,0,16,8,1,4,1,1,0,0,0,1,0,0,0,0,0,0,0,0,0,0,0,0,1,0,0,0,3,0
10 - Κιλκίς,59 E.T. Δήμου Κιλκίς,404,251,1,2,3,248,67,26,13,15,6,3,93,9,33,27,9,8,9,1,1,0,1,4,34,10,0,13,3,8,8,3,1,2,2,0,3,1,0,0,0,0,0,0,1,0,0,0,0,0,12,2,0,8,0,0,0,0,0,0,0,0,0,1,1,0,0,13,0,1,8,2,2,1,0,1,5,5
10 - Κιλκίς,60 E.T. Δήμου Κιλκίς,229,245,7,0,7,238,85,25,17,11,4,4,69,6,28,11,3,5,21,2,4,0,0,11,26,4,0,13,1,5,12,1,0,4,4,0,2,0,0,0,0,0,1,0,2,0,0,0,0,0,10,4,0,1,0,0,0,0,0,2,0,0,0,0,0,0,0,5,3,0,0,0,1,0,0,0,2,0
10 - Κιλκίς,61 E.T. Δήμου Κιλκίς,456,272,3,3,6,266,52,23,2,11,6,3,118,15,39,22,21,11,15,1,0,3,0,4,22,3,0,7,2,8,19,3,2,1,6,0,4,1,1,1,0,0,0,0,0,0,0,0,0,0,13,4,2,2,1,0,0,1,0,1,0,0,0,1,0,0,0,16,1,0,8,4,2,1,0,0,2,2
10 - Κιλκίς,62 E.T. Δήμου Κιλκίς,342,228,2,1,3,225,57,32,1,7,1,4,81,6,33,19,6,12,8,0,0,0,0,5,23,3,0,7,1,10,33,0,6,3,12,0,1,0,0,0,0,0,1,0,1,0,0,0,0,0,7,1,1,1,0,0,0,0,0,1,0,0,0,0,0,0,0,9,0,1,2,1,0,0,0,0,3,0
10 - Κιλκίς,63 E.T. Δήμου Κιλκίς,444,288,2,0,2,286,101,58,3,2,17,4,65,8,20,21,3,1,11,0,0,4,0,6,50,9,0,22,2,16,34,6,7,3,7,2,1,0,0,0,0,0,0,0,1,0,0,0,0,0,8,5,1,1,1,1,0,3,0,1,0,0,0,0,0,0,0,4,1,0,0,2,1,0,0,0,5,0
10 - Κιλκίς,64 E.T. Δήμου Κιλκίς,443,234,4,2,6,228,56,26,11,10,7,2,61,4,18,30,2,5,37,0,1,0,0,36,28,9,1,4,2,11,18,0,0,0,7,1,2,0,0,0,1,0,0,0,5,0,0,0,0,0,12,4,0,4,0,1,0,0,0,1,0,0,0,0,0,0,0,4,0,0,0,0,0,0,0,0,2,0
10 - Κιλκίς,65 E.T. Δήμου Κιλκίς,411,216,2,2,4,212,50,22,6,5,6,2,84,1,33,28,7,10,19,2,0,1,0,15,17,1,0,7,2,1,6,1,1,0,1,0,5,1,1,1,0,0,0,0,5,0,0,0,5,0,16,4,0,7,0,0,0,0,0,0,0,0,0,0,0,0,0,8,3,0,2,1,2,0,0,0,0,0
10 - Κιλκίς,66 E.T. Δήμου Κιλκίς,432,234,7,0,7,227,67,29,4,15,3,2,78,3,39,18,4,8,16,1,0,0,0,15,34,5,1,12,0,13,10,0,4,1,2,0,4,0,0,0,0,0,0,0,3,0,0,0,0,0,4,3,0,1,0,0,0,0,0,0,0,0,0,0,0,0,0,6,0,3,1,1,1,0,0,0,4,0
10 - Κιλκίς,67 E.T. Δήμου Κιλκίς,467,290,4,1,5,285,79,38,2,5,8,18,61,4,14,31,6,3,6,0,0,2,2,1,58,12,0,19,0,26,41,3,3,18,4,4,0,0,0,0,0,0,0,0,3,0,0,3,0,0,15,2,1,7,0,0,0,0,0,2,0,0,1,1,0,0,0,15,1,3,3,0,1,1,0,0,3,2
10 - Κιλκίς,68 E.T. Δήμου Κιλκίς,538,371,3,3,6,365,141,66,2,8,14,36,53,9,12,16,6,3,6,0,0,4,0,1,74,2,0,33,1,34,57,3,0,33,8,1,2,0,0,0,0,0,1,0,3,0,0,0,0,0,10,2,0,4,0,0,0,0,0,1,0,0,0,0,0,0,0,12,6,1,2,0,1,0,0,0,4,0
10 - Κιλκίς,69 E.T. Δήμου Κιλκίς,347,171,1,0,1,170,52,18,1,4,10,6,45,1,16,15,3,5,3,0,0,0,0,2,29,3,0,16,0,10,21,1,0,11,5,0,4,0,0,0,0,0,1,0,0,0,0,0,0,0,6,3,0,1,0,0,0,0,0,0,0,0,0,0,0,0,0,7,3,1,0,1,1,0,0,0,1,0
10 - Κιλκίς,70 E.T. Δήμου Κιλκίς,335,205,4,0,4,201,31,9,6,4,3,2,76,8,23,22,8,11,5,2,0,1,0,2,36,10,0,20,0,6,28,1,1,7,11,0,2,0,0,0,0,0,1,0,0,0,0,0,0,0,12,5,1,3,0,0,0,0,0,0,0,0,0,0,0,0,0,8,1,2,0,3,0,0,0,0,2,0
10 - Κιλκίς,71 E.T. Δήμου Κιλκίς,315,190,1,1,2,188,53,27,2,4,11,1,67,5,23,21,7,7,11,2,0,4,0,2,25,5,0,6,3,9,12,3,1,3,1,1,1,0,0,0,0,0,0,0,1,0,0,0,0,0,9,3,1,1,1,0,0,0,0,1,0,0,0,0,0,0,0,4,0,0,1,0,2,0,0,0,2,0
10 - Κιλκίς,72 E.T. Δήμου Κιλκίς,346,210,1,1,2,208,54,19,1,3,13,7,87,8,32,15,7,9,3,0,1,0,0,0,24,6,0,9,0,7,4,1,0,1,2,0,5,0,0,0,0,0,2,0,2,0,0,0,0,0,8,2,0,2,0,0,0,1,0,2,0,0,0,1,0,0,0,7,2,0,0,1,4,0,0,0,4,0
10 - Κιλκίς,73 E.T. Δήμου Κιλκίς,327,201,0,1,1,200,46,24,2,10,0,2,58,2,20,14,7,6,9,0,1,1,1,2,46,36,0,1,0,8,18,3,0,1,9,1,2,0,2,0,0,0,0,0,2,0,1,0,0,0,8,6,1,0,0,0,0,1,0,1,1,0,0,1,0,0,1,5,1,1,1,0,2,0,0,0,1,0
10 - Κιλκίς,74 E.T. Δήμου Κιλκίς,398,217,3,1,4,213,53,28,0,6,1,5,66,9,19,13,14,3,12,0,1,0,0,8,32,19,0,3,0,9,26,3,1,0,4,1,2,0,0,0,0,0,0,0,1,0,0,0,0,0,14,4,0,3,1,0,0,0,0,0,0,0,0,0,0,0,0,4,0,0,1,0,1,0,0,0,2,0
10 - Κιλκίς,75 E.T. Δήμου Κιλκίς,338,235,5,3,8,227,31,10,4,2,2,1,120,12,51,25,11,13,17,0,0,6,2,7,32,3,0,11,2,12,6,0,0,0,2,0,8,3,1,0,0,0,0,0,0,0,0,0,0,0,6,1,2,1,0,0,0,0,0,0,0,0,0,0,0,0,0,7,1,0,0,1,0,0,0,0,0,0
10 - Κιλκίς,76 E.T. Δήμου Κιλκίς,381,249,1,3,4,245,41,17,2,5,6,5,133,7,56,27,8,22,12,4,0,1,0,5,13,3,0,6,2,1,4,1,0,0,3,0,10,0,0,0,0,0,0,0,2,0,0,0,0,0,14,5,0,2,1,0,0,1,0,0,0,0,0,0,0,0,0,9,4,0,0,1,2,0,0,0,4,0
10 - Κιλκίς,77 E.T. Δήμου Κιλκίς,360,193,0,0,0,193,20,6,2,1,3,3,103,17,29,39,8,4,9,3,0,4,1,0,40,4,1,4,3,27,2,0,0,1,0,0,3,0,0,0,0,0,0,0,0,0,0,0,0,0,8,1,0,5,0,0,0,0,0,1,0,0,0,0,0,0,0,6,1,1,0,0,1,0,0,0,0,0
10 - Κιλκίς,78 E.T. Δήμου Κιλκίς,301,157,0,1,1,156,37,15,2,4,5,1,47,5,20,10,2,8,4,3,0,0,0,1,28,3,0,5,2,17,13,1,5,3,2,0,5,3,2,0,0,0,0,0,0,0,0,0,0,0,13,3,0,5,1,0,0,0,0,0,0,0,0,0,0,0,0,6,1,0,0,1,1,1,0,0,2,2
10 - Κιλκίς,79 E.T. Δήμου Κιλκίς,268,129,1,0,1,128,51,16,4,7,1,4,39,4,13,7,4,7,7,1,0,1,0,3,12,0,0,2,1,9,2,1,0,0,0,0,1,0,0,0,0,0,1,0,0,0,0,0,0,0,8,1,1,5,0,0,0,0,0,0,0,0,0,0,0,0,0,6,0,1,2,1,0,0,0,0,1,0
10 - Κιλκίς,80 E.T. Δήμου Κιλκίς,342,193,0,1,1,192,60,22,14,5,9,1,67,10,18,20,2,14,3,0,0,2,0,1,34,4,0,13,1,10,13,3,0,1,5,0,1,0,0,0,0,0,0,0,0,0,0,0,0,0,8,2,0,4,0,0,0,0,0,0,0,0,0,0,0,0,0,6,0,0,2,0,0,0,0,0,0,0
10 - Κιλκίς,81 E.T. Δήμου Κιλκίς,540,252,1,0,1,251,55,32,3,9,4,0,126,21,41,33,3,22,10,1,0,1,2,4,18,2,0,5,0,11,12,3,0,1,5,0,5,3,0,0,0,0,1,0,1,0,0,0,0,0,14,4,2,8,0,0,0,0,0,3,0,0,0,0,0,0,0,5,0,1,1,1,0,0,0,0,1,0
10 - Κιλκίς,82 E.T. Δήμου Κιλκίς,555,288,4,0,4,284,72,32,6,13,7,5,134,15,57,37,4,16,14,2,0,0,0,9,23,1,0,12,1,9,11,2,0,1,7,0,1,0,0,0,0,0,0,0,0,0,0,0,0,0,17,5,2,9,0,0,0,0,0,2,0,0,0,0,0,0,0,6,2,2,1,0,2,0,0,0,2,0
10 - Κιλκίς,83 E.T. Δήμου Κιλκίς,536,241,0,1,1,240,52,25,2,2,6,4,98,10,38,31,3,8,7,1,0,0,0,2,26,3,0,9,0,13,22,1,1,2,12,0,2,0,0,0,0,0,0,0,0,0,0,0,0,0,17,3,0,7,1,0,0,0,0,4,0,1,0,0,0,0,0,5,1,3,0,0,4,0,0,2,3,1
10 - Κιλκίς,84 E.T. Δήμου Κιλκίς,366,201,1,1,2,199,30,13,3,2,3,1,149,13,52,68,3,7,4,1,0,0,0,3,3,0,0,0,0,3,3,2,0,0,0,0,1,0,0,0,0,0,0,0,1,0,0,0,0,0,2,1,0,1,0,0,0,0,0,0,0,0,0,0,0,0,0,6,1,1,0,1,0,0,0,0,0,0
10 - Κιλκίς,85 E.T. Δήμου Κιλκίς,470,167,1,0,1,166,9,5,1,0,0,1,124,25,33,35,20,6,11,0,0,1,0,9,2,0,0,1,0,1,0,0,0,0,0,0,1,0,0,0,0,0,1,0,1,0,0,0,0,0,12,4,1,3,2,0,0,0,0,0,0,0,0,0,0,0,0,4,2,0,1,0,0,0,0,0,1,0
10 - Κιλκίς,86 E.T. Δήμου Κιλκίς,352,158,0,0,0,158,44,18,7,4,3,2,44,6,16,10,1,7,5,0,0,0,0,3,14,2,0,1,1,9,19,1,0,4,12,0,1,0,0,0,0,0,1,0,10,0,0,0,0,0,9,1,0,2,0,1,0,0,0,0,0,0,0,0,0,0,0,8,0,0,0,5,0,0,0,0,2,0
10 - Κιλκίς,87 E.T. Δήμου Κιλκίς,275,109,0,0,0,109,32,17,1,3,0,3,25,6,1,5,2,7,5,3,0,1,1,0,2,0,0,1,0,0,25,6,3,2,11,0,2,2,0,0,0,0,1,1,2,0,0,2,0,0,6,4,1,0,0,0,0,1,0,0,0,0,0,0,0,0,0,3,0,0,0,3,3,1,0,0,2,1
10 - Κιλκίς,88 E.T. Δήμου Κιλκίς,419,175,3,1,4,171,45,13,3,8,16,4,54,32,8,12,1,0,8,2,0,0,4,0,5,0,0,5,0,0,44,0,2,9,33,0,2,0,1,0,0,0,0,0,0,0,0,0,0,0,9,3,1,4,0,0,0,0,0,0,0,0,0,1,1,0,0,3,1,0,0,0,0,0,0,0,0,0
10 - Κιλκίς,89 E.T. Δήμου Κιλκίς,346,184,0,0,0,184,32,4,23,0,0,1,112,61,28,8,0,8,15,1,1,1,0,10,8,0,0,5,0,3,3,2,0,0,0,0,3,0,2,0,0,0,0,0,0,0,0,0,0,0,4,0,0,0,0,0,0,0,0,1,0,0,0,1,1,0,0,3,1,0,0,1,1,0,0,0,1,1
10 - Κιλκίς,90 E.T. Δήμου Κιλκίς,334,208,2,1,3,205,30,4,23,0,0,1,109,67,7,27,3,0,12,3,0,0,0,9,22,0,0,10,0,8,9,4,2,1,1,0,4,0,0,0,0,0,0,0,1,0,0,0,0,0,14,3,2,7,0,0,0,0,0,0,0,0,0,0,0,0,0,3,2,0,0,0,0,0,0,0,1,0
10 - Κιλκίς,91 E.T. Δήμου Κιλκίς,322,210,2,1,3,207,83,38,11,4,3,7,55,4,30,13,2,5,1,0,0,0,0,1,23,1,0,9,0,12,22,0,0,11,6,0,7,0,0,0,0,0,0,0,0,0,0,0,0,0,4,2,1,0,0,0,0,0,0,0,0,0,0,0,0,0,0,11,2,2,3,4,0,0,0,0,1,0
10 - Κιλκίς,92 E.T. Δήμου Κιλκίς,160,87,2,0,2,85,16,7,0,3,1,0,46,3,21,11,1,9,6,0,0,0,0,3,3,0,0,1,0,2,2,0,2,0,0,0,3,1,1,0,0,0,0,0,2,1,0,0,0,0,5,2,0,1,0,0,0,0,0,0,0,0,0,0,0,0,0,1,0,0,1,0,1,0,0,0,0,0
10 - Κιλκίς,93 E.T. Δήμου Κιλκίς,339,137,5,0,5,132,16,6,0,2,2,1,62,4,11,31,0,12,8,2,0,1,0,3,25,4,0,6,1,13,2,0,1,0,0,0,4,2,1,0,0,0,0,0,0,0,0,0,0,0,10,0,0,4,0,0,0,1,1,0,0,0,0,0,0,0,0,2,2,0,0,0,1,0,0,0,1,0
10 - Κιλκίς,94 E.T. Δήμου Κιλκίς,419,226,1,2,3,223,11,6,0,1,4,0,146,39,46,32,9,15,25,2,0,0,0,10,13,1,0,9,0,3,0,0,0,0,0,0,1,0,0,0,0,0,1,0,0,0,0,0,0,0,17,8,0,5,0,0,0,0,0,0,0,0,0,0,0,0,0,2,0,0,0,1,3,0,0,0,4,0
10 - Κιλκίς,95 E.T. Δήμου Κιλκίς,387,215,2,2,4,211,19,9,3,2,2,0,151,27,41,43,13,24,17,0,1,3,0,10,4,0,0,1,0,3,4,0,0,0,4,0,1,0,0,0,0,0,0,0,2,0,0,0,0,0,8,3,0,2,0,0,0,0,0,0,0,0,0,1,0,0,0,3,0,0,1,0,0,0,0,0,1,0
10 - Κιλκίς,96 E.T. Δήμου Κιλκίς,400,253,3,0,3,250,41,11,10,8,1,4,125,5,32,26,28,29,39,0,0,19,2,18,18,2,0,4,0,11,7,0,0,4,1,1,4,0,0,0,0,0,0,0,3,0,0,0,0,0,3,2,0,1,0,0,0,0,0,0,0,0,0,2,0,0,0,6,3,0,0,0,1,0,0,0,1,0
10 - Κιλκίς,97 E.T. Δήμου Κιλκίς,362,231,2,0,2,229,38,10,5,2,2,8,111,12,28,19,19,22,27,0,1,12,0,13,22,8,0,5,1,7,2,0,0,1,1,0,5,0,1,1,0,0,0,0,1,0,0,0,0,0,15,5,0,4,1,0,0,0,0,1,0,0,1,0,0,0,0,2,1,0,0,1,1,0,0,0,4,2
10 - Κιλκίς,98 E.T. Δήμου Κιλκίς,506,231,5,1,6,225,49,22,9,3,2,0,84,4,8,42,25,1,11,4,1,2,1,3,57,10,1,5,6,20,3,0,1,0,1,0,4,1,2,0,0,0,0,0,0,0,0,0,0,0,10,3,1,2,0,1,0,1,1,0,0,0,0,0,0,0,0,3,1,0,0,0,0,0,0,0,2,1
10 - Κιλκίς,99 E.T. Δήμου Κιλκίς,458,209,0,2,2,207,41,9,2,2,16,6,89,1,51,16,5,10,16,6,1,1,0,6,24,2,0,9,2,10,1,0,0,0,0,0,4,1,2,0,0,0,2,0,1,1,0,0,0,0,17,9,2,3,0,0,0,1,1,0,0,0,0,0,0,0,0,8,3,0,1,2,0,0,0,0,3,2
10 - Κιλκίς,100 E.T. Δήμου Κιλκίς,141,77,1,1,2,75,13,6,1,1,1,2,33,6,7,9,3,2,3,2,0,0,0,1,13,0,0,1,0,11,0,0,0,0,0,0,2,0,0,0,0,0,0,0,0,0,0,0,0,0,9,4,0,1,0,0,0,0,0,1,0,0,0,0,0,0,0,1,0,0,1,0,0,0,0,0,0,0
10 - Κιλκίς,101 E.T. Δήμου Κιλκίς,377,212,0,0,0,212,38,8,14,3,0,0,106,31,27,27,3,9,7,0,1,0,1,5,29,5,0,9,1,14,10,0,0,7,1,1,0,0,0,0,0,0,0,0,3,2,0,1,0,0,9,3,0,6,0,0,0,0,0,1,0,0,0,0,0,0,0,6,0,1,0,0,1,0,1,0,2,2
10 - Κιλκίς,102 E.T. Δήμου Κιλκίς,310,158,2,1,3,155,29,13,4,1,8,0,43,5,13,9,4,3,3,1,0,0,0,1,45,2,0,39,1,2,13,3,0,2,5,0,1,0,0,0,0,0,0,0,0,0,0,0,0,0,15,3,2,7,0,1,0,0,0,0,0,0,0,1,0,0,0,2,0,0,0,0,1,0,0,0,1,0
10 - Κιλκίς,103 E.T. Δήμου Κιλκίς,299,137,2,1,3,134,35,14,2,4,2,3,39,9,13,5,3,5,3,0,0,2,0,0,25,1,0,18,0,4,13,2,1,2,4,1,1,0,0,0,0,0,0,0,0,0,0,0,0,0,12,7,1,2,0,1,0,0,0,1,0,0,0,0,0,0,0,2,0,1,0,0,0,0,0,0,2,0
10 - Κιλκίς,104 E.T. Δήμου Κιλκίς,295,164,2,0,2,162,26,10,2,4,5,0,81,6,33,24,4,13,15,0,0,0,0,13,21,6,0,7,2,6,5,0,0,5,0,0,1,1,0,0,0,0,0,0,0,0,0,0,0,0,3,1,1,1,0,0,0,0,0,0,0,0,0,0,0,0,0,3,1,0,1,0,3,0,1,2,4,3
10 - Κιλκίς,105 E.T. Δήμου Κιλκίς,325,174,1,1,2,172,25,4,6,4,2,4,84,5,25,21,5,24,9,2,0,3,0,3,17,0,0,9,0,6,16,0,1,14,0,0,1,0,0,1,0,0,0,0,2,0,0,0,2,0,8,4,0,2,0,0,0,0,0,0,0,0,0,0,0,0,0,6,1,0,1,1,0,0,0,0,4,4
10 - Κιλκίς,106 E.T. Δήμου Κιλκίς,367,203,2,0,2,201,61,29,0,1,14,5,50,2,25,11,3,4,3,0,0,1,0,0,47,5,0,5,0,37,18,3,3,1,7,0,4,0,0,0,0,0,0,0,0,0,0,0,0,0,9,1,0,5,0,1,0,0,0,0,0,0,0,1,0,0,0,1,1,0,0,0,2,0,0,0,4,0
10 - Κιλκίς,107 E.T. Δήμου Κιλκίς,386,203,0,4,4,199,28,12,6,3,3,1,133,5,64,47,17,0,10,4,0,0,0,4,11,1,0,2,0,7,1,0,0,0,0,1,1,0,0,0,0,0,0,0,0,0,0,0,0,0,8,7,1,0,0,0,0,0,0,0,0,0,0,0,0,0,0,3,0,0,0,0,2,0,0,0,2,0
10 - Κιλκίς,108 E.T. Δήμου Κιλκίς,431,190,0,1,1,189,61,21,9,9,11,2,78,5,20,41,4,5,2,0,0,0,0,2,17,2,0,8,0,7,22,2,3,2,5,0,0,0,0,0,0,0,0,0,1,0,0,0,0,0,5,1,0,2,0,0,0,0,0,0,0,0,0,0,0,0,0,3,2,0,0,0,0,0,0,0,0,0
10 - Κιλκίς,109 E.T. Δήμου Κιλκίς,311,131,1,0,1,130,9,3,0,0,1,1,78,22,13,32,4,4,11,1,0,2,1,4,3,1,0,0,0,2,0,0,0,0,0,0,2,2,0,0,0,0,0,0,0,0,0,0,0,0,20,12,1,6,0,0,0,0,0,0,0,0,0,0,0,0,0,5,1,1,1,0,0,0,0,0,2,1
10 - Κιλκίς,110 E.T. Δήμου Κιλκίς,471,252,1,2,3,249,52,24,7,4,3,1,120,5,59,23,13,15,10,0,0,0,0,8,37,0,0,10,1,24,15,1,2,7,2,3,0,0,0,0,0,0,1,0,0,0,0,0,0,0,11,5,0,3,0,0,0,0,0,1,0,0,0,0,0,0,0,2,1,0,0,0,0,0,0,0,0,0
10 - Κιλκίς,111 E.T. Δήμου Κιλκίς,219,121,1,4,5,116,2,1,0,0,0,1,91,28,16,39,1,5,4,0,0,1,0,2,2,0,0,2,0,0,2,1,0,0,0,0,0,0,0,0,0,0,0,0,0,0,0,0,0,0,11,6,0,5,0,0,0,0,0,0,0,0,0,1,1,0,0,2,2,0,0,0,0,0,0,0,1,1
10 - Κιλκίς,112 E.T. Δήμου Κιλκίς,474,263,2,0,2,261,46,10,6,6,12,4,145,6,81,26,8,12,19,2,1,4,1,7,24,1,5,5,0,12,5,1,2,0,0,0,5,0,0,0,0,0,1,0,1,0,0,0,0,0,10,1,2,1,1,0,0,0,0,0,0,0,0,0,0,0,0,2,0,1,0,0,1,0,0,0,2,0
10 - Κιλκίς,113 E.T. Δήμου Κιλκίς,468,223,2,1,3,220,23,7,0,4,6,2,146,5,85,25,9,13,12,2,1,4,1,3,17,1,6,3,0,7,2,1,1,0,0,0,1,0,0,0,0,0,0,0,0,0,0,0,0,0,12,0,2,0,0,1,0,0,0,0,0,0,0,0,0,0,0,3,0,2,0,0,1,0,0,0,2,0
10 - Κιλκίς,114 E.T. Δήμου Κιλκίς,475,226,1,1,2,224,30,7,4,2,11,3,152,10,99,16,3,14,12,1,0,7,0,3,9,1,1,0,0,6,3,0,1,2,0,0,1,0,0,0,0,0,0,0,0,0,0,0,0,0,14,9,1,3,0,0,0,0,0,0,0,0,0,0,0,0,0,2,0,0,0,0,0,0,0,0,1,0
10 - Κιλκίς,115 E.T. Δήμου Κιλκίς,484,220,1,0,1,219,23,5,1,7,4,3,136,5,93,19,2,10,11,0,1,7,0,2,19,0,2,3,1,13,2,0,0,0,1,0,0,0,0,0,0,0,2,1,2,0,0,0,2,0,16,9,1,3,1,0,0,0,0,3,0,2,1,0,0,0,0,4,0,3,1,0,1,0,0,0,0,0
10 - Κιλκίς,116 E.T. Δήμου Κιλκίς,565,257,7,2,9,248,38,10,4,5,5,3,149,3,115,19,2,0,19,2,0,1,0,12,17,0,2,2,0,13,5,1,0,2,1,0,3,0,0,0,0,0,0,0,1,0,0,0,0,0,12,8,0,4,0,1,0,0,0,0,0,0,0,0,0,0,0,3,3,0,0,0,0,0,0,0,0,0
10 - Κιλκίς,117 E.T. Δήμου Κιλκίς,463,171,1,1,2,169,33,5,3,10,8,3,85,3,59,11,3,5,7,0,1,2,0,2,12,1,1,4,1,3,5,2,0,0,0,2,4,1,1,0,0,0,0,0,0,0,0,0,0,0,14,7,0,3,0,2,0,0,0,2,0,0,1,0,0,0,0,3,0,1,0,0,0,0,0,0,2,1
10 - Κιλκίς,118 E.T. Δήμου Κιλκίς,481,196,3,1,4,192,53,10,1,8,3,7,86,2,36,32,4,6,7,1,0,1,0,4,21,0,1,10,0,9,2,1,0,0,1,0,1,0,0,0,0,0,0,0,0,0,0,0,0,0,12,4,1,1,0,0,0,0,0,0,0,0,0,1,0,0,0,2,0,1,0,1,4,0,0,0,3,0
10 - Κιλκίς,119 E.T. Δήμου Κιλκίς,499,212,6,1,7,205,36,5,1,6,5,5,112,10,57,13,3,21,11,1,0,3,1,5,18,0,0,3,0,12,1,0,0,0,0,0,2,0,0,0,0,0,0,0,0,0,0,0,0,0,10,3,0,1,0,0,0,0,0,2,0,0,0,0,0,0,0,7,0,3,1,0,1,0,0,0,5,0
10 - Κιλκίς,120 E.T. Δήμου Κιλκίς,510,143,2,0,2,141,42,10,3,2,5,4,69,3,43,11,1,5,3,1,0,1,0,1,13,2,0,5,0,5,4,1,0,0,1,0,1,0,1,0,2,0,1,1,0,0,0,0,0,0,2,1,0,1,0,0,0,0,0,0,0,0,0,0,0,0,0,0,0,0,0,0,1,0,0,0,3,2
10 - Κιλκίς,121 E.T. Δήμου Κιλκίς,510,151,2,2,4,147,27,10,1,1,9,2,84,0,48,18,1,6,1,0,0,0,0,1,26,3,0,3,1,17,1,0,1,0,0,0,2,1,1,0,0,0,0,0,2,1,0,0,0,0,2,0,0,0,0,0,0,0,0,0,0,0,0,0,0,0,0,2,0,0,0,0,0,0,0,0,0,0
10 - Κιλκίς,122 E.T. Δήμου Κιλκίς,505,118,6,1,7,111,24,7,0,4,9,0,49,3,28,10,3,0,2,1,0,0,0,0,25,4,0,8,0,11,5,1,0,0,0,2,1,0,0,0,0,0,0,0,0,0,0,0,0,0,1,0,1,0,0,0,0,0,0,0,0,0,0,0,0,0,0,2,0,1,0,0,2,0,0,0,0,0
10 - Κιλκίς,123 E.T. Δήμου Κιλκίς,585,352,3,2,5,347,86,21,6,15,7,8,163,2,45,101,5,6,7,0,1,0,1,1,25,1,0,10,1,10,26,0,11,1,5,0,3,1,1,0,0,0,1,0,0,0,0,0,0,0,15,7,2,1,1,0,0,1,0,6,0,5,0,1,0,0,1,10,2,2,2,1,1,0,0,0,2,1
10 - Κιλκίς,124 E.T. Δήμου Κιλκίς,500,323,3,1,4,319,51,17,4,7,6,2,166,2,20,124,2,11,11,1,0,1,0,4,23,1,0,6,1,13,10,0,3,0,2,1,11,0,0,0,0,0,3,0,0,0,0,0,0,0,16,6,2,2,0,0,0,0,0,2,0,0,0,0,0,0,0,18,4,3,1,0,3,0,0,0,5,0
10 - Κιλκίς,125 E.T. Δήμου Κιλκίς,448,263,2,3,5,258,58,7,2,0,36,2,109,24,16,49,15,0,7,0,0,3,0,3,30,2,0,5,7,11,3,2,0,0,0,0,4,1,3,0,0,0,1,1,2,0,0,2,0,0,20,8,3,3,2,0,0,0,0,3,0,0,0,0,0,0,0,5,1,1,1,0,2,0,0,0,14,10
10 - Κιλκίς,126 E.T. Δήμου Κιλκίς,449,257,4,2,6,251,70,27,0,13,15,0,62,3,14,14,4,23,9,1,1,0,0,2,42,3,0,10,0,28,36,3,18,1,6,2,2,0,1,1,0,0,1,1,3,0,0,0,0,0,10,6,0,2,0,0,0,1,0,2,0,0,1,0,0,0,0,11,0,0,3,2,0,0,0,0,2,0
10 - Κιλκίς,127 E.T. Δήμου Κιλκίς,460,246,3,1,4,242,55,23,0,12,8,2,77,3,32,11,2,20,13,3,0,1,1,7,37,2,0,9,0,24,24,0,15,2,0,1,4,0,0,0,0,0,0,0,0,0,0,0,0,0,10,2,0,3,0,0,0,1,0,2,0,0,0,1,0,0,0,8,1,0,0,0,3,0,0,0,7,0
10 - Κιλκίς,128 E.T. Δήμου Κιλκίς,306,153,0,1,1,152,29,13,5,2,6,2,62,10,24,11,1,13,1,0,0,0,0,1,28,2,0,20,3,3,6,1,0,3,1,1,1,0,0,0,0,0,0,0,0,0,0,0,0,0,12,7,0,4,0,0,0,0,0,0,0,0,0,0,0,0,0,5,1,1,0,3,1,0,0,0,7,0
10 - Κιλκίς,129 E.T. Δήμου Κιλκίς,392,207,1,0,1,206,34,19,2,3,5,1,88,3,16,26,4,25,6,0,0,2,0,3,57,1,0,48,0,8,4,0,0,0,1,0,0,0,0,0,0,0,2,1,0,0,0,0,0,0,8,3,1,0,2,0,0,0,0,2,1,0,0,0,0,0,0,1,0,0,0,0,0,0,0,0,4,1
10 - Κιλκίς,130 E.T. Δήμου Κιλκίς,415,243,4,0,4,239,7,3,0,1,0,1,180,29,35,66,6,36,27,0,0,2,0,23,9,0,0,2,0,7,1,0,1,0,0,0,1,0,0,0,0,0,0,0,0,0,0,0,0,0,9,2,1,0,5,0,0,0,0,0,0,0,0,0,0,0,0,2,0,0,0,1,1,0,0,0,2,0
10 - Κιλκίς,131 E.T. Δήμου Κιλκίς,475,285,1,4,5,280,14,4,2,0,0,2,196,14,42,77,11,34,28,0,0,1,0,27,12,0,0,1,6,5,1,0,0,0,1,0,4,0,0,0,1,0,0,0,2,0,0,0,0,0,12,2,0,4,2,0,0,0,0,1,0,0,0,0,0,0,0,6,0,1,0,1,1,0,0,0,2,0
10 - Κιλκίς,132 E.T. Δήμου Κιλκίς,415,247,1,1,2,245,9,1,1,1,0,0,176,14,25,79,8,36,27,0,0,1,0,26,13,0,0,2,2,8,1,0,1,0,0,0,1,0,0,0,0,0,0,0,0,0,0,0,0,0,12,2,0,3,2,0,0,0,0,0,0,0,0,0,0,0,0,3,0,1,1,1,1,0,0,0,2,0
10 - Κιλκίς,133 E.T. Δήμου Κιλκίς,490,281,0,1,1,280,6,3,1,0,0,0,185,14,46,80,8,24,49,1,0,0,1,47,15,0,0,0,4,11,3,0,0,1,1,0,4,4,0,0,0,0,0,0,0,0,0,0,0,0,7,3,0,3,0,0,0,0,0,3,0,1,1,0,0,0,0,6,3,1,1,0,1,0,0,0,1,1
10 - Κιλκίς,134 E.T. Δήμου Κιλκίς,526,327,5,2,7,320,52,15,7,11,3,7,184,23,77,64,6,12,27,2,0,20,0,1,20,4,0,8,0,7,3,0,2,0,0,0,4,0,0,0,0,0,0,0,0,0,0,0,0,0,19,6,0,6,2,0,0,0,0,1,0,0,0,0,0,0,0,4,1,0,2,0,1,0,0,0,5,0
10 - Κιλκίς,135 E.T. Δήμου Κιλκίς,468,256,0,2,2,254,37,9,5,4,2,4,146,16,64,42,9,6,16,1,0,11,0,3,16,2,0,4,0,9,7,1,1,1,1,1,3,0,0,0,0,0,0,0,0,0,0,0,0,0,12,4,1,5,0,1,0,1,0,0,0,0,0,10,0,0,0,2,2,3,3,1,0,0,0,0,3,0
10 - Κιλκίς,136 E.T. Δήμου Κιλκίς,285,180,5,1,6,174,36,10,0,2,15,2,104,2,16,78,1,5,3,1,0,1,0,0,12,0,0,4,0,8,0,0,0,0,0,0,2,0,0,0,0,0,0,0,0,0,0,0,0,0,7,1,3,0,0,0,0,0,0,0,0,0,0,0,0,0,0,6,2,1,0,1,2,0,0,0,2,0
10 - Κιλκίς,137 E.T. Δήμου Κιλκίς,360,205,4,1,5,200,43,13,2,1,18,4,118,4,17,90,0,6,4,0,0,4,0,0,14,3,0,3,0,8,3,0,0,1,0,1,1,0,0,0,0,0,0,0,0,0,0,0,0,0,8,2,0,1,1,0,0,0,0,2,0,0,1,1,1,0,0,5,1,1,2,0,0,0,0,0,1,0
10 - Κιλκίς,138 E.T. Δήμου Κιλκίς,435,235,2,0,2,233,63,27,5,6,1,4,86,3,34,26,9,7,14,2,0,0,2,4,25,4,1,13,1,4,12,0,1,0,4,3,3,0,0,0,0,0,1,0,0,0,0,0,0,0,22,6,2,7,0,0,0,1,0,1,0,0,0,0,0,0,0,2,0,0,0,0,1,0,0,0,2,0
10 - Κιλκίς,139 E.T. Δήμου Κιλκίς,467,266,2,1,3,263,69,44,3,4,4,4,115,12,33,39,8,9,15,6,0,1,1,6,25,0,1,8,2,12,4,0,1,0,0,0,4,0,0,0,0,0,0,0,0,0,0,0,0,0,19,5,1,9,1,0,0,0,0,0,0,0,0,0,0,0,0,6,2,1,0,0,2,0,0,0,4,0
10 - Κιλκίς,140 E.T. Δήμου Κιλκίς,404,216,3,0,3,213,66,28,6,8,4,7,51,2,16,24,2,0,8,0,2,0,1,4,27,0,0,2,21,4,43,0,40,1,0,0,2,0,0,0,0,0,2,0,0,0,0,0,0,0,4,2,0,0,0,1,0,0,0,0,0,0,0,0,0,0,0,6,1,1,1,1,0,0,0,0,3,0
10 - Κιλκίς,141 E.T. Δήμου Κιλκίς,437,195,5,1,6,189,75,46,5,9,3,2,25,4,8,7,1,1,5,1,0,0,0,3,36,1,0,5,20,9,32,0,32,0,0,0,1,0,0,1,0,0,1,1,0,0,0,0,0,0,8,7,0,0,0,0,0,0,0,1,0,0,0,0,0,0,0,3,0,1,1,0,1,0,0,0,1,0
10 - Κιλκίς,142 E.T. Δήμου Κιλκίς,496,233,4,0,4,229,71,28,7,11,6,9,45,3,6,21,4,2,3,1,0,0,0,2,51,2,0,4,43,1,36,0,35,0,0,0,4,0,0,2,0,0,0,0,3,0,0,0,3,0,2,2,0,0,0,2,0,0,0,0,0,0,0,1,0,1,0,2,0,0,0,2,1,0,0,0,8,3
10 - Κιλκίς,143 E.T. Δήμου Κιλκίς,489,255,8,1,9,246,64,32,6,3,12,3,89,7,39,14,5,16,12,1,0,1,0,6,36,4,1,25,2,2,20,1,0,12,3,1,3,2,0,1,0,0,1,1,4,0,0,1,2,0,5,1,0,2,0,0,0,0,0,2,2,0,0,0,0,0,0,8,2,2,0,1,1,0,0,1,1,1
10 - Κιλκίς,144 E.T. Δήμου Κιλκίς,505,272,1,5,6,266,76,32,2,13,11,3,53,2,31,7,1,11,14,1,0,2,0,5,62,10,2,15,4,28,29,0,2,25,2,0,5,0,1,1,0,0,2,2,1,0,0,0,1,0,12,4,0,3,0,0,0,0,0,2,0,1,1,0,0,0,0,4,0,1,1,0,0,0,0,0,6,4
10 - Κιλκίς,145 E.T. Δήμου Κιλκίς,514,293,1,1,2,291,63,21,4,13,10,4,122,20,68,15,4,11,11,1,0,2,0,6,38,6,0,13,4,11,14,0,0,10,1,1,1,0,0,0,0,0,1,0,2,0,0,1,1,0,17,5,2,5,1,0,0,0,0,1,1,0,0,3,0,3,0,13,2,3,2,3,1,0,1,0,4,2
10 - Κιλκίς,146 E.T. Δήμου Κιλκίς,498,287,4,1,5,282,69,27,0,14,8,6,94,3,45,21,6,14,16,0,0,2,0,10,48,6,0,24,2,14,23,0,2,10,3,2,5,2,0,2,0,0,0,0,0,0,0,0,0,0,11,3,2,5,0,0,0,0,0,1,1,0,0,2,0,2,0,7,1,1,1,1,0,0,0,0,6,0
10 - Κιλκίς,147 E.T. Δήμου Κιλκίς,248,140,0,0,0,140,61,24,1,7,17,4,17,2,9,2,1,2,4,2,1,0,0,1,28,2,0,17,1,8,16,6,2,6,0,0,1,0,1,0,1,1,0,0,0,0,0,0,0,0,9,1,0,8,0,0,0,0,0,0,0,0,0,0,0,0,0,2,1,0,0,1,0,0,0,0,1,0
10 - Κιλκίς,148 E.T. Δήμου Κιλκίς,345,186,1,1,2,184,57,23,8,7,13,0,37,4,19,9,3,0,6,0,0,0,0,4,49,3,0,24,0,15,21,5,2,9,2,0,0,0,0,0,0,0,0,0,0,0,0,0,0,0,6,1,0,5,0,0,0,0,0,0,0,0,0,0,0,0,0,3,1,1,1,0,1,0,0,1,4,2
10 - Κιλκίς,149 E.T. Δήμου Κιλκίς,383,215,0,1,1,214,55,25,3,7,3,9,75,3,41,10,13,6,2,1,1,0,0,0,13,5,0,1,1,5,42,5,2,20,6,0,0,0,0,0,1,1,0,0,0,0,0,0,0,0,10,4,0,3,0,1,0,0,0,5,0,2,0,0,0,0,0,4,1,0,1,1,5,3,0,0,1,1
10 - Κιλκίς,150 E.T. Δήμου Κιλκίς,479,275,3,0,3,272,37,18,3,7,0,0,160,6,102,30,3,12,12,4,0,1,0,4,19,6,0,9,0,4,30,1,1,17,7,0,1,0,0,0,0,0,1,0,0,0,0,0,0,0,8,1,2,0,0,0,0,1,1,0,0,0,0,0,0,0,0,3,0,0,0,1,0,0,0,0,0,0
10 - Κιλκίς,151 E.T. Δήμου Κιλκίς,500,268,4,1,5,263,37,14,0,6,2,4,165,15,58,34,25,25,11,1,0,1,3,5,13,1,0,4,0,5,5,0,0,3,1,1,0,0,0,0,0,0,1,1,2,0,0,2,0,0,17,7,1,5,0,1,1,0,0,0,0,0,0,1,0,1,0,6,1,1,0,3,1,0,0,0,3,3
10 - Κιλκίς,152 E.T. Δήμου Κιλκίς,499,249,1,1,2,247,41,17,3,6,5,3,148,12,58,30,22,20,8,2,1,0,0,4,25,1,0,6,1,17,4,0,1,1,1,0,0,0,0,0,0,0,1,1,0,0,0,0,0,0,10,4,2,2,0,1,1,0,0,0,0,0,0,1,0,0,1,3,0,0,0,0,1,0,0,0,4,1
10 - Κιλκίς,153 E.T. Δήμου Κιλκίς,447,148,0,0,0,148,38,25,1,3,2,1,63,0,6,16,0,38,2,0,0,0,0,1,3,0,0,2,0,1,34,2,2,27,0,1,1,0,1,0,0,0,0,0,0,0,0,0,0,0,2,2,0,0,0,0,0,0,0,0,0,0,0,0,0,0,0,2,0,0,1,1,0,0,0,0,3,2
10 - Κιλκίς,154 E.T. Δήμου Κιλκίς,360,119,1,1,2,117,21,16,0,0,0,1,55,2,2,12,1,35,3,0,0,0,0,2,8,2,0,2,0,3,19,3,1,13,0,0,1,1,0,0,0,0,0,0,0,0,0,0,0,0,0,0,0,0,0,0,0,0,0,0,0,0,0,0,0,0,0,5,1,0,0,1,2,2,0,0,3,1
10 - Κιλκίς,155 E.T. Δήμου Παιονίας,557,281,4,0,4,277,77,15,0,24,4,27,117,12,43,35,4,8,13,3,0,9,0,1,26,4,0,4,1,14,9,2,1,1,2,3,4,1,1,0,0,0,0,0,4,0,4,0,0,0,10,2,0,4,1,1,0,1,1,2,0,0,0,0,0,0,0,6,1,1,0,1,4,2,0,0,3,1
10 - Κιλκίς,156 E.T. Δήμου Παιονίας,564,320,5,1,6,314,86,10,6,31,3,22,130,8,40,69,1,7,14,2,0,5,2,5,21,2,0,10,0,6,10,1,1,0,2,0,5,0,0,0,0,0,1,0,4,0,0,0,0,0,22,3,3,5,3,0,0,1,0,4,0,0,0,1,0,0,0,5,1,2,0,0,3,0,0,0,7,0
10 - Κιλκίς,157 E.T. Δήμου Παιονίας,556,254,0,4,4,250,67,11,2,20,1,29,95,5,35,39,2,5,9,1,0,5,1,1,27,3,0,10,1,10,15,2,0,0,1,5,7,1,0,2,0,0,0,0,2,0,2,0,0,0,10,4,0,4,1,0,0,0,0,1,1,0,0,0,0,0,0,11,1,4,2,1,1,1,0,0,5,2
10 - Κιλκίς,158 E.T. Δήμου Παιονίας,548,279,2,2,4,275,81,9,1,27,5,22,82,6,25,30,2,8,15,3,2,4,0,3,42,9,0,13,0,18,11,8,0,0,0,2,4,0,0,0,0,0,0,0,1,0,0,0,0,0,14,5,2,4,0,0,0,0,0,1,0,0,0,0,0,0,0,10,1,4,1,0,6,0,0,0,8,0
10 - Κιλκίς,159 E.T. Δήμου Παιονίας,560,284,7,1,8,276,87,22,5,25,3,20,86,6,33,33,2,6,23,2,1,10,1,5,33,2,1,18,1,8,8,3,2,0,0,1,5,0,0,0,0,0,0,0,1,0,0,0,0,0,15,5,2,2,3,0,0,1,0,1,0,0,0,2,0,0,0,10,2,1,1,0,2,0,0,0,2,0
10 - Κιλκίς,160 E.T. Δήμου Παιονίας,562,277,2,0,2,275,65,11,4,29,2,12,120,2,51,45,3,9,25,1,4,14,1,2,25,1,0,20,0,4,10,2,1,2,1,3,5,0,0,0,0,0,0,0,1,0,0,0,0,0,10,4,0,2,0,0,0,0,0,0,0,0,0,0,0,0,0,6,0,1,0,2,2,0,0,0,6,0
10 - Κιλκίς,161 E.T. Δήμου Παιονίας,420,255,1,1,2,253,52,13,2,8,5,19,95,4,35,48,3,2,15,0,0,12,0,2,46,3,0,30,0,11,4,1,1,0,0,2,5,0,0,0,0,0,1,0,2,0,0,0,0,0,15,5,3,2,1,0,0,0,0,1,0,0,0,0,0,0,0,11,1,4,0,0,1,0,0,0,5,0
10 - Κιλκίς,162 E.T. Δήμου Παιονίας,382,208,1,1,2,206,52,14,0,12,2,17,93,4,24,46,1,11,5,0,0,4,0,1,27,2,0,16,0,9,4,1,0,0,0,1,2,0,0,0,0,0,0,0,4,0,0,0,0,0,8,2,1,5,0,0,0,0,0,0,0,0,0,0,0,0,0,7,1,1,1,0,1,0,0,0,3,0
10 - Κιλκίς,163 E.T. Δήμου Παιονίας,355,217,1,0,1,216,40,7,1,7,4,11,89,6,34,41,0,5,8,0,0,5,0,2,38,3,0,21,0,13,5,2,0,0,0,3,1,0,0,0,0,0,2,0,14,0,0,0,0,0,6,2,0,0,0,0,0,0,0,0,0,0,0,2,0,0,0,5,2,2,0,0,2,0,0,0,4,0
10 - Κιλκίς,164 E.T. Δήμου Παιονίας,358,181,1,0,1,180,52,9,3,8,5,16,68,9,23,21,4,3,5,1,1,1,0,1,15,3,0,4,4,2,8,2,3,0,0,0,3,0,0,0,0,0,1,0,2,0,0,0,0,0,11,3,2,0,2,0,0,0,0,1,0,0,0,1,0,0,0,5,2,1,0,1,1,0,0,0,7,0
10 - Κιλκίς,165 E.T. Δήμου Παιονίας,212,122,4,0,4,118,13,4,1,1,0,2,75,5,52,15,0,1,6,0,2,3,0,0,11,0,0,0,0,1,2,1,0,0,0,1,1,0,0,0,1,0,0,0,0,0,0,0,0,0,6,2,0,2,1,0,0,0,0,0,0,0,0,0,0,0,0,1,0,0,0,1,0,0,0,0,2,0
10 - Κιλκίς,166 E.T. Δήμου Παιονίας,370,178,1,2,3,175,45,11,0,2,4,18,75,10,11,39,0,6,13,1,2,8,0,1,24,0,0,13,0,8,7,1,0,0,0,0,0,0,0,0,0,0,0,0,0,0,0,0,0,0,4,1,0,1,1,0,0,0,0,0,0,0,0,0,0,0,0,4,1,0,0,0,1,0,0,0,2,0
10 - Κιλκίς,167 E.T. Δήμου Παιονίας,378,191,8,2,10,181,48,18,2,6,0,8,73,8,15,28,4,8,6,0,0,5,0,1,27,1,1,9,1,14,10,1,0,0,0,3,0,0,0,0,0,0,1,0,0,0,0,0,0,0,10,3,0,6,1,0,0,0,0,0,0,0,0,1,0,0,0,2,0,0,0,0,1,0,0,0,2,2
10 - Κιλκίς,168 E.T. Δήμου Παιονίας,372,236,2,1,3,233,64,20,3,9,4,9,91,6,33,27,1,13,14,0,0,10,0,3,28,1,0,6,1,17,8,2,0,0,1,3,3,0,0,0,0,0,1,0,0,0,0,0,0,0,14,2,1,6,0,0,0,0,0,0,0,0,0,1,0,0,0,2,0,1,0,0,5,0,0,0,2,0
10 - Κιλκίς,169 E.T. Δήμου Παιονίας,419,258,1,1,2,256,47,11,1,5,4,8,141,11,37,61,3,13,7,0,0,2,0,2,16,3,0,4,0,8,5,0,0,0,0,2,3,0,1,0,0,0,0,0,0,0,0,0,0,0,17,2,1,2,1,0,0,0,0,3,0,0,1,2,1,0,1,11,0,0,0,8,3,0,0,0,1,1
10 - Κιλκίς,170 E.T. Δήμου Παιονίας,327,144,4,0,4,140,31,11,1,4,1,6,56,8,16,24,0,3,6,2,2,1,0,0,21,2,0,5,0,9,6,0,1,0,0,2,1,0,0,0,0,0,0,0,0,0,0,0,0,0,3,3,0,0,0,0,0,0,0,0,0,0,0,0,0,0,0,11,1,10,0,0,2,0,0,0,3,0
10 - Κιλκίς,171 E.T. Δήμου Παιονίας,465,222,3,1,4,218,40,1,0,2,19,10,82,3,30,29,1,13,15,4,1,2,0,2,43,1,0,4,1,34,1,0,0,0,0,1,6,0,0,0,0,0,0,0,0,0,0,0,0,0,11,3,0,2,1,1,0,0,0,2,0,0,0,0,0,0,0,15,1,1,1,3,1,0,0,0,1,0
10 - Κιλκίς,172 E.T. Δήμου Παιονίας,203,60,2,0,2,58,21,0,2,1,4,4,25,0,3,18,0,0,4,0,0,4,0,0,2,0,0,1,0,0,0,0,0,0,0,0,0,0,0,0,0,0,0,0,0,0,0,0,0,0,5,2,2,0,0,0,0,0,0,0,0,0,0,0,0,0,0,0,0,0,0,0,1,0,0,0,0,0
10 - Κιλκίς,173 E.T. Δήμου Παιονίας,300,168,2,0,2,166,35,10,2,6,5,1,68,7,19,27,2,4,20,1,2,12,0,4,15,3,1,5,0,5,3,0,1,0,1,0,2,0,0,0,0,0,0,0,0,0,0,0,0,0,6,1,2,2,0,0,0,0,0,1,0,0,0,2,0,0,0,8,0,3,1,1,2,0,0,0,4,0
10 - Κιλκίς,174 E.T. Δήμου Παιονίας,546,281,5,2,7,274,81,27,6,11,1,28,106,16,44,29,5,2,5,0,0,2,0,2,33,0,3,15,2,12,9,3,0,0,0,3,7,0,0,0,0,0,2,0,1,0,0,0,0,0,16,2,3,3,1,0,0,0,0,0,0,0,0,1,0,0,0,4,0,0,0,0,0,0,0,0,9,0
10 - Κιλκίς,175 E.T. Δήμου Παιονίας,544,302,11,1,12,290,105,39,5,13,8,16,81,9,25,34,4,5,11,1,0,4,1,2,43,7,2,18,1,12,9,2,4,0,2,1,3,0,0,0,0,0,1,0,0,0,0,0,0,0,22,8,5,5,0,0,0,0,0,0,0,0,0,0,0,0,0,6,1,1,1,1,5,0,0,0,4,0
10 - Κιλκίς,176 E.T. Δήμου Παιονίας,541,300,3,1,4,296,98,41,1,10,0,23,101,3,36,46,1,5,9,0,0,5,0,3,36,0,1,15,1,13,6,0,1,0,0,4,4,0,0,0,1,0,3,0,1,0,0,0,0,0,14,3,2,3,1,0,0,1,0,0,0,0,0,6,0,0,0,9,1,0,1,0,3,0,0,0,4,0
10 - Κιλκίς,177 E.T. Δήμου Παιονίας,524,291,9,2,11,280,84,28,2,11,7,29,105,10,41,36,5,2,6,1,0,2,0,1,33,1,0,16,0,16,14,2,0,0,0,7,4,0,0,0,0,0,2,0,1,0,0,0,0,0,12,5,2,3,0,0,0,0,0,0,0,0,0,0,0,0,0,10,2,2,0,3,3,0,0,0,6,0
10 - Κιλκίς,178 E.T. Δήμου Παιονίας,527,260,2,1,3,257,73,17,4,20,1,18,86,8,30,34,5,4,12,2,2,4,1,2,30,4,0,10,0,12,16,5,1,0,1,5,7,0,0,0,0,0,1,0,1,0,0,0,0,0,10,2,1,2,1,2,0,0,0,2,0,0,0,1,0,0,0,8,1,2,1,1,0,0,0,0,8,0
10 - Κιλκίς,179 E.T. Δήμου Παιονίας,526,285,8,5,13,272,47,12,0,7,1,16,136,12,42,59,3,8,11,2,1,4,1,3,27,6,0,6,1,12,15,4,0,0,0,3,3,1,1,1,1,0,0,0,0,0,0,0,0,0,13,1,1,7,0,0,0,0,0,0,0,0,0,1,0,0,0,12,5,1,3,1,3,2,0,0,3,1
10 - Κιλκίς,180 E.T. Δήμου Παιονίας,547,289,4,3,7,282,72,25,2,13,0,20,106,17,42,39,3,1,13,1,0,9,0,1,42,5,0,21,0,15,11,1,1,0,3,2,6,1,0,1,0,0,0,0,0,0,0,0,0,0,12,1,0,6,0,0,0,2,1,1,1,0,0,0,0,0,0,11,1,6,0,0,1,1,0,0,5,2
10 - Κιλκίς,181 E.T. Δήμου Παιονίας,538,268,1,3,4,264,59,12,2,5,3,23,120,14,36,53,5,3,3,1,0,1,0,1,31,2,0,10,0,17,14,3,0,0,4,2,6,0,0,0,0,0,2,0,2,0,0,0,0,0,20,6,1,7,2,0,0,1,0,2,0,0,0,1,0,0,0,2,0,1,0,0,0,0,0,0,1,0
10 - Κιλκίς,182 E.T. Δήμου Παιονίας,400,175,5,2,7,168,77,32,1,1,6,25,49,4,7,28,1,1,4,0,0,4,0,0,14,0,0,0,0,4,6,2,0,0,0,4,2,0,0,0,0,0,0,0,0,0,0,0,0,0,4,1,1,0,0,0,0,0,0,0,0,0,0,0,0,0,0,4,0,1,0,0,0,0,0,0,8,0
10 - Κιλκίς,183 E.T. Δήμου Παιονίας,419,216,4,4,8,208,88,24,1,1,7,33,71,6,13,38,0,2,5,1,0,1,0,2,16,2,0,3,2,7,7,2,0,0,0,0,4,0,0,0,0,0,0,0,1,0,0,0,0,0,10,3,2,0,0,0,0,0,0,1,0,0,0,1,0,0,0,4,0,0,1,1,0,0,0,0,0,0
10 - Κιλκίς,184 E.T. Δήμου Παιονίας,441,204,2,2,4,200,92,32,2,3,7,30,59,7,11,29,5,2,3,0,0,2,0,0,20,1,2,6,0,7,10,2,2,0,0,0,0,0,0,0,0,0,0,0,1,0,0,0,0,0,6,2,1,1,0,1,0,0,0,0,0,0,0,1,0,0,0,2,0,0,0,1,1,0,0,0,4,0
10 - Κιλκίς,185 E.T. Δήμου Παιονίας,387,150,5,2,7,143,25,6,1,5,1,3,56,4,12,38,1,0,4,0,0,3,0,0,21,1,0,5,2,10,5,4,0,0,0,1,1,0,0,0,0,0,0,0,0,0,0,0,0,0,20,5,1,0,8,0,0,0,0,0,0,0,0,0,0,0,0,3,0,0,1,0,4,0,0,0,4,3
10 - Κιλκίς,186 E.T. Δήμου Παιονίας,375,151,2,2,4,147,36,14,1,3,3,3,63,0,24,25,1,0,7,0,1,5,0,1,6,2,0,2,0,2,8,1,1,0,0,2,2,0,0,0,0,0,0,0,0,0,0,0,0,0,16,2,2,0,6,0,0,0,0,1,0,0,0,0,0,0,0,5,2,1,1,0,3,0,0,0,0,0
10 - Κιλκίς,187 E.T. Δήμου Παιονίας,509,205,12,1,13,192,64,13,1,9,2,8,67,4,12,33,2,4,0,0,0,0,0,0,31,13,2,8,0,6,5,0,4,0,0,0,6,1,0,0,0,0,0,0,2,0,1,0,0,0,3,1,1,0,0,0,0,0,0,1,0,0,0,0,0,0,0,10,0,0,0,1,2,0,0,0,1,0
10 - Κιλκίς,188 E.T. Δήμου Παιονίας,357,175,2,0,2,173,62,11,0,13,1,16,69,3,10,22,0,28,4,0,0,1,0,2,15,7,0,3,0,4,4,1,0,0,1,1,3,0,0,0,0,0,1,0,0,0,0,0,0,0,8,3,1,1,0,0,0,0,0,0,0,0,0,0,0,0,0,5,1,1,1,0,0,0,0,0,2,0
10 - Κιλκίς,189 E.T. Δήμου Παιονίας,177,116,1,0,1,115,42,9,3,18,2,9,38,5,8,23,1,1,0,0,0,0,0,0,14,2,0,6,1,5,1,0,0,0,0,0,2,0,0,0,0,0,1,0,1,0,0,0,0,0,1,0,0,0,0,0,0,0,0,3,0,0,0,1,0,0,0,4,0,0,0,0,1,0,0,0,6,0
10 - Κιλκίς,190 E.T. Δήμου Παιονίας,470,296,3,3,6,290,33,6,2,1,7,7,154,30,55,38,3,17,22,2,0,9,1,3,44,1,1,14,2,24,5,1,0,1,0,1,8,0,0,0,0,0,0,0,2,0,0,0,0,0,12,2,1,2,1,0,0,0,0,2,0,0,0,2,0,0,0,2,1,0,0,0,0,0,0,0,4,0
10 - Κιλκίς,191 E.T. Δήμου Παιονίας,462,225,4,4,8,217,38,4,0,3,9,7,97,3,45,28,1,10,11,3,2,2,0,0,17,4,0,3,3,4,9,2,0,0,0,3,4,1,1,0,0,0,0,0,0,0,0,0,0,0,27,7,1,10,1,0,0,0,0,6,4,0,0,1,0,0,0,3,0,2,0,0,1,0,0,1,3,2
10 - Κιλκίς,192 E.T. Δήμου Παιονίας,418,239,1,0,1,238,50,3,5,5,7,11,104,5,30,46,0,19,10,1,0,4,0,2,31,2,1,7,1,19,4,1,2,0,0,0,6,1,2,1,0,0,0,0,3,0,1,0,0,1,13,8,0,1,0,0,0,0,0,1,0,0,0,2,0,0,1,6,1,1,0,1,6,2,3,0,2,0
10 - Κιλκίς,193 E.T. Δήμου Παιονίας,495,299,6,0,6,293,69,13,3,7,4,30,135,17,51,60,2,2,13,1,3,5,0,3,26,4,0,9,3,7,9,3,1,0,0,2,6,0,0,0,0,0,2,0,0,0,0,0,0,0,9,2,0,2,0,5,0,0,0,2,0,0,0,0,0,0,0,10,2,5,1,0,1,0,0,0,6,0
10 - Κιλκίς,194 E.T. Δήμου Παιονίας,507,306,2,0,2,304,59,13,1,4,1,20,130,14,46,56,5,4,21,2,1,10,0,5,35,2,0,15,2,15,17,4,0,1,2,6,3,0,0,0,0,0,1,0,3,0,0,0,0,0,11,2,0,8,0,4,0,0,0,2,0,0,0,0,0,0,0,8,0,3,1,2,3,0,0,0,7,0
10 - Κιλκίς,195 E.T. Δήμου Παιονίας,498,302,2,3,5,297,64,9,2,7,6,22,145,16,38,70,1,14,10,1,1,4,0,2,23,1,0,9,1,10,17,2,3,1,1,4,2,0,1,0,0,0,0,0,0,0,0,0,0,0,9,1,3,2,0,4,3,0,0,2,1,0,0,2,2,0,0,10,2,4,1,1,2,1,0,0,7,6
10 - Κιλκίς,196 E.T. Δήμου Παιονίας,536,330,2,1,3,327,75,17,1,13,7,23,133,18,45,54,0,6,16,0,0,3,0,13,26,9,0,7,0,9,29,5,1,0,1,14,2,0,0,0,0,0,2,0,1,0,0,0,0,0,21,7,2,5,2,5,0,0,0,0,0,0,0,2,0,0,0,10,2,2,0,0,1,0,0,0,4,0
10 - Κιλκίς,197 E.T. Δήμου Παιονίας,564,372,4,3,7,365,72,18,4,2,1,28,195,35,58,46,6,35,31,0,0,18,0,11,20,1,0,14,0,5,7,0,2,0,0,0,3,1,1,0,0,0,0,0,0,0,0,0,0,0,14,6,2,3,0,0,0,0,0,3,2,0,0,2,1,0,1,7,1,2,0,0,7,2,0,2,4,3
10 - Κιλκίς,198 E.T. Δήμου Παιονίας,541,378,1,1,2,376,111,48,8,1,3,51,147,33,56,35,3,20,19,1,1,13,0,4,21,2,0,16,0,3,16,3,0,0,1,4,8,2,1,1,0,0,1,0,1,0,0,0,0,0,26,8,4,7,2,0,0,0,0,1,0,1,0,0,0,0,0,10,0,1,3,2,10,4,0,2,5,0
10 - Κιλκίς,199 E.T. Δήμου Παιονίας,569,349,3,5,8,341,80,8,1,8,3,35,145,22,46,25,5,12,24,2,2,10,1,1,28,2,0,16,1,9,15,4,1,0,0,2,4,0,0,0,0,0,4,0,0,0,0,0,0,0,21,5,1,6,2,1,0,0,0,3,0,0,0,1,0,0,0,7,1,3,0,1,8,0,0,0,0,0
10 - Κιλκίς,200 E.T. Δήμου Παιονίας,305,201,0,0,0,201,45,0,0,3,1,14,100,6,23,39,2,7,11,2,1,3,1,2,9,0,0,4,2,3,2,0,0,0,0,1,3,0,1,0,0,0,1,0,0,0,0,0,0,0,17,2,0,12,0,0,0,0,0,8,8,0,0,0,0,0,0,1,0,0,0,0,1,0,0,0,3,3
10 - Κιλκίς,201 E.T. Δήμου Παιονίας,532,353,6,4,10,343,51,14,1,12,0,6,201,15,36,113,6,13,8,0,1,4,0,3,38,3,1,10,0,17,8,1,0,0,1,0,4,1,1,0,0,0,0,0,3,0,2,1,0,0,20,8,3,2,1,0,0,1,0,1,0,1,0,1,0,0,0,5,0,1,0,2,0,0,0,0,2,0
10 - Κιλκίς,202 E.T. Δήμου Παιονίας,353,234,3,3,6,228,55,23,1,2,2,17,95,5,26,32,3,22,10,2,1,6,0,1,35,3,0,8,1,19,7,2,0,0,1,2,6,0,0,0,0,0,3,0,2,0,0,0,0,0,5,1,0,2,0,0,0,0,0,0,0,0,0,0,0,0,0,9,0,3,0,2,0,0,0,0,1,0
10 - Κιλκίς,203 E.T. Δήμου Παιονίας,354,216,3,0,3,213,55,16,0,9,1,18,88,8,14,34,4,23,14,2,0,7,2,2,21,0,0,3,2,14,5,0,0,0,0,1,4,1,0,0,0,0,0,0,0,0,0,0,0,0,12,2,2,5,0,0,0,0,0,1,0,1,0,1,0,0,0,9,1,3,1,1,0,0,0,0,3,1
10 - Κιλκίς,204 E.T. Δήμου Παιονίας,308,149,1,0,1,148,17,3,2,3,2,1,102,6,53,24,0,6,4,1,0,0,1,1,13,2,0,7,0,3,2,0,0,0,1,1,0,0,0,0,0,0,0,0,1,0,0,0,0,0,5,4,1,0,0,0,0,0,0,1,0,0,0,0,0,0,0,0,0,0,0,0,1,0,0,0,2,0
10 - Κιλκίς,205 E.T. Δήμου Παιονίας,256,111,2,0,2,109,11,4,0,3,1,3,68,1,28,24,3,1,7,1,1,0,0,2,6,4,0,1,0,0,0,0,0,0,0,0,2,0,0,0,0,0,0,0,0,0,0,0,0,0,8,2,1,2,0,0,0,0,0,0,0,0,0,2,0,0,0,4,1,0,0,2,0,0,0,0,1,0
10 - Κιλκίς,206 E.T. Δήμου Παιονίας,534,290,5,2,7,283,49,7,0,6,2,25,122,11,46,33,3,15,27,2,5,19,0,0,25,2,0,15,1,6,15,7,0,0,1,6,7,3,1,0,0,0,2,0,1,0,0,0,0,0,25,6,2,10,4,0,0,0,0,1,0,0,0,0,0,0,0,2,1,1,0,0,5,0,0,0,2,0
10 - Κιλκίς,207 E.T. Δήμου Παιονίας,529,357,4,0,4,353,67,8,2,10,2,30,167,2,66,54,8,17,17,0,1,10,0,5,23,5,0,8,0,8,14,6,1,0,1,4,4,0,0,0,0,0,0,0,3,0,0,0,0,0,26,9,3,5,2,0,0,0,0,2,0,0,0,2,0,0,0,13,2,3,0,1,6,0,0,0,9,0
10 - Κιλκίς,208 E.T. Δήμου Παιονίας,540,297,1,3,4,293,59,4,3,4,0,41,110,4,43,37,1,19,29,1,1,20,0,0,30,5,0,6,0,17,9,2,0,0,0,6,6,0,0,0,0,0,0,0,6,0,0,0,0,0,21,4,3,6,1,0,0,1,0,0,0,0,0,2,0,0,0,3,1,0,1,1,12,0,0,0,5,0
10 - Κιλκίς,209 E.T. Δήμου Παιονίας,551,306,6,1,7,299,56,2,1,4,4,36,154,6,50,68,2,16,12,1,1,8,0,1,33,4,0,12,1,13,3,1,0,0,0,1,4,2,1,1,0,0,0,0,2,0,1,0,0,1,14,8,2,2,0,0,0,0,0,0,0,0,0,2,2,0,0,7,0,4,0,1,7,7,0,0,5,3
10 - Κιλκίς,210 E.T. Δήμου Παιονίας,536,305,4,4,8,297,73,6,5,7,3,43,140,4,56,41,0,17,15,1,2,9,0,2,11,1,0,4,1,2,12,6,0,0,0,6,6,0,0,0,0,0,0,0,1,0,0,0,0,0,17,5,2,3,5,0,0,0,0,1,0,0,0,6,0,0,0,8,1,0,0,4,4,0,0,0,3,0
10 - Κιλκίς,211 E.T. Δήμου Παιονίας,550,274,5,3,8,266,69,7,2,5,1,47,132,9,46,36,4,10,15,1,1,0,0,1,19,4,0,10,0,4,4,1,1,0,0,2,0,0,0,0,0,0,3,1,0,0,0,0,0,0,11,4,0,2,0,0,0,0,0,1,0,1,0,1,1,0,0,5,4,0,0,0,3,2,1,0,3,2
10 - Κιλκίς,212 E.T. Δήμου Παιονίας,532,364,9,0,9,355,79,12,2,9,1,39,168,6,52,69,2,22,28,1,0,19,2,1,33,3,2,10,2,10,8,3,1,0,0,2,4,2,0,0,2,0,0,0,3,0,3,0,0,0,14,4,1,1,5,0,0,0,0,2,0,2,0,0,0,0,0,8,1,0,1,1,4,1,0,1,2,2
10 - Κιλκίς,213 E.T. Δήμου Παιονίας,529,321,9,2,11,310,94,12,1,4,1,56,110,4,47,31,3,10,27,2,1,17,0,4,22,1,0,13,0,4,8,3,0,0,0,4,7,0,0,0,0,0,0,0,6,0,0,0,0,0,8,3,0,3,0,1,0,0,0,6,0,0,0,2,0,0,0,8,1,1,0,1,6,0,0,0,5,0
10 - Κιλκίς,214 E.T. Δήμου Παιονίας,541,299,3,5,8,291,55,2,0,2,3,38,138,8,49,46,2,19,19,1,0,13,0,3,22,2,0,12,0,6,5,0,0,0,0,3,6,0,0,0,0,0,0,0,1,0,0,0,0,0,20,5,1,5,4,0,0,0,0,2,0,0,0,0,0,0,0,8,1,1,1,1,7,0,0,0,8,0
10 - Κιλκίς,215 E.T. Δήμου Παιονίας,549,317,5,3,8,309,56,3,0,6,0,38,148,7,68,48,5,11,27,1,1,18,0,2,29,2,0,15,1,8,6,1,0,1,0,2,4,0,2,0,0,0,0,0,5,0,4,0,1,0,12,6,0,2,0,1,1,0,0,1,0,1,0,0,0,0,0,14,2,5,0,2,4,3,0,0,2,1
10 - Κιλκίς,216 E.T. Δήμου Παιονίας,346,204,0,2,2,202,43,6,0,6,6,17,102,22,19,47,1,6,13,0,0,11,1,0,15,3,0,5,1,5,7,1,1,2,1,0,4,0,0,0,0,0,1,0,0,0,0,0,0,0,9,3,0,5,0,0,0,0,0,2,0,0,0,2,1,0,0,2,1,0,0,0,1,0,0,0,1,0
10 - Κιλκίς,217 E.T. Δήμου Παιονίας,350,220,1,1,2,218,48,10,0,0,2,13,99,13,39,28,1,1,17,2,1,10,0,1,6,0,0,1,0,4,8,6,0,0,0,1,11,5,2,0,0,0,1,0,0,0,0,0,0,0,16,4,4,2,1,0,0,1,1,2,0,0,0,3,0,0,0,4,1,1,1,0,1,1,0,0,1,0
10 - Κιλκίς,218 E.T. Δήμου Παιονίας,524,292,0,1,1,291,65,14,3,10,2,23,47,0,18,22,1,3,70,0,0,69,0,0,43,6,0,12,0,24,40,9,1,0,0,21,2,0,0,0,0,0,0,0,0,0,0,0,0,0,8,3,2,0,0,0,0,0,0,0,0,0,0,2,0,0,0,9,0,1,0,2,0,0,0,0,5,0
10 - Κιλκίς,219 E.T. Δήμου Παιονίας,473,268,4,1,5,263,66,15,1,9,9,21,63,7,20,26,1,3,52,1,0,51,0,0,28,1,0,11,0,14,25,8,2,2,3,7,1,0,0,0,0,0,1,0,4,0,0,0,0,0,11,3,2,5,0,0,0,0,0,1,0,0,0,0,0,0,0,3,0,3,0,0,2,0,0,0,6,0
10 - Κιλκίς,220 E.T. Δήμου Παιονίας,440,266,6,0,6,260,38,8,5,3,1,17,127,4,60,41,4,6,17,0,1,12,0,3,40,1,0,21,2,14,4,1,0,0,0,0,3,0,0,0,0,0,1,0,1,0,0,0,0,0,19,5,0,10,0,0,0,0,0,2,0,0,0,0,0,0,0,8,1,0,0,4,0,0,0,0,0,0
10 - Κιλκίς,221 E.T. Δήμου Παιονίας,418,240,1,5,6,234,30,5,5,3,1,10,121,5,80,23,3,5,14,0,1,6,0,1,22,1,0,14,1,6,7,1,3,0,0,2,3,0,0,0,0,0,4,0,0,0,0,0,0,0,16,4,0,5,1,0,0,0,0,7,0,0,0,0,0,0,0,5,0,1,0,0,3,0,0,0,0,0
10 - Κιλκίς,222 E.T. Δήμου Παιονίας,452,271,0,1,1,270,34,12,0,8,0,8,172,16,90,38,6,14,11,2,0,2,0,6,25,5,0,8,0,9,3,0,1,0,0,0,6,0,0,0,0,0,0,0,0,0,0,0,0,0,11,3,0,3,0,0,0,0,0,1,0,0,0,2,0,0,0,3,0,0,0,0,0,0,0,0,2,0
10 - Κιλκίς,223 E.T. Δήμου Παιονίας,128,95,0,0,0,95,3,1,0,0,0,2,86,1,62,13,0,4,1,1,0,0,0,0,2,0,0,1,0,1,0,0,0,0,0,0,0,0,0,0,0,0,0,0,0,0,0,0,0,0,3,3,0,0,0,0,0,0,0,0,0,0,0,0,0,0,0,0,0,0,0,0,0,0,0,0,0,0
10 - Κιλκίς,224 E.T. Δήμου Παιονίας,396,196,2,1,3,193,34,4,1,4,0,21,80,3,34,24,2,17,29,1,15,13,0,0,14,2,0,7,0,5,5,1,0,0,2,0,3,0,0,0,0,0,0,0,0,0,0,0,0,0,18,7,0,4,0,0,0,0,0,0,0,0,0,0,0,0,0,4,0,2,1,1,0,0,0,0,6,0
10 - Κιλκίς,225 E.T. Δήμου Παιονίας,337,195,0,2,2,193,25,8,3,1,0,12,97,12,29,29,2,20,23,1,17,3,0,0,26,1,0,11,0,13,1,0,0,0,0,0,3,1,1,0,0,0,0,0,1,0,1,0,0,0,10,3,0,2,0,0,0,0,0,1,0,0,0,0,0,0,0,4,1,1,0,2,0,0,0,0,2,1
10 - Κιλκίς,226 E.T. Δήμου Παιονίας,351,194,5,0,5,189,46,23,1,6,2,6,73,3,26,22,0,14,11,1,0,4,0,4,21,5,0,12,0,1,16,5,1,0,2,2,4,0,0,0,0,0,0,0,0,0,0,0,0,0,3,1,0,0,1,1,0,0,0,1,0,0,0,0,0,0,0,8,3,1,2,1,2,0,0,0,3,0
10 - Κιλκίς,227 E.T. Δήμου Παιονίας,516,288,0,1,1,287,57,6,3,12,5,24,120,3,46,11,1,51,26,1,1,19,1,2,37,1,0,9,2,24,4,1,0,0,2,1,6,0,6,0,1,0,0,0,3,0,3,0,0,0,24,6,0,10,4,0,0,0,0,0,0,0,0,0,0,0,0,1,0,0,0,0,4,4,0,0,4,2
10 - Κιλκίς,228 E.T. Δήμου Παιονίας,106,42,0,0,0,42,8,4,0,0,0,2,16,0,7,4,1,2,3,0,0,0,2,1,7,0,0,7,0,0,5,5,0,0,0,0,2,0,0,0,0,0,0,0,0,0,0,0,0,0,0,0,0,0,0,0,0,0,0,1,0,0,0,0,0,0,0,0,0,0,0,0,0,0,0,0,0,0
10 - Κιλκίς,229 E.T. Δήμου Παιονίας,261,125,8,0,8,117,48,2,0,4,0,37,39,6,17,11,0,2,2,0,0,2,0,0,7,2,0,2,0,3,3,1,1,0,1,0,2,0,0,0,0,0,0,0,0,0,0,0,0,0,10,4,1,2,1,1,0,0,0,1,0,0,0,0,0,0,0,4,1,2,0,0,0,0,0,0,0,0
10 - Κιλκίς,230 E.T. Δήμου Παιονίας,355,166,1,1,2,164,73,7,0,1,0,63,45,4,14,19,0,4,5,0,1,3,0,0,11,2,0,6,0,3,14,5,2,0,0,3,1,0,0,0,0,0,0,0,1,0,0,0,0,0,5,1,2,2,0,0,0,0,0,1,0,0,0,0,0,0,0,2,0,1,0,1,2,0,0,0,4,0
10 - Κιλκίς,231 E.T. Δήμου Παιονίας,370,190,19,2,21,169,56,13,1,9,17,8,74,3,29,12,1,26,6,0,0,0,0,0,10,0,0,4,1,5,8,1,1,0,0,4,1,0,0,0,0,0,1,0,2,0,0,0,0,0,1,0,0,0,0,0,0,0,0,1,0,0,0,1,0,0,0,2,0,0,1,0,2,0,0,0,4,0
10 - Κιλκίς,232 E.T. Δήμου Παιονίας,367,160,2,0,2,158,37,4,2,5,12,9,80,0,30,23,2,18,11,1,0,9,0,0,8,1,0,4,0,3,9,5,0,0,0,1,1,0,0,0,0,0,0,0,2,0,0,0,0,0,4,3,0,1,0,0,0,0,0,1,0,0,0,0,0,0,0,2,1,1,0,0,3,0,0,0,0,0
10 - Κιλκίς,233 E.T. Δήμου Παιονίας,407,166,2,0,2,164,40,4,3,4,0,21,54,4,21,12,1,11,6,0,0,3,0,3,29,0,0,16,2,11,22,4,0,0,0,14,2,0,0,0,0,0,0,0,1,0,0,0,0,0,5,3,0,0,1,0,0,0,0,1,0,0,0,0,0,0,0,1,0,1,0,0,2,0,0,0,1,0
10 - Κιλκίς,234 E.T. Δήμου Παιονίας,421,158,1,0,1,157,34,2,0,8,0,19,42,1,17,15,1,5,11,2,4,2,1,1,42,6,0,12,4,18,11,1,1,0,0,7,1,0,1,0,0,0,0,0,0,0,0,0,0,0,12,1,0,4,5,1,0,0,0,0,0,0,0,0,0,0,0,0,0,0,0,0,0,0,0,0,3,3
10 - Κιλκίς,235 E.T. Δήμου Παιονίας,433,180,2,1,3,177,77,11,3,7,4,31,26,2,7,12,0,3,0,0,0,0,0,0,40,0,0,10,4,24,8,3,0,0,0,4,0,0,0,0,0,0,0,0,0,0,0,0,0,0,14,4,1,5,3,0,0,0,0,0,0,0,0,1,1,0,0,8,0,4,0,1,1,1,0,0,2,1
10 - Κιλκίς,236 E.T. Δήμου Παιονίας,572,290,3,1,4,286,36,8,3,7,0,12,105,7,24,37,2,32,14,2,2,7,0,1,88,2,0,74,1,11,9,2,1,0,0,6,4,1,1,0,0,0,0,0,0,0,0,0,0,0,20,5,0,6,2,0,0,0,0,2,0,1,0,1,1,0,0,4,1,1,0,1,1,0,0,0,2,1
10 - Κιλκίς,237 E.T. Δήμου Παιονίας,547,278,13,2,15,263,35,9,1,0,2,14,89,2,13,32,2,0,19,0,0,14,0,3,71,0,0,68,0,1,13,1,0,1,0,6,6,0,5,0,0,0,0,0,3,0,3,0,0,0,13,4,3,5,0,0,0,0,0,2,0,0,0,0,0,0,0,7,1,2,0,2,0,0,0,0,5,1
10 - Κιλκίς,Ετερ. Κιλκίς (από 17ο Ε.Τ. Νομ. Θεσσαλονίκης),504,269,2,4,6,263,63,21,2,10,2,2,139,36,48,13,0,0,1,1,0,0,0,0,20,1,1,4,1,10,12,2,0,0,2,0,3,0,0,0,0,0,3,0,0,0,0,0,0,0,10,6,0,2,0,0,0,0,0,2,0,0,0,0,0,0,0,2,1,0,1,0,2,0,0,0,6,0
10 - Κιλκίς,Ετερ. Κιλκίς (από Εφετείο Θεσσαλονίκης),53,26,0,0,0,26,8,6,0,1,0,1,11,0,6,1,1,0,0,0,0,0,0,0,4,1,0,0,0,1,2,0,0,0,1,0,0,0,0,0,0,0,0,0,0,0,0,0,0,0,1,1,0,0,0,0,0,0,0,0,0,0,0,0,0,0,0,0,0,0,0,0,0,0,0,0,0,0
10 - Κιλκίς,Ετερ. Κιλκίς (από 86ο Ε.Τ. Νομ. Αττικής-Αθηνών),286,176,0,1,1,175,50,22,2,8,3,6,83,4,44,15,5,8,3,1,0,0,0,0,15,3,1,5,0,3,12,0,2,1,3,0,0,0,0,0,0,0,0,0,0,0,0,0,0,0,5,0,0,3,2,0,0,0,0,0,0,0,0,0,0,0,0,4,1,1,1,0,1,0,0,0,2,0
Σύνολο,,103783,55990,686,333,1019,54971,12765,4179,753,1692,1361,2243,23280,2379,8336,6974,1174,2500,2878,249,133,916,72,1028,6163,738,54,2268,299,2373,2777,368,407,417,621,287,738,85,79,26,14,2,135,23,249,6,27,20,28,3,2835,927,209,810,138,62,10,38,10,252,24,34,14,135,17,13,6,1478,236,252,161,216,402,50,16,23,767,165
