ΠΕΡΙΦΕΡΕΙΑ,ΕΚΛΟΓΙΚΟ ΤΜΗΜΑ,ΕΓΓΕΓΡΑΜΜΕΝΟΙ,ΨΗΦΙΣΑΝΤΕΣ,ΑΚΥΡΑ,ΛΕΥΚΑ,ΑΚΥΡΑ & ΛΕΥΚΑ,ΕΓΚΥΡΑ,ΣΥΡΙΖΑ,ΒΕΤΤΑ ΚΑΛΛΙΟΠΗ του Δημητρίου,ΓΟΥΛΙΑΡΟΥ ΘΕΟΔΩΡΑ του Δημητρίου,ΔΗΜΗΤΡΙΑΔΗΣ ΔΗΜΗΤΡΙΟΣ (ΜΙΜΗΣ) του Κλεάνθη,ΘΕΟΦΥΛΑΚΤΟΣ ΙΩΑΝΝΗΣ του Γαβριήλ,ΘΕΟΧΑΡΗ ΣΤΥΛΙΑΝΗ του Χαράλαμπου,ΜΟΥΜΟΥΛΙΔΗΣ ΘΕΜΙΣΤΟΚΛΗΣ (ΘΕΜΗΣ) του Σταματίου,ΝΤΖΙΜΑΝΗΣ ΓΕΩΡΓΙΟΣ του Δημητρίου,Νέα Δημοκρατία,ΑΚΡΙΤΙΔΗΣ ΠΟΛΥΧΡΟΝΙΟΣ (ΧΡΟΝΗΣ) του Παναγιώτη,ΑΜΑΝΑΤΙΔΗΣ ΓΕΩΡΓΙΟΣ του Ισαάκ,ΒΡΥΖΙΔΟΥ ΠΑΡΑΣΚΕΥΗ του Παναγιώτη,ΚΩΝΣΤΑΝΤΙΝΙΔΗΣ ΕΥΣΤΑΘΙΟΣ του Κωνσταντίνου,ΠΑΠΑΔΟΠΟΥΛΟΣ ΜΙΧΑΗΛ (ΜΙΧΑΛΗΣ) του Γεωργίου,ΠΡΩΪΟΥ-ΒΑΡΖΗ ΕΥΛΑΜΠΙΑ (ΕΥΗ) του Ευαγγέλου,ΣΕΜΕΡΤΖΙΔΟΥ ΚΑΛΛΙΟΠΗ (ΠΟΠΗ) του Μιλτιάδη,Λαϊκός Σύνδεσμος - Χρυσή Αυγή,ΑΛΕΞΗΣ ΣΠΥΡΙΔΩΝ του Προκοπίου,ΖΑΡΟΓΙΑΝΝΗ ΧΡΥΣΟΥΛΑ του Οδυσσέα,ΚΑΡΑΒΕΛΙΑΣ ΣΤΕΡΓΙΟΣ του Αθανασίου,ΠΕΧΛΙΒΑΝΙΔΗΣ ΝΙΚΟΛΑΟΣ του Λαζάρου,ΤΣΙΟΤΣΙΟΠΟΥΛΟΥ ΜΑΡΙΑ του Ηλία,Κίνημα Αλλαγής,ΒΡΑΚΑΣ ΚΩΝΣΤΑΝΤΙΝΟΣ του Τριαντάφυλλου,ΓΚΡΙΤΖΕΛΗ-ΤΟΚΜΑΚΙΔΗ ΒΑΣΙΛΙΚΗ (ΒΑΣΩ) του Πάσχου,ΖΑΡΟΓΙΑΝΝΗΣ ΛΟΥΚΑΣ του Ιωάννη,ΚΑΒΟΥΡΑ-ΓΕΛΑΔΑΡΗ ΕΛΕΝΗ (ΛΕΝΑ) του Ιωάννη,ΚΟΥΚΟΥΛΟΠΟΥΛΟΣ ΠΑΡΑΣΚΕΥΑΣ (ΠΑΡΙΣ) του Δημητρίου,ΤΑΪΓΑΝΙΔΟΥ ΕΛΕΝΗ του Ιωάννη,ΤΣΙΛΦΙΔΗΣ ΑΝΑΣΤΑΣΙΟΣ (ΤΑΣΟΣ) του Χρήστου,Κ.Κ.Ε.,ΑΔΑΜΙΔΟΥ ΣΟΦΙΑ του Δημητρίου,ΑΝΤΑΡΑΣ ΚΩΝΣΤΑΝΤΙΝΟΣ του Φωτίου,ΚΟΥΔΟΥΝΑΣ ΓΕΩΡΓΙΟΣ του Παναγιώτη,ΚΟΥΖΙΑΚΗ ΘΕΟΔΩΡΑ-ΜΑΤΙΝΑ (ΤΙΝΑ) του Παναγιώτη,ΛΑΜΠΑΔΑ ΧΑΡΙΣ του Αριστείδη,ΤΑΤΑΡΙΔΗΣ ΠΕΤΡΟΣ του Φιλίππου,ΤΣΙΓΚΑ ΕΥΘΥΜΙΑ (ΕΦΗ) του Κωνσταντίνου,Ένωση Κεντρώων,ΚΩΤΣΙΔΗΣ ΛΑΖΑΡΟΣ του Κοσμά,ΛΑΛΑΠΑΝΟΣ ΝΙΚΟΛΑΟΣ του Σπυρίδωνα,ΛΟΥΤΣΟΠΟΥΛΟΣ ΣΠΥΡΙΔΩΝ του Κοσμά,ΜΠΑΡΜΠΕΡΗ ΣΟΦΙΑ του Ιωάννη,ΠΑΝΑΓΙΩΤΟΠΟΥΛΟΥ ΜΑΡΙΑ του Ηλία,Ο.Κ.Δ.Ε.,ΚΑΡΥΔΗΣ ΜΑΡΚΟΣ του Παναγιώτη,ΑΝΤ.ΑΡ.ΣΥ.Α.,ΓΕΩΡΓΙΑΔΗΣ ΓΕΩΡΓΙΟΣ του Γεωργίου,ΔΙΝΟΠΟΥΛΟΥ ΕΥΑΓΓΕΛΙΑ του Νικολάου,ΠΡΑΣΣΟΣ ΣΤΕΦΑΝΟΣ του Αστερίου,Ελλήνων Συνέλευσις,ΓΕΩΡΓΙΑΔΗΣ ΑΛΕΞΑΝΔΡΟΣ του Κωνσταντίνου,ΓΚΙΟΥΡΑ ΘΕΟΔΩΡΑ του Κωνσταντίνου,ΚΑΡΑΚΟΥΛΑ ΜΑΡΚΗΣΙΑ του Χαρισίου,ΠΟΥΛΑΤΣΟΓΛΟΥ ΙΩΑΝΝΗΣ του Κυριάκου,ΕΕΚ Τροτσκιστές - Εργ.Επ.Κόμμα,ΠΑΠΑΔΑΤΟΥ ΑΛΕΞΑΝΔΡΑ του Μιχαήλ,Ελληνική Λύση - Κ. Βελόπουλος,ΔΕΣΠΟΙΝΙΔΗΣ ΔΗΜΗΤΡΙΟΣ του Χαραλάμπους,ΛΑΖΑΡΑΤΟΥ ΔΗΜΗΤΡΟΥΛΑ του Ιωάννη,ΜΕΤΟΙΚΙΔΟΥ ΕΛΕΝΗ του Κωνσταντίνου,ΠΑΠΑΔΟΠΟΥΛΟΣ ΑΛΕΞΙΟΣ του Κωνσταντίνου,ΣΑΛΤΣΙΔΗΣ ΓΕΩΡΓΙΟΣ του Κυριάκου,ΧΑΡΑΛΑΜΠΙΔΗΣ ΑΝΑΣΤΑΣΙΟΣ του Θεοδώρου,Κ.Κ.Ε. (μ-λ),ΑΒΟΥΖΟΥΚΛΙΔΟΥ ΔΗΜΗΤΡΑ του Κωνσταντίνου,ΘΕΡΑΠΙΔΗΣ ΒΑΣΙΛΕΙΟΣ του Ιωάννη,ΚΟΥΤΡΩΤΣΙΟΣ ΚΩΝΣΤΑΝΤΙΝΟΣ του Γεωργίου,Μ-Λ Κ.Κ.Ε.,ΘΕΟΔΩΡΙΔΗΣ ΗΛΙΑΣ του Κωνσταντίνου,Λαϊκή Ενότητα,ΚΑΔΟΓΛΟΥ ΘΕΟΔΟΣΙΟΣ του Κωνσταντίνου,ΜέΡΑ25,ΚΑΛΟΓΙΑΝΝΙΔΗΣ ΣΤΑΥΡΟΣ του Ιωάννη,ΣΑΡΔΕΛΗ ΦΩΤΕΙΝΗ του Γεωργίου,ΣΕΡΕΤΗ ΜΑΡΙΑ του Κωνσταντίνου,ΣΜΥΡΛΗ ΣΩΤΗΡΙΑ του Σταύρου,ΤΣΟΥΦΛΙΔΗΣ ΑΝΤΩΝΙΟΣ του Χαραλάμπους,Δημιουργία ξανά - Θ. Τζήμερος,ΚΑΡΑΔΗΜΟΥ ΑΛΕΞΑΝΔΡΑ του Χρήστου,ΚΩΣΤΑΚΗ ΔΗΜΗΤΡΑ του Κωνσταντίνου,ΜΕΛΛΙΟΠΟΥΛΟΣ ΓΕΩΡΓΙΟΣ του Νικολάου,ΜΠΛΕΤΣΗΣ ΒΑΣΙΛΕΙΟΣ του Παναγιώτη,ΠΛΙΑΤΣΙΟΣ ΝΙΚΟΛΑΟΣ του Κωνσταντίνου,Πλεύση Ελευθερίας - Ζωή Κωνστ.,ΠΡΑΣΣΑΣ ΔΗΜΗΤΡΙΟΣ του Αντωνίου
15 - Κοζάνης,1 E.T. Δήμου Βοΐου,363,174,3,1,4,170,60,13,4,2,17,10,18,1,64,6,12,5,33,11,11,13,0,0,0,0,0,0,11,1,0,3,1,2,3,0,9,1,6,0,2,0,0,6,1,0,0,0,0,0,0,0,0,0,0,0,0,0,0,0,0,0,0,23,4,3,5,2,1,7,0,0,0,0,0,0,0,0,2,0,0,2,1,0,0,0,0,0,0,0,0,0
15 - Κοζάνης,2 E.T. Δήμου Βοΐου,411,187,2,1,3,184,50,7,10,5,20,2,16,6,73,4,12,7,29,16,22,9,3,0,1,1,1,1,29,9,1,2,1,16,2,5,10,0,3,0,0,0,0,3,2,0,0,0,0,0,0,0,0,0,0,0,0,0,0,0,0,0,0,9,0,2,1,2,2,2,0,0,0,0,0,0,1,0,3,2,1,0,0,1,1,0,0,0,0,0,3,0
15 - Κοζάνης,3 E.T. Δήμου Βοΐου,555,325,6,3,9,316,70,23,4,16,13,17,11,12,145,15,46,45,27,43,30,16,14,2,3,7,1,1,35,4,4,10,0,10,4,10,22,3,10,4,5,1,0,6,4,2,0,1,0,1,0,0,2,2,0,0,0,0,0,0,0,0,0,11,1,2,1,4,0,2,1,0,0,0,0,0,0,0,7,1,1,2,2,1,2,1,0,0,0,0,3,1
15 - Κοζάνης,4 E.T. Δήμου Βοΐου,534,308,5,4,9,299,53,12,8,10,11,12,12,14,175,18,46,52,60,44,41,24,5,0,2,2,0,1,42,8,1,14,5,17,8,20,15,4,11,2,6,1,0,1,2,1,1,0,1,1,0,0,0,0,0,0,0,0,0,0,0,0,0,2,0,1,0,2,0,1,0,0,0,0,0,0,0,0,3,2,0,2,0,0,0,0,0,0,0,0,2,2
15 - Κοζάνης,5 E.T. Δήμου Βοΐου,545,308,4,2,6,302,70,28,5,12,16,17,13,10,155,9,27,59,49,48,31,28,13,1,1,10,1,2,36,9,0,14,3,18,2,21,10,2,5,1,4,1,0,5,4,0,0,1,0,0,0,0,1,0,1,0,3,1,2,0,2,0,0,4,1,0,0,2,1,1,1,1,0,0,0,0,0,0,4,0,2,0,1,0,0,0,0,0,0,0,1,0
15 - Κοζάνης,6 E.T. Δήμου Βοΐου,547,290,7,0,7,283,50,15,3,12,6,17,8,13,157,22,44,34,40,59,31,22,15,1,2,6,0,4,32,13,1,3,5,20,1,21,9,2,5,0,1,1,0,3,1,0,0,0,1,1,0,0,1,0,0,0,0,0,0,0,0,0,0,10,2,1,3,4,1,3,1,1,0,0,0,0,0,0,5,0,1,1,3,1,1,1,0,1,0,0,1,1
15 - Κοζάνης,7 E.T. Δήμου Βοΐου,534,260,3,1,4,256,64,25,5,9,19,8,25,3,138,17,25,16,29,51,24,30,7,0,3,2,1,1,22,7,0,3,1,15,0,0,6,1,1,2,1,1,1,1,1,0,0,0,0,1,0,0,0,0,0,0,0,0,0,0,0,0,0,13,4,0,0,4,0,3,0,0,0,0,0,0,0,0,2,0,0,0,0,0,0,0,0,0,0,0,3,1
15 - Κοζάνης,8 E.T. Δήμου Βοΐου,561,240,2,2,4,236,76,15,4,5,20,12,27,7,115,9,32,24,28,52,23,8,7,0,0,1,1,2,22,7,3,3,0,14,1,3,6,0,2,0,1,1,1,0,1,0,0,0,0,0,0,0,1,0,1,0,0,0,0,0,0,0,0,5,1,1,1,1,1,1,0,0,0,0,0,0,1,0,1,0,0,0,0,1,1,0,0,0,0,0,0,0
15 - Κοζάνης,9 E.T. Δήμου Βοΐου,556,309,3,6,9,300,79,14,7,13,16,8,30,7,159,26,35,25,51,82,17,10,6,2,4,1,0,1,24,7,1,7,1,15,0,0,6,0,4,0,0,0,1,5,5,0,0,0,0,0,0,0,1,0,0,0,3,0,3,1,2,0,0,2,2,0,1,0,0,0,0,0,0,0,0,0,0,0,9,1,0,0,0,1,5,1,2,2,1,2,1,1
15 - Κοζάνης,10 E.T. Δήμου Βοΐου,241,106,1,5,6,100,16,4,0,11,2,1,2,3,65,15,14,19,8,25,18,9,1,0,0,1,0,0,1,0,0,0,0,0,0,0,1,0,0,0,0,0,0,0,3,1,1,0,0,1,0,0,1,0,0,1,0,0,0,0,0,0,0,7,1,0,0,1,0,0,0,0,0,0,0,0,3,1,0,0,0,0,0,0,0,0,0,0,0,0,2,0
15 - Κοζάνης,11 E.T. Δήμου Βοΐου,358,159,7,2,9,150,36,4,3,1,15,4,4,8,75,14,2,15,35,8,19,3,4,1,2,2,1,0,10,3,0,5,1,3,3,0,9,3,2,0,0,0,0,3,4,0,0,0,1,0,0,0,0,0,0,0,0,0,0,0,0,0,0,7,0,0,1,0,0,1,0,0,0,0,0,0,0,0,2,0,0,1,0,0,2,1,1,0,0,0,1,0
15 - Κοζάνης,12 E.T. Δήμου Βοΐου,332,162,2,1,3,159,40,13,1,5,11,5,5,21,76,9,14,19,31,20,23,12,4,1,2,1,1,1,15,7,0,2,0,9,0,1,4,2,2,0,0,1,0,2,2,1,1,0,0,0,0,0,0,0,0,0,0,0,0,0,0,0,0,11,3,1,3,4,1,3,0,0,0,0,0,0,0,0,3,2,0,3,0,0,2,0,1,0,0,0,2,0
15 - Κοζάνης,13 E.T. Δήμου Βοΐου,489,279,5,1,6,273,84,29,19,10,11,14,19,5,136,13,30,18,68,43,25,14,9,0,0,3,0,1,15,0,1,1,1,10,2,0,7,0,2,2,0,0,3,2,1,0,0,0,1,1,0,0,1,0,0,1,1,0,1,1,0,0,0,11,2,1,0,1,0,1,0,0,0,0,0,0,1,1,6,1,3,2,0,0,0,0,0,0,0,0,1,0
15 - Κοζάνης,14 E.T. Δήμου Βοΐου,521,321,6,2,8,313,85,34,4,8,19,16,24,13,131,15,13,22,47,24,70,12,7,0,2,2,0,1,31,31,0,1,0,5,4,3,23,17,4,1,2,0,0,14,2,0,0,1,0,1,0,0,0,0,0,0,0,0,0,0,0,0,0,15,0,4,4,2,3,4,1,0,1,1,0,0,1,0,9,5,2,4,1,1,3,1,0,0,0,1,5,2
15 - Κοζάνης,15 E.T. Δήμου Βοΐου,514,291,3,2,5,286,66,20,7,10,17,18,9,6,106,6,17,28,28,25,35,3,20,7,7,8,2,3,36,35,0,2,0,4,0,5,17,7,3,0,1,2,0,8,6,2,0,0,3,1,0,0,1,1,1,0,5,2,3,0,5,0,0,14,1,5,1,1,1,3,0,0,0,0,0,0,1,1,4,2,1,0,1,1,5,2,0,0,1,2,5,1
15 - Κοζάνης,16 E.T. Δήμου Βοΐου,511,248,0,2,2,246,57,21,14,4,16,3,15,5,110,16,8,18,35,27,50,11,14,1,5,9,2,3,31,29,0,1,0,7,0,2,13,7,6,0,0,2,0,3,3,1,0,0,0,0,0,0,1,1,1,0,2,2,0,1,1,0,0,10,2,5,1,0,0,2,0,0,0,0,0,0,0,0,3,0,1,2,0,1,0,0,0,0,0,0,2,0
15 - Κοζάνης,17 E.T. Δήμου Βοΐου,527,295,5,3,8,287,63,19,5,4,11,14,9,12,122,11,12,28,27,31,67,9,10,1,3,6,2,0,37,34,1,4,0,6,1,2,7,5,3,0,1,0,0,2,10,3,1,1,3,4,0,0,4,0,0,0,0,0,0,0,0,0,0,19,4,11,2,2,1,4,0,0,0,0,0,0,0,0,5,2,0,2,3,0,6,1,1,1,0,1,4,3
15 - Κοζάνης,18 E.T. Δήμου Βοΐου,88,48,1,1,2,46,10,2,1,5,1,3,2,0,23,3,7,5,1,3,0,2,3,1,1,0,0,1,3,3,0,0,0,0,0,0,4,1,1,0,0,0,0,1,0,0,0,0,0,0,0,0,0,0,0,0,0,0,0,0,0,0,0,0,0,0,0,0,0,0,0,0,0,0,0,0,0,0,3,1,1,2,0,0,0,0,0,0,0,0,0,0
15 - Κοζάνης,19 E.T. Δήμου Βοΐου,177,84,0,0,0,84,15,3,3,1,3,2,3,7,44,9,5,8,14,8,13,3,2,1,1,0,0,0,7,7,0,1,0,2,1,0,3,1,0,0,0,1,0,2,1,0,0,0,0,0,0,0,0,0,0,0,0,0,0,0,0,0,0,8,2,4,2,2,2,2,0,0,0,0,0,0,0,0,3,0,0,1,0,0,1,0,0,0,0,0,0,0
15 - Κοζάνης,20 E.T. Δήμου Βοΐου,348,204,1,0,1,203,38,7,5,3,10,4,7,0,127,2,1,4,21,22,108,4,2,0,1,1,1,0,8,7,1,1,0,2,0,0,14,9,7,0,0,0,1,5,1,0,0,0,1,0,0,0,0,0,0,0,3,0,0,1,3,0,0,5,1,1,0,0,0,0,0,0,0,0,0,0,0,0,2,1,1,0,0,0,1,0,0,0,0,0,2,2
15 - Κοζάνης,21 E.T. Δήμου Βοΐου,255,128,1,1,2,126,38,2,0,7,16,7,3,19,60,7,1,13,17,15,29,4,3,1,0,0,3,1,11,5,1,0,2,1,1,0,4,1,0,0,0,0,0,0,0,0,0,0,0,0,0,0,2,0,1,0,0,0,0,0,0,0,0,6,1,6,2,0,0,1,0,0,0,0,0,0,0,0,1,0,1,0,1,0,1,1,1,0,0,0,0,0
15 - Κοζάνης,22 E.T. Δήμου Βοΐου,362,136,0,1,1,135,33,8,1,3,6,9,3,1,79,6,11,15,27,28,27,5,5,2,0,3,0,1,7,6,1,0,0,5,0,1,2,0,0,0,0,0,0,0,1,0,0,0,0,0,0,0,2,1,0,2,0,0,0,0,0,0,0,5,2,0,0,0,0,2,0,0,0,0,0,0,0,0,0,0,0,0,0,0,0,0,0,0,0,0,1,0
15 - Κοζάνης,23 E.T. Δήμου Βοΐου,228,113,1,0,1,112,32,4,6,1,9,5,4,4,51,4,6,7,13,11,36,1,0,0,0,0,0,0,14,10,0,1,0,4,0,0,11,0,2,0,2,4,3,11,0,0,0,0,0,0,0,0,0,0,0,0,0,0,0,0,0,0,0,2,0,0,1,0,1,0,0,0,0,0,0,0,0,0,2,1,0,0,0,1,0,0,0,0,0,0,0,0
15 - Κοζάνης,24 E.T. Δήμου Βοΐου,473,241,2,2,4,237,61,16,16,8,15,10,18,2,115,15,28,11,35,21,57,13,6,0,1,1,1,2,31,8,0,8,3,9,3,2,10,3,2,0,1,0,1,6,2,0,0,0,1,0,0,0,0,0,0,0,0,0,0,0,0,0,0,7,3,2,0,0,2,1,0,0,0,0,0,0,0,0,4,1,0,1,1,0,1,0,0,0,0,0,0,0
15 - Κοζάνης,25 E.T. Δήμου Βοΐου,79,31,0,0,0,31,12,3,3,0,6,2,2,0,14,0,2,6,6,2,5,2,0,0,0,0,0,0,0,0,0,0,0,0,0,0,0,0,0,0,0,0,0,0,1,0,0,0,0,0,0,0,0,0,0,0,0,0,0,0,0,0,0,3,2,1,2,0,1,0,0,0,0,0,0,0,0,0,1,0,1,0,0,1,0,0,0,0,0,0,0,0
15 - Κοζάνης,26 E.T. Δήμου Βοΐου,118,40,0,0,0,40,15,1,1,1,8,1,2,1,10,3,1,2,4,4,2,2,0,0,0,0,0,0,9,5,0,0,0,5,0,3,2,0,2,0,0,0,0,1,0,0,0,0,0,0,0,0,1,0,0,0,0,0,0,0,0,0,0,2,0,0,0,0,0,0,0,0,0,0,0,0,0,0,1,0,0,0,0,0,0,0,0,0,0,0,0,0
15 - Κοζάνης,27 E.T. Δήμου Βοΐου,298,145,0,1,1,144,29,5,0,1,10,7,4,2,75,23,3,14,15,2,36,9,5,0,2,1,1,0,16,15,0,1,0,0,1,8,3,3,0,0,0,0,0,3,1,0,0,0,0,0,0,0,0,0,0,0,0,0,0,0,0,0,0,8,1,0,1,1,0,0,0,0,0,0,0,0,0,0,4,0,0,0,0,0,1,0,0,0,0,0,2,0
15 - Κοζάνης,28 E.T. Δήμου Βοΐου,269,110,1,0,1,109,33,2,3,6,5,14,5,2,58,2,8,13,22,6,36,10,1,0,0,0,0,0,9,8,0,0,0,0,0,4,2,2,0,0,0,1,0,0,1,0,0,0,0,0,0,0,0,0,0,0,1,0,1,0,1,0,0,2,1,1,0,0,0,0,0,0,0,0,0,0,0,0,0,0,0,0,0,0,0,0,0,0,0,0,2,1
15 - Κοζάνης,29 E.T. Δήμου Βοΐου,75,46,0,0,0,46,7,1,1,1,0,3,1,0,26,3,3,4,11,8,11,1,0,0,0,0,0,0,9,7,1,1,0,3,2,1,0,0,0,0,0,0,0,0,0,0,0,0,0,0,0,0,0,0,0,0,0,0,0,0,0,0,0,3,0,2,1,0,0,0,0,0,0,0,0,0,1,0,0,0,0,0,0,0,0,0,0,0,0,0,0,0
15 - Κοζάνης,30 E.T. Δήμου Βοΐου,210,101,1,0,1,100,35,7,0,1,10,13,5,4,37,4,4,13,17,4,15,2,1,1,0,0,0,1,11,5,0,2,1,4,2,1,5,0,0,1,0,1,0,1,2,0,0,0,0,0,0,0,0,0,0,0,0,0,0,0,0,0,0,6,2,1,4,0,0,0,0,0,0,0,0,0,0,0,0,0,0,0,0,0,1,0,0,0,0,0,2,1
15 - Κοζάνης,31 E.T. Δήμου Βοΐου,132,55,2,0,2,53,9,5,1,0,0,1,1,2,24,1,4,11,3,13,7,1,2,0,0,1,0,0,10,9,0,3,0,2,0,0,2,1,1,0,0,0,0,0,1,0,0,1,1,0,0,0,0,0,0,0,0,0,0,0,0,0,0,2,0,0,1,0,0,0,1,0,0,0,0,0,0,0,2,0,0,1,0,1,0,0,0,0,0,0,0,0
15 - Κοζάνης,32 E.T. Δήμου Βοΐου,167,78,0,0,0,78,13,2,0,1,0,2,2,1,44,0,4,10,25,1,27,9,5,1,2,0,2,1,5,2,0,1,1,2,2,0,6,6,0,0,0,0,0,3,0,0,0,0,0,0,0,0,0,0,0,0,0,0,0,0,0,0,0,4,2,0,0,0,0,0,0,0,0,0,0,0,0,0,1,0,0,0,0,0,0,0,0,0,0,0,0,0
15 - Κοζάνης,33 E.T. Δήμου Βοΐου,112,40,0,1,1,39,6,1,1,1,1,0,0,0,19,5,0,1,3,12,7,3,2,0,0,0,0,0,9,6,0,0,0,1,0,6,1,1,0,0,1,0,0,0,0,0,0,0,0,0,0,0,0,0,0,0,0,0,0,0,0,0,0,0,0,0,0,0,0,0,0,0,0,0,0,0,0,0,2,1,0,0,0,1,0,0,0,0,0,0,0,0
15 - Κοζάνης,34 E.T. Δήμου Βοΐου,191,90,0,0,0,90,20,4,0,1,15,2,2,0,48,3,1,4,8,18,35,4,1,1,0,0,0,0,11,5,0,0,1,1,2,1,5,5,1,0,0,0,4,0,1,1,0,0,0,1,0,0,0,0,0,0,0,0,0,0,0,0,0,2,0,1,0,0,0,1,0,0,0,0,0,0,0,0,2,1,0,0,1,0,0,0,0,0,0,0,0,0
15 - Κοζάνης,35 E.T. Δήμου Βοΐου,285,142,2,0,2,140,31,8,7,1,5,4,5,3,67,6,21,13,16,9,20,7,5,1,2,3,1,0,27,21,0,4,0,7,0,1,1,1,0,0,0,0,0,1,0,0,0,0,0,0,0,0,0,0,0,0,0,0,0,0,0,0,0,6,0,0,0,0,1,1,1,0,0,0,0,0,0,0,2,0,1,1,0,0,0,0,0,0,0,0,0,0
15 - Κοζάνης,36 E.T. Δήμου Βοΐου,198,95,2,1,3,92,46,6,4,9,17,9,10,4,17,0,0,4,6,3,8,3,5,4,4,0,1,0,11,10,0,4,0,4,2,0,3,2,0,0,0,0,1,1,1,0,0,0,1,1,0,0,0,0,0,0,0,0,0,0,0,0,0,7,3,5,1,1,0,2,0,0,0,0,0,0,0,0,1,0,0,1,0,0,0,0,0,0,0,0,1,0
15 - Κοζάνης,37 E.T. Δήμου Βοΐου,166,87,0,0,0,87,37,5,11,4,16,9,6,4,29,11,1,4,3,3,19,3,4,0,0,4,0,0,5,2,0,0,0,5,0,0,1,0,0,0,0,0,0,0,1,0,0,0,0,0,0,0,0,0,0,0,0,0,0,0,0,0,0,3,1,0,0,0,1,1,0,0,0,0,0,0,0,0,3,0,0,1,1,0,1,0,0,0,0,0,3,2
15 - Κοζάνης,38 E.T. Δήμου Βοΐου,343,150,1,0,1,149,39,10,2,0,17,14,3,3,64,15,3,31,6,26,26,12,11,0,0,11,0,0,25,13,0,12,1,16,2,3,6,2,2,0,2,2,0,1,2,2,0,0,0,0,0,0,0,0,0,0,0,0,0,0,0,0,0,1,0,1,0,0,0,0,0,0,0,0,0,0,0,0,0,0,0,0,0,0,0,0,0,0,0,0,1,1
15 - Κοζάνης,39 E.T. Δήμου Βοΐου,435,157,3,0,3,154,41,8,4,9,10,15,2,8,61,10,5,21,17,19,20,8,9,0,0,8,0,0,24,8,0,4,1,9,2,0,9,2,1,0,2,0,0,0,3,1,1,1,1,0,0,0,0,0,0,0,0,0,0,0,0,1,0,2,1,1,0,1,0,0,0,0,0,0,0,0,0,0,2,0,0,0,0,0,2,0,0,1,0,0,0,0
15 - Κοζάνης,40 E.T. Δήμου Βοΐου,130,30,0,0,0,30,5,4,2,0,1,3,0,0,21,5,2,5,6,14,5,2,0,0,0,0,0,0,1,1,0,0,0,0,0,0,1,0,0,0,0,0,0,0,0,0,0,0,0,0,0,0,0,0,0,0,0,0,0,0,0,0,0,0,0,0,0,0,0,0,0,0,0,0,0,0,0,0,0,0,0,0,0,0,1,0,0,0,0,0,1,0
15 - Κοζάνης,41 E.T. Δήμου Βοΐου,316,102,1,0,1,101,36,8,4,2,10,15,2,3,34,0,3,2,4,12,14,7,1,0,0,1,0,0,19,10,1,2,1,8,1,0,6,0,1,0,0,0,1,1,0,0,0,0,0,0,0,0,0,0,0,0,0,0,0,0,0,0,0,2,0,2,1,0,1,0,0,0,0,0,0,0,0,0,2,0,0,0,0,0,1,0,0,0,0,0,0,0
15 - Κοζάνης,42 E.T. Δήμου Βοΐου,62,16,0,0,0,16,5,2,0,0,0,1,1,3,6,2,2,4,2,1,0,0,0,0,0,0,0,0,0,0,0,0,0,0,0,0,3,0,1,0,0,0,0,0,0,0,0,0,0,0,0,0,0,0,0,0,0,0,0,0,0,0,0,1,0,1,1,0,0,0,0,0,0,0,0,0,0,0,0,0,0,0,0,0,1,0,1,0,0,0,0,0
15 - Κοζάνης,43 E.T. Δήμου Βοΐου,502,263,5,1,6,257,44,23,5,2,16,7,9,3,133,23,40,20,48,16,25,15,10,1,2,4,1,2,23,7,1,3,5,14,0,1,19,1,17,0,1,0,0,9,3,1,1,1,0,0,0,0,1,0,0,0,1,0,1,0,1,0,0,10,1,3,2,1,0,5,0,0,0,0,0,0,0,0,5,0,0,0,0,0,2,0,1,1,0,0,6,3
15 - Κοζάνης,44 E.T. Δήμου Βοΐου,538,311,2,2,4,307,73,26,6,3,33,15,7,7,140,19,41,16,65,26,24,11,9,7,3,1,2,0,35,13,1,5,1,20,1,2,37,1,33,0,4,3,0,12,0,0,0,0,0,0,0,0,1,0,1,0,0,0,0,0,0,0,0,2,1,0,0,0,0,0,0,0,0,0,0,0,0,0,8,1,0,0,0,1,1,0,0,0,0,1,1,0
15 - Κοζάνης,45 E.T. Δήμου Βοΐου,528,291,3,4,7,284,63,19,5,8,11,7,8,7,145,17,52,10,66,29,32,14,9,5,1,1,0,2,25,6,0,1,7,13,0,3,19,1,16,1,1,1,0,6,5,1,0,0,2,1,0,0,0,0,0,0,1,1,1,0,0,0,0,8,0,1,0,1,1,1,0,0,0,0,0,0,0,0,3,0,0,1,0,0,4,3,0,0,0,3,2,2
15 - Κοζάνης,46 E.T. Δήμου Βοΐου,499,314,2,9,11,303,83,28,6,10,25,12,9,14,128,10,40,32,55,21,28,15,6,1,1,5,0,0,21,7,0,1,3,8,3,3,34,1,26,1,3,10,1,10,2,0,0,0,0,0,0,0,1,0,1,1,0,0,0,0,0,0,0,9,3,1,1,2,0,1,0,0,0,0,0,0,0,0,10,2,1,0,0,0,2,2,2,0,0,0,7,3
15 - Κοζάνης,47 E.T. Δήμου Βοΐου,513,276,2,2,4,272,58,18,7,3,19,12,9,9,134,11,26,19,55,31,24,16,11,5,3,3,3,1,18,1,0,2,2,11,3,5,19,6,15,0,2,2,0,6,2,0,0,0,0,0,0,0,1,0,0,0,0,0,0,0,0,0,0,10,1,3,2,2,1,3,0,0,0,0,0,0,2,0,14,3,0,1,0,0,1,0,0,0,0,0,2,1
15 - Κοζάνης,48 E.T. Δήμου Βοΐου,551,331,2,2,4,327,69,27,11,2,26,8,9,7,149,11,39,27,64,42,31,32,10,1,1,5,2,1,34,6,4,5,4,13,7,9,24,0,21,0,9,5,0,1,8,1,0,0,3,5,0,0,1,0,0,0,2,2,1,1,0,0,0,10,0,1,5,4,0,3,2,1,0,1,0,0,1,0,14,3,3,4,2,0,1,0,0,0,0,1,2,1
15 - Κοζάνης,49 E.T. Δήμου Βοΐου,504,319,5,0,5,314,86,33,3,8,25,6,10,5,121,10,36,24,40,25,22,17,7,1,4,2,1,1,40,10,3,8,7,21,8,2,30,2,23,0,4,3,0,10,6,2,0,2,2,2,0,0,0,0,0,0,0,0,0,0,0,0,0,7,1,0,0,0,0,2,0,0,0,0,0,0,0,0,13,5,4,2,0,1,0,0,0,0,0,0,4,1
15 - Κοζάνης,50 E.T. Δήμου Βοΐου,511,244,6,3,9,235,61,25,7,6,15,11,8,4,112,13,33,21,45,22,23,13,10,1,3,2,0,1,18,5,0,2,2,6,2,2,11,0,10,0,0,1,0,6,3,2,0,0,1,0,0,0,0,0,0,0,0,0,0,0,0,7,0,0,0,0,0,0,0,0,0,0,0,0,0,0,0,0,10,0,0,0,0,0,1,0,0,0,0,0,2,0
15 - Κοζάνης,51 E.T. Δήμου Βοΐου,489,283,0,2,2,281,78,40,7,3,28,14,11,5,124,22,25,22,53,29,26,19,1,0,1,0,1,0,33,4,2,3,8,19,3,6,18,3,13,0,3,1,1,6,2,0,0,0,0,0,0,0,0,0,0,0,0,0,0,0,0,0,0,7,1,1,0,0,0,2,2,0,0,0,0,0,1,1,7,3,1,1,3,0,4,2,2,0,1,1,4,2
15 - Κοζάνης,52 E.T. Δήμου Βοΐου,510,292,3,0,3,289,53,18,9,7,12,3,9,1,150,11,50,21,65,48,26,11,12,0,4,5,2,1,18,6,2,2,0,9,3,5,25,2,18,1,4,4,1,4,2,0,1,0,0,0,0,0,2,0,0,0,1,0,1,0,0,0,0,8,0,0,0,0,0,2,0,0,0,0,1,0,0,0,11,1,2,3,4,0,6,2,1,0,1,2,0,0
15 - Κοζάνης,53 E.T. Δήμου Βοΐου,502,316,4,4,8,308,87,36,17,8,26,14,14,5,119,11,35,14,50,28,25,17,5,0,1,4,0,0,33,11,1,3,4,20,6,5,40,1,37,0,13,6,0,5,5,0,0,0,0,0,0,0,0,0,0,0,3,0,0,0,0,0,0,5,0,0,0,0,0,0,0,0,0,0,0,0,0,0,5,0,0,0,0,0,4,0,0,0,0,0,2,0
15 - Κοζάνης,54 E.T. Δήμου Βοΐου,511,323,6,4,10,313,89,39,11,9,37,16,9,6,150,18,51,36,63,22,27,25,7,1,2,4,1,0,23,4,3,1,7,9,2,4,16,0,13,0,0,2,0,6,4,1,1,0,1,0,1,0,0,0,0,0,1,0,0,0,0,0,0,2,0,1,1,0,0,1,0,0,0,0,0,0,0,0,11,3,1,2,0,1,6,1,1,0,0,0,3,1
15 - Κοζάνης,55 E.T. Δήμου Βοΐου,551,351,6,3,9,342,86,15,9,37,2,15,12,10,118,7,22,19,45,38,30,14,17,4,3,6,1,1,57,26,1,12,3,12,2,10,20,2,9,0,1,1,2,3,2,0,0,0,1,0,0,0,0,0,0,0,0,0,0,0,0,0,0,23,7,0,3,2,3,4,1,1,1,0,0,0,0,0,11,0,2,3,0,1,5,1,0,0,1,0,2,1
15 - Κοζάνης,56 E.T. Δήμου Βοΐου,398,223,4,3,7,216,53,16,1,8,5,7,0,11,124,20,35,19,29,17,44,7,6,1,2,2,0,0,15,0,0,7,1,1,1,1,2,0,0,0,0,0,0,0,1,1,1,0,0,0,0,0,0,0,0,0,0,0,0,0,0,0,0,10,4,1,0,0,0,2,1,0,0,0,0,0,2,1,1,0,0,0,0,0,1,0,0,0,0,0,0,0
15 - Κοζάνης,57 E.T. Δήμου Βοΐου,163,91,0,0,0,91,10,2,0,1,2,4,2,0,61,7,10,10,13,47,15,6,4,0,0,0,2,1,6,2,0,1,0,4,2,2,3,0,0,0,2,1,0,0,0,0,0,0,0,0,0,0,0,0,0,0,0,0,0,0,0,0,0,1,1,0,0,0,0,1,0,0,0,0,0,0,0,0,3,0,1,0,0,0,3,0,0,0,0,0,0,0
15 - Κοζάνης,58 E.T. Δήμου Βοΐου,525,266,4,4,8,258,66,14,7,7,25,7,12,6,108,12,11,11,42,14,33,14,14,3,3,5,1,1,30,12,0,3,1,19,3,2,10,1,0,0,0,1,1,2,4,0,0,0,0,0,0,0,4,0,0,0,0,0,0,0,0,0,0,11,1,0,1,1,1,2,0,0,0,0,0,0,0,0,4,0,0,0,0,0,5,0,1,0,0,0,2,0
15 - Κοζάνης,59 E.T. Δήμου Βοΐου,516,256,1,4,5,251,82,26,6,8,29,7,19,9,118,13,7,28,55,22,46,11,7,0,4,3,1,0,19,9,2,0,1,6,1,7,6,1,2,0,1,1,0,1,2,1,0,0,0,0,0,0,1,1,1,0,1,1,0,0,1,0,0,4,1,0,0,1,1,0,1,0,0,0,0,0,0,0,5,1,1,1,0,0,4,2,2,1,0,1,1,1
15 - Κοζάνης,60 E.T. Δήμου Βοΐου,520,248,2,2,4,244,73,18,10,14,27,15,11,11,112,11,19,29,36,23,33,15,4,0,1,0,1,0,19,12,0,0,0,13,0,3,6,0,0,0,0,3,0,4,4,2,0,1,1,0,0,0,2,0,0,0,0,0,0,0,0,0,0,12,2,4,2,3,2,2,0,0,0,0,0,0,0,0,4,3,0,2,0,0,2,1,1,1,1,0,6,3
15 - Κοζάνης,61 E.T. Δήμου Βοΐου,377,100,1,0,1,99,15,4,3,1,6,8,2,0,55,9,12,15,8,13,14,4,3,0,1,2,0,1,19,15,1,1,0,13,0,5,3,0,0,0,0,0,0,0,1,1,0,0,0,0,0,0,0,0,0,0,0,0,0,0,0,0,0,1,0,0,0,0,0,0,0,0,0,0,0,0,0,0,1,0,0,0,0,0,1,0,0,0,0,0,0,0
15 - Κοζάνης,62 E.T. Δήμου Βοΐου,234,38,1,0,1,37,4,2,0,3,1,0,2,0,28,3,11,2,13,7,6,10,0,0,0,0,0,0,0,0,0,0,0,0,0,0,0,0,0,0,0,0,0,0,0,0,0,0,0,0,0,0,0,0,0,0,1,1,0,0,0,0,0,1,0,0,0,0,0,0,0,0,0,0,0,0,2,2,0,0,0,0,0,0,1,0,0,0,0,0,0,0
15 - Κοζάνης,63 E.T. Δήμου Βοΐου,225,47,1,0,1,46,11,3,1,4,1,7,2,1,15,4,4,3,3,4,8,1,2,0,0,2,0,0,3,0,0,0,1,2,0,0,4,1,0,0,0,2,0,3,3,1,0,3,0,0,0,0,0,0,0,0,0,0,0,0,0,0,0,3,0,1,0,2,0,1,0,0,0,0,0,0,0,0,0,0,0,0,0,0,0,0,0,0,0,0,5,4
15 - Κοζάνης,64 E.T. Δήμου Βοΐου,316,120,3,0,3,117,44,11,5,12,6,8,8,12,38,4,7,7,15,7,8,8,7,1,3,1,2,2,14,7,1,4,0,9,0,0,4,3,0,1,1,1,1,0,3,2,1,1,1,1,0,0,1,0,0,0,0,0,0,0,0,0,0,5,0,1,2,1,1,0,0,0,0,0,0,0,0,0,0,0,0,0,0,0,1,0,0,0,0,0,0,0
15 - Κοζάνης,65 E.T. Δήμου Βοΐου,291,87,2,1,3,84,14,6,3,4,3,6,0,0,44,5,4,13,16,10,10,11,2,1,1,1,0,0,18,16,2,2,0,5,2,1,1,0,0,0,0,0,0,0,2,0,0,0,1,1,0,0,0,0,0,0,0,0,0,0,0,0,0,0,0,0,0,0,0,0,1,0,0,0,0,0,0,0,2,0,0,1,0,1,0,0,0,0,0,0,0,0
15 - Κοζάνης,66 E.T. Δήμου Βοΐου,372,145,0,1,1,144,25,9,3,4,5,10,2,0,81,9,3,13,32,19,24,22,1,0,0,1,0,0,24,18,1,0,0,12,0,0,4,1,0,0,0,2,0,2,0,0,0,0,0,0,0,0,0,0,0,0,0,0,0,0,0,0,0,3,0,0,0,0,0,0,0,0,0,0,0,0,0,0,3,1,0,1,0,1,3,0,0,0,0,0,0,0
15 - Κοζάνης,67 E.T. Δήμου Βοΐου,134,44,0,0,0,44,12,3,3,0,0,8,0,0,25,2,6,11,11,6,2,5,0,0,0,0,0,0,5,1,1,0,1,3,0,0,0,0,0,0,0,0,0,0,1,0,0,0,1,1,0,0,0,0,0,0,0,0,0,0,0,0,0,0,0,0,0,0,0,0,0,0,0,0,0,0,0,0,0,0,0,0,0,0,0,0,0,0,0,0,1,0
15 - Κοζάνης,68 E.T. Δήμου Βοΐου,314,131,0,2,2,129,31,3,3,7,9,19,3,0,61,23,5,14,19,8,8,8,2,0,0,2,0,0,19,9,1,0,0,4,0,12,1,0,0,0,0,0,0,0,3,2,0,1,0,0,0,0,1,0,0,0,3,0,0,3,3,0,0,2,0,0,0,0,0,0,1,0,0,0,0,0,1,0,1,0,0,0,0,0,2,0,1,0,0,1,1,0
15 - Κοζάνης,69 E.T. Δήμου Βοΐου,354,155,2,5,7,148,43,9,7,5,15,10,5,4,61,1,3,6,20,15,27,8,5,3,3,0,0,0,16,11,1,0,0,0,1,2,3,0,0,0,0,1,0,1,0,0,0,0,0,0,0,0,0,0,0,0,0,0,0,0,0,0,0,14,1,1,2,7,1,0,0,0,0,0,0,0,0,0,3,0,1,1,0,0,1,0,0,0,0,0,2,1
15 - Κοζάνης,70 E.T. Δήμου Βοΐου,177,67,0,0,0,67,2,0,1,0,0,1,0,0,52,4,12,13,13,14,21,14,1,0,0,0,0,0,7,1,0,0,2,3,1,0,0,0,0,0,0,0,0,0,1,1,0,0,1,0,0,0,1,0,0,0,0,0,0,0,0,0,0,2,0,0,0,0,0,0,0,0,0,0,0,0,0,0,0,0,0,0,0,0,0,0,0,0,0,0,1,1
15 - Κοζάνης,71 E.T. Δήμου Βοΐου,119,46,0,0,0,46,14,2,0,5,6,2,4,0,20,0,12,4,4,1,10,1,4,0,4,1,0,0,3,0,0,0,1,0,0,0,0,0,0,0,0,0,0,0,0,0,0,0,0,0,0,0,0,0,0,0,0,0,0,0,0,0,0,3,0,1,0,1,1,1,0,0,0,0,0,0,0,0,1,0,0,0,0,0,0,0,0,0,0,0,1,0
15 - Κοζάνης,72 E.T. Δήμου Βοΐου,178,51,0,1,1,50,2,0,1,1,0,0,2,0,41,0,6,3,18,8,12,10,3,2,0,0,0,1,0,0,0,0,0,0,0,0,0,0,0,0,0,0,0,0,0,0,0,0,0,0,0,0,0,0,0,0,0,0,0,0,0,0,0,4,1,2,0,1,0,2,0,0,0,0,0,0,0,0,0,0,0,0,0,0,0,0,0,0,0,0,0,0
15 - Κοζάνης,73 E.T. Δήμου Βοΐου,260,111,1,1,2,109,24,3,0,11,6,7,2,0,53,3,12,5,12,25,24,3,4,1,2,1,2,0,5,2,2,1,0,2,3,0,1,1,0,0,0,1,0,0,5,1,0,0,4,2,2,1,0,0,0,0,1,0,1,0,1,0,0,11,2,1,0,1,4,3,1,0,0,0,0,0,0,0,1,0,0,0,0,0,0,0,0,0,0,0,1,1
15 - Κοζάνης,74 E.T. Δήμου Βοΐου,151,61,4,1,5,56,11,0,3,9,2,1,4,1,39,7,8,8,14,7,15,5,2,0,0,2,0,0,2,0,0,0,1,1,0,0,0,0,0,0,0,0,0,0,0,0,0,0,0,0,0,0,0,0,0,0,0,0,0,0,0,0,0,0,0,0,0,0,0,0,1,0,0,1,0,0,0,0,1,1,0,0,0,1,0,0,0,0,0,0,0,0
15 - Κοζάνης,75 E.T. Δήμου Βοΐου,232,98,1,0,1,97,15,8,4,1,3,3,0,1,71,10,3,44,14,6,35,3,1,0,1,0,0,1,1,1,0,0,0,0,0,0,1,1,0,0,0,0,0,1,0,0,0,0,0,0,0,0,1,0,0,0,0,0,0,0,0,0,0,2,0,1,0,1,0,2,0,0,0,0,0,0,0,0,4,0,0,1,0,0,0,0,0,0,0,0,1,1
15 - Κοζάνης,76 E.T. Δήμου Βοΐου,152,38,0,0,0,38,12,7,1,0,1,2,4,0,16,8,2,0,8,5,4,1,0,0,0,0,0,0,5,1,1,1,1,2,0,2,0,0,0,0,0,0,0,0,0,0,0,0,0,0,0,0,0,0,0,0,2,1,0,0,2,0,0,0,0,0,0,0,0,0,0,0,0,0,0,0,0,0,2,0,0,0,0,0,1,0,1,1,0,0,0,0
15 - Κοζάνης,77 E.T. Δήμου Βοΐου,150,46,0,1,1,45,5,2,1,0,3,0,0,0,33,1,4,3,10,9,13,4,0,0,0,0,0,0,2,2,0,0,0,2,0,0,1,0,0,0,0,0,0,0,1,0,0,0,0,0,0,0,0,0,0,0,0,0,0,0,0,0,0,3,0,0,0,0,1,1,0,0,0,0,0,0,0,0,0,0,0,0,0,0,0,0,0,0,0,0,0,0
15 - Κοζάνης,78 E.T. Δήμου Βοΐου,102,16,0,0,0,16,0,0,0,0,0,0,0,0,10,0,4,3,1,1,5,0,0,0,0,0,0,0,2,0,0,1,0,2,0,0,1,0,0,0,0,0,0,0,0,0,0,0,0,0,0,0,1,0,0,0,0,0,0,0,0,0,0,1,1,1,0,0,0,0,0,0,0,0,0,0,0,0,1,0,0,0,0,0,0,0,0,0,0,0,0,0
15 - Κοζάνης,79 E.T. Δήμου Βοΐου,143,44,0,0,0,44,10,2,0,1,1,3,4,2,22,6,4,5,7,8,7,0,0,0,0,0,0,0,8,7,0,0,0,5,0,1,0,0,0,0,0,0,0,0,0,0,0,0,0,0,0,0,0,0,0,0,1,0,0,1,0,0,0,1,0,0,0,0,0,0,0,0,0,0,0,0,0,0,2,1,1,0,0,0,0,0,0,0,0,0,0,0
15 - Κοζάνης,80 E.T. Δήμου Βοΐου,148,63,3,0,3,60,14,3,2,5,7,3,0,2,38,3,7,3,8,9,16,4,1,0,0,0,1,0,5,1,1,0,1,4,1,0,1,0,0,0,0,1,0,0,0,0,0,0,0,0,0,0,0,0,0,0,0,0,0,0,0,0,0,1,0,0,0,0,0,0,0,0,0,0,0,0,0,0,0,0,0,0,0,0,0,0,0,0,0,0,0,0
15 - Κοζάνης,81 E.T. Δήμου Βοΐου,319,122,3,4,7,115,33,9,5,4,14,6,9,2,58,9,10,10,18,13,23,6,1,0,0,0,0,0,13,3,1,0,0,8,4,3,3,1,0,0,0,0,1,0,2,1,0,0,0,0,0,0,0,0,0,0,1,1,1,0,0,0,0,2,0,1,0,0,0,0,0,0,0,0,1,1,0,0,1,0,0,1,1,0,0,0,0,0,0,0,0,0
15 - Κοζάνης,82 E.T. Δήμου Βοΐου,72,12,0,0,0,12,7,2,0,0,4,0,2,2,5,0,0,0,5,5,0,0,0,0,0,0,0,0,0,0,0,0,0,0,0,0,0,0,0,0,0,0,0,0,0,0,0,0,0,0,0,0,0,0,0,0,0,0,0,0,0,0,0,0,0,0,0,0,0,0,0,0,0,0,0,0,0,0,0,0,0,0,0,0,0,0,0,0,0,0,0,0
15 - Κοζάνης,83 E.T. Δήμου Βοΐου,316,113,0,0,0,113,22,6,0,4,8,2,2,5,51,7,7,4,11,21,24,8,1,0,0,0,0,0,12,9,0,0,1,8,1,3,13,1,1,1,0,11,0,8,2,0,0,0,1,0,0,0,0,0,0,0,0,0,0,0,0,0,0,3,1,0,0,0,0,1,0,0,0,0,0,0,0,0,4,0,0,3,1,1,2,0,0,0,0,0,3,1
15 - Κοζάνης,84 E.T. Δήμου Βοΐου,139,58,4,0,4,54,17,2,0,0,2,4,2,0,22,7,2,1,5,9,3,3,0,0,0,0,0,0,3,0,0,0,0,3,1,0,5,2,0,1,0,0,0,0,1,1,0,0,0,1,0,0,0,0,0,0,0,0,0,0,0,0,0,0,0,0,0,0,0,0,0,0,0,0,0,0,0,0,5,1,2,0,0,0,0,0,0,0,0,0,1,0
15 - Κοζάνης,85 E.T. Δήμου Βοΐου,172,57,0,0,0,57,12,5,1,2,2,1,5,0,32,9,5,9,5,3,14,10,2,0,1,0,1,2,6,1,0,1,0,0,1,1,0,0,0,0,0,0,0,0,0,0,0,0,0,0,0,0,0,0,0,0,0,0,0,0,0,0,0,3,0,1,0,1,0,1,0,0,0,0,0,0,0,0,1,0,1,0,0,1,0,0,0,0,0,0,1,1
15 - Κοζάνης,86 E.T. Δήμου Βοΐου,173,95,0,0,0,95,17,7,3,0,9,2,3,3,64,22,14,14,21,23,13,6,3,2,3,1,0,0,1,0,0,0,0,1,0,0,1,0,0,0,0,0,0,0,0,0,0,0,0,0,0,0,0,0,0,0,0,0,0,0,0,0,0,4,0,1,1,0,1,1,0,0,0,0,0,0,0,0,0,0,0,0,0,0,4,3,0,0,1,2,1,0
15 - Κοζάνης,87 E.T. Δήμου Εορδαίας,406,222,2,3,5,217,88,22,32,20,8,3,18,6,56,14,6,29,18,25,1,1,4,2,0,0,0,1,28,0,4,4,2,12,3,13,11,0,0,1,0,1,8,5,10,4,0,0,0,1,0,0,0,0,0,0,0,0,0,0,0,0,0,4,0,1,1,0,0,1,0,0,0,0,2,0,0,0,5,1,0,0,1,1,1,1,0,1,0,0,8,2
15 - Κοζάνης,88 E.T. Δήμου Εορδαίας,423,256,9,0,9,247,102,12,22,25,24,9,16,27,77,19,23,26,28,34,2,4,5,3,0,0,0,0,17,1,2,3,0,2,1,12,16,3,2,1,2,0,10,5,2,0,0,0,0,0,0,0,0,0,0,0,1,0,0,0,0,1,0,10,3,2,0,0,0,0,0,0,0,0,0,0,0,0,8,2,0,0,2,2,2,0,0,0,0,0,6,3
15 - Κοζάνης,89 E.T. Δήμου Εορδαίας,401,238,5,2,7,231,97,13,32,22,12,9,17,19,62,13,8,27,19,22,6,5,5,2,2,0,1,0,15,2,1,0,0,7,0,5,28,2,0,2,0,0,19,7,2,1,0,0,0,0,0,0,0,0,0,0,0,0,0,0,0,0,0,3,1,1,0,0,0,0,0,0,0,0,0,0,0,0,10,1,1,2,1,2,1,1,0,1,0,0,8,6
15 - Κοζάνης,90 E.T. Δήμου Εορδαίας,333,193,1,1,2,191,72,5,26,20,14,11,12,4,90,23,26,41,40,15,1,0,1,1,1,0,0,0,15,0,1,1,3,7,2,6,5,1,1,1,2,0,1,1,0,0,0,0,0,0,0,0,1,0,0,1,0,0,0,0,0,0,0,2,1,0,0,0,0,0,0,0,0,0,0,0,0,0,5,1,2,0,1,1,0,0,0,0,0,0,0,0
15 - Κοζάνης,91 E.T. Δήμου Εορδαίας,379,230,2,0,2,228,104,11,36,26,11,13,28,28,69,9,7,45,22,14,1,2,3,0,1,1,1,0,20,0,0,0,0,14,2,6,12,1,2,3,3,2,4,1,2,1,0,0,1,0,0,0,0,0,0,0,0,0,0,0,0,0,0,3,1,1,0,0,1,1,0,0,0,0,1,0,0,0,10,1,3,5,2,3,1,0,0,0,0,0,3,3
15 - Κοζάνης,92 E.T. Δήμου Εορδαίας,539,346,5,2,7,339,101,14,37,27,21,4,19,7,135,41,5,61,53,38,3,5,6,0,3,1,1,1,33,0,4,2,0,14,1,19,19,3,2,8,0,0,12,6,4,2,0,0,0,1,0,0,0,0,0,0,0,0,0,0,0,0,0,21,9,2,1,3,0,7,0,0,0,0,0,0,0,0,6,1,0,1,1,0,4,3,2,0,1,0,10,7
15 - Κοζάνης,93 E.T. Δήμου Εορδαίας,485,334,9,2,11,323,105,15,27,26,22,7,29,3,95,31,8,36,41,31,2,13,5,2,3,0,0,2,32,4,2,1,1,15,4,20,17,0,0,4,7,1,10,2,7,4,1,1,2,1,0,0,0,0,0,0,0,0,0,0,0,0,0,31,10,2,3,10,4,6,0,0,0,0,0,0,2,2,19,7,1,3,0,3,3,1,1,1,2,0,7,2
15 - Κοζάνης,94 E.T. Δήμου Εορδαίας,420,112,2,1,3,109,29,1,11,7,8,2,5,3,55,20,3,29,35,7,1,6,7,2,0,0,3,0,4,1,0,0,1,1,0,2,1,0,0,0,0,0,0,0,1,0,0,0,0,0,0,0,0,0,0,0,0,0,0,0,0,1,0,3,0,0,1,1,1,1,0,0,0,0,0,0,0,0,8,1,2,1,1,4,0,0,0,0,0,0,0,0
15 - Κοζάνης,95 E.T. Δήμου Εορδαίας,527,200,2,2,4,196,62,3,29,20,5,7,18,4,71,19,4,40,25,32,0,1,5,2,1,1,0,1,29,0,1,2,0,5,0,28,2,1,0,0,0,0,0,0,3,0,0,0,0,1,0,0,0,0,0,0,0,0,0,0,0,0,0,9,1,1,2,2,1,4,7,4,6,3,1,1,0,0,6,2,0,1,0,2,0,0,0,0,0,0,1,1
15 - Κοζάνης,96 E.T. Δήμου Εορδαίας,564,221,0,0,0,221,80,8,39,13,12,3,12,12,73,22,8,28,22,21,0,4,11,3,1,1,3,1,28,0,8,0,0,2,2,28,8,0,0,4,0,0,6,1,1,0,0,0,0,0,0,0,0,0,0,0,0,0,0,0,0,0,0,8,1,1,2,0,0,5,3,0,2,1,0,0,0,0,7,2,0,0,1,2,0,0,0,0,0,0,2,1
15 - Κοζάνης,97 E.T. Δήμου Εορδαίας,566,279,2,2,4,275,74,5,46,18,5,7,14,2,78,35,9,25,26,30,1,2,6,2,2,0,0,0,85,0,7,7,1,13,1,78,5,1,0,0,0,0,1,0,1,0,0,0,0,0,0,0,1,0,0,0,0,0,0,0,0,0,0,6,2,0,0,0,0,0,5,2,5,0,0,0,0,0,12,2,0,1,2,3,2,0,0,2,1,0,0,0
15 - Κοζάνης,98 E.T. Δήμου Εορδαίας,467,285,2,2,4,281,124,18,50,29,6,10,30,12,77,20,15,34,27,12,2,7,6,1,2,2,1,0,25,0,1,3,2,7,2,16,10,2,0,0,0,0,3,1,1,0,0,0,0,0,0,0,1,0,1,0,7,1,0,7,3,0,0,15,2,0,3,0,0,4,0,0,0,0,1,0,1,0,5,0,1,0,1,2,3,1,1,1,0,0,5,3
15 - Κοζάνης,99 E.T. Δήμου Εορδαίας,562,335,2,3,5,330,144,29,59,45,11,3,45,14,99,20,17,51,34,17,0,2,1,1,1,0,0,0,51,0,8,3,0,10,12,30,5,1,0,1,1,1,2,0,2,0,0,0,1,0,0,0,1,0,1,1,3,1,0,3,1,0,0,6,1,0,0,2,0,1,0,0,0,0,1,0,0,0,14,3,4,2,0,2,2,0,0,0,0,1,1,1
15 - Κοζάνης,100 E.T. Δήμου Εορδαίας,398,231,1,1,2,229,77,16,27,26,3,9,20,2,63,13,2,16,16,47,2,3,2,0,0,0,0,0,37,3,1,3,0,11,4,30,35,7,2,5,8,3,22,13,0,0,0,0,0,0,0,0,0,0,0,0,1,1,0,0,1,0,0,2,1,0,0,0,0,0,2,2,2,0,0,0,0,0,8,2,3,4,0,2,0,0,0,0,0,0,2,1
15 - Κοζάνης,101 E.T. Δήμου Εορδαίας,332,200,4,1,5,195,72,13,11,27,9,13,23,3,67,21,11,15,25,34,4,2,0,0,0,0,0,0,22,1,3,1,1,13,0,18,26,4,0,2,12,4,6,5,0,0,0,0,0,0,0,0,0,0,0,0,0,0,0,0,0,0,0,3,0,0,0,2,0,0,1,0,0,0,0,0,0,0,1,0,0,0,0,0,2,2,0,0,0,2,1,0
15 - Κοζάνης,102 E.T. Δήμου Εορδαίας,440,247,1,6,7,240,68,10,16,30,12,4,14,5,81,14,6,36,24,28,0,1,3,0,0,0,1,0,38,1,1,2,0,15,7,26,8,1,1,0,0,1,1,2,8,1,1,0,0,0,0,0,1,0,0,0,1,0,1,0,0,1,0,18,1,2,2,2,1,2,1,1,1,0,0,0,1,1,3,0,0,0,0,0,0,0,0,0,0,0,8,2
15 - Κοζάνης,103 E.T. Δήμου Εορδαίας,520,301,3,0,3,298,76,8,21,30,8,7,22,6,100,25,3,58,37,37,1,7,5,3,0,0,2,1,56,7,6,1,5,16,19,32,8,1,0,1,1,1,4,2,11,3,0,1,4,4,0,0,0,0,0,0,0,0,0,0,0,1,0,22,7,2,4,5,8,4,0,0,0,0,0,0,1,1,11,4,5,4,3,1,1,0,0,0,0,0,6,0
15 - Κοζάνης,104 E.T. Δήμου Εορδαίας,495,256,6,1,7,249,50,6,4,24,7,4,9,1,127,45,11,71,29,41,2,3,6,2,2,3,0,0,31,2,2,3,0,22,3,12,8,1,0,7,0,0,2,0,6,2,0,0,2,2,0,0,1,0,0,0,1,1,0,0,0,0,0,7,1,0,0,0,1,1,0,0,0,0,0,0,0,0,8,3,2,2,1,1,1,0,0,1,0,1,3,1
15 - Κοζάνης,105 E.T. Δήμου Εορδαίας,519,269,2,2,4,265,54,17,7,16,9,6,13,6,142,51,9,62,39,41,6,6,2,1,1,0,0,0,30,4,2,3,0,17,3,11,10,0,0,7,2,1,0,2,5,1,1,0,2,2,0,0,2,1,0,0,0,0,0,0,0,0,0,6,3,3,2,2,0,0,0,0,0,0,0,0,1,1,6,2,3,1,1,2,2,0,0,1,0,0,5,3
15 - Κοζάνης,106 E.T. Δήμου Εορδαίας,502,215,3,1,4,211,66,6,17,8,11,5,20,5,106,15,3,81,25,35,4,5,3,1,1,0,1,0,9,0,0,1,1,3,0,2,5,3,0,0,2,0,2,0,3,3,0,0,1,2,0,0,1,0,0,0,1,0,0,1,1,0,0,5,3,1,0,1,0,2,0,0,0,0,0,0,0,0,6,2,2,0,2,1,2,1,0,0,0,0,4,0
15 - Κοζάνης,107 E.T. Δήμου Εορδαίας,450,178,1,1,2,176,48,5,18,9,11,6,13,6,96,9,8,84,13,23,3,3,6,1,2,1,4,0,10,0,2,1,1,6,0,5,6,2,0,1,0,0,0,0,1,0,0,0,0,0,0,0,0,0,0,0,0,0,0,0,0,0,0,4,0,0,0,0,0,0,0,0,0,0,0,0,0,0,0,0,0,0,0,0,1,0,0,0,1,1,4,4
15 - Κοζάνης,108 E.T. Δήμου Εορδαίας,456,232,3,1,4,228,82,15,21,15,10,7,22,5,104,22,8,76,18,20,5,1,5,0,3,1,1,0,15,0,4,0,0,10,1,10,8,0,0,4,1,1,7,1,2,2,0,0,0,0,0,0,0,0,0,0,0,0,0,0,0,0,0,5,2,1,0,0,1,2,0,0,0,0,0,0,0,0,3,0,0,0,0,0,2,0,0,0,0,0,2,1
15 - Κοζάνης,109 E.T. Δήμου Εορδαίας,409,232,0,0,0,232,82,11,24,21,6,5,40,2,85,23,3,57,24,24,3,4,9,4,5,2,1,0,20,0,4,0,1,2,1,16,5,0,2,2,0,0,1,0,14,14,0,0,1,0,0,0,0,0,0,0,2,0,1,0,0,0,0,5,1,1,3,0,2,1,0,0,0,0,0,0,0,0,5,1,1,0,2,1,1,1,0,0,0,1,4,2
15 - Κοζάνης,110 E.T. Δήμου Εορδαίας,438,245,2,2,4,241,82,16,17,11,9,1,41,6,87,13,7,59,22,21,3,2,12,4,3,2,2,2,25,0,7,1,1,12,7,16,2,0,0,2,0,0,1,0,19,17,2,0,1,1,0,0,0,0,0,0,0,0,0,0,0,0,0,5,0,1,1,1,0,0,0,0,0,0,0,0,0,0,8,3,2,0,1,2,0,0,0,0,0,0,1,1
15 - Κοζάνης,111 E.T. Δήμου Εορδαίας,428,231,3,0,3,228,73,8,10,13,9,0,45,2,100,21,3,70,29,19,2,3,8,1,1,0,0,1,15,2,0,1,0,8,2,8,3,1,0,2,0,0,2,1,16,14,2,0,2,1,0,0,1,0,1,1,0,0,0,0,0,0,0,4,1,1,0,0,1,0,1,0,0,0,0,0,1,0,2,2,0,2,0,0,0,0,0,0,0,0,4,1
15 - Κοζάνης,112 E.T. Δήμου Εορδαίας,576,413,6,2,8,405,69,8,16,26,25,5,30,17,240,71,14,169,50,57,1,6,18,11,5,1,0,0,34,2,2,2,1,6,6,26,19,1,0,2,0,0,18,3,1,0,0,0,0,0,0,0,2,1,1,1,1,1,1,0,0,0,0,12,5,3,1,3,0,2,0,0,0,0,0,0,0,0,3,1,0,0,0,1,0,0,0,0,0,0,6,3
15 - Κοζάνης,113 E.T. Δήμου Εορδαίας,499,333,3,0,3,330,60,8,24,22,16,6,25,2,179,49,6,136,46,36,2,7,14,6,4,2,3,1,27,1,1,1,0,2,5,26,29,0,0,1,0,0,28,11,3,1,0,0,0,0,0,0,0,0,0,0,0,0,0,0,0,0,0,6,1,1,3,3,1,0,0,0,0,0,0,0,1,0,10,2,2,2,4,1,0,0,0,0,0,0,1,0
15 - Κοζάνης,114 E.T. Δήμου Εορδαίας,224,151,2,0,2,149,42,3,11,17,7,4,18,2,38,7,3,27,9,10,0,1,2,2,0,1,0,0,12,1,0,1,0,6,0,5,36,4,0,3,0,0,28,13,2,1,0,0,0,0,0,0,0,0,0,0,0,0,0,0,0,0,0,5,0,2,2,1,1,0,0,0,0,0,0,0,4,0,1,0,0,0,0,0,2,2,0,1,0,1,5,2
15 - Κοζάνης,115 E.T. Δήμου Εορδαίας,381,234,2,1,3,231,75,8,21,15,21,11,27,1,104,26,7,72,35,30,4,4,7,4,3,2,0,1,20,2,3,1,0,12,2,8,0,0,0,0,0,0,0,0,0,0,0,0,0,0,0,0,0,0,0,0,0,0,0,0,0,0,0,11,2,1,1,1,1,3,0,0,0,0,0,0,0,0,8,8,1,3,0,3,1,1,1,0,0,0,5,5
15 - Κοζάνης,116 E.T. Δήμου Εορδαίας,443,266,3,1,4,262,74,11,45,20,11,10,23,6,134,40,9,109,43,20,1,7,4,2,0,1,0,1,17,1,1,1,1,12,0,14,2,0,0,1,1,0,2,0,6,5,0,0,1,1,0,0,0,0,0,0,1,1,0,0,1,0,0,7,1,1,0,0,0,1,0,0,0,0,0,0,0,0,13,4,1,1,2,2,0,0,0,0,0,0,4,2
15 - Κοζάνης,117 E.T. Δήμου Εορδαίας,507,257,0,7,7,250,84,12,13,13,20,12,15,2,106,26,6,83,12,50,3,6,2,0,0,0,0,0,15,0,1,3,0,3,1,0,12,0,0,4,0,0,2,2,1,0,0,0,0,0,0,0,0,0,0,0,0,0,0,0,0,1,0,14,8,1,0,3,1,2,0,0,0,0,0,0,1,0,10,1,1,2,0,1,1,1,0,0,0,0,3,2
15 - Κοζάνης,118 E.T. Δήμου Εορδαίας,491,235,6,3,9,226,43,4,11,12,7,10,11,1,123,42,4,93,9,50,2,5,3,2,1,1,0,0,22,1,1,2,0,9,2,13,10,1,0,1,0,0,6,0,4,1,1,0,2,1,0,0,0,0,0,0,1,0,1,0,1,0,0,6,1,2,1,0,1,0,0,0,0,0,0,0,1,0,11,3,1,1,0,2,1,1,0,0,0,1,1,0
15 - Κοζάνης,119 E.T. Δήμου Εορδαίας,540,326,2,5,7,319,96,14,27,36,15,9,19,6,147,83,17,59,70,28,1,2,10,6,2,0,1,1,15,0,2,1,1,1,1,15,13,1,2,5,1,1,7,2,3,2,0,0,0,1,0,0,1,0,1,1,1,0,0,0,1,0,0,16,7,3,1,3,2,2,0,0,0,0,0,0,0,0,9,5,1,0,0,1,4,1,0,1,0,0,4,4
15 - Κοζάνης,120 E.T. Δήμου Εορδαίας,529,307,7,2,9,298,101,9,32,47,14,3,30,6,130,48,14,54,35,48,2,3,7,2,1,4,0,2,11,1,1,0,1,4,2,7,13,1,0,6,1,1,5,0,8,6,0,1,2,1,0,0,0,0,0,0,2,2,0,0,2,0,0,11,6,2,1,0,1,3,1,0,0,0,2,2,0,0,7,2,0,1,0,0,2,0,0,0,0,0,3,2
15 - Κοζάνης,121 E.T. Δήμου Εορδαίας,554,297,4,2,6,291,100,18,27,51,7,7,20,5,121,36,10,48,37,40,1,6,9,4,2,3,4,0,16,0,1,1,1,7,2,9,8,0,2,5,4,0,0,1,3,2,0,0,0,1,1,0,1,0,1,1,1,1,0,0,1,0,0,12,7,1,3,4,0,2,0,0,0,0,0,0,1,0,11,4,1,3,3,1,2,1,0,0,1,1,5,5
15 - Κοζάνης,122 E.T. Δήμου Εορδαίας,558,294,4,0,4,290,93,13,31,35,17,10,34,3,113,45,12,42,39,36,2,2,9,4,2,2,2,1,25,4,1,6,1,8,2,15,20,4,2,8,4,0,9,5,1,1,0,0,0,0,0,0,1,1,0,1,0,0,0,0,0,0,0,10,2,0,0,1,0,2,2,1,2,0,0,0,0,0,11,5,2,2,5,2,1,0,0,0,0,0,4,0
15 - Κοζάνης,123 E.T. Δήμου Εορδαίας,534,287,2,2,4,283,101,21,28,39,14,9,27,6,127,51,11,47,42,42,3,4,5,5,1,1,0,0,8,0,2,1,0,5,0,3,10,1,2,5,0,0,4,2,0,0,0,0,0,0,0,0,0,0,0,0,0,0,0,0,0,0,0,12,3,1,3,6,3,0,0,0,0,0,0,0,1,1,9,3,2,1,0,1,5,1,0,1,2,0,5,2
15 - Κοζάνης,124 E.T. Δήμου Εορδαίας,537,292,3,3,6,286,87,9,37,33,8,2,24,2,129,53,16,53,39,33,0,5,7,3,0,0,2,1,24,4,1,5,1,4,4,6,7,0,0,3,0,0,3,1,4,2,0,0,0,0,0,0,0,0,0,0,1,1,0,1,0,0,0,10,7,1,0,2,2,3,0,0,0,0,0,0,0,0,8,1,0,2,3,1,2,0,0,0,0,0,7,5
15 - Κοζάνης,125 E.T. Δήμου Εορδαίας,562,325,5,0,5,320,93,13,26,46,8,3,23,4,145,63,15,50,39,43,1,9,17,5,2,1,1,1,24,2,1,4,1,6,4,9,10,2,1,4,0,1,4,3,2,0,0,0,0,0,0,0,5,0,1,4,1,0,0,0,0,0,0,8,4,2,1,1,0,2,0,0,0,0,0,0,1,0,9,1,3,2,0,0,1,0,0,0,0,0,4,1
15 - Κοζάνης,126 E.T. Δήμου Εορδαίας,564,339,3,0,3,336,115,11,33,42,16,7,46,8,131,45,14,78,39,36,0,1,9,1,3,0,1,0,17,1,3,1,1,0,1,9,20,0,0,8,1,1,11,1,4,2,1,0,1,0,0,0,1,1,1,0,0,0,0,0,0,0,0,19,5,0,5,2,0,6,0,0,0,0,0,0,1,1,14,4,2,6,5,4,2,0,2,0,1,1,3,2
15 - Κοζάνης,127 E.T. Δήμου Εορδαίας,525,300,7,0,7,293,115,16,47,32,16,6,41,3,120,38,13,48,31,43,6,5,9,3,2,1,5,0,11,2,0,0,0,4,1,5,19,2,0,10,1,0,10,4,3,1,0,0,2,1,0,0,0,0,0,0,2,0,1,0,2,0,0,7,3,1,5,1,1,0,0,0,0,0,0,0,1,0,4,1,1,0,2,1,1,0,0,0,0,0,1,1
15 - Κοζάνης,128 E.T. Δήμου Εορδαίας,532,288,6,0,6,282,86,19,20,33,13,12,27,7,132,40,10,55,50,57,4,4,8,3,5,3,2,1,19,2,5,1,0,10,2,11,7,0,0,4,0,1,2,1,6,5,1,0,2,1,0,0,0,0,0,0,0,0,0,0,0,0,0,13,3,0,2,3,4,7,0,0,0,0,0,0,1,1,5,1,0,0,0,0,3,0,0,0,2,1,2,0
15 - Κοζάνης,129 E.T. Δήμου Εορδαίας,565,321,0,2,2,319,110,9,35,36,17,11,20,6,139,49,13,71,30,54,0,3,6,1,3,1,0,0,18,0,0,0,0,7,2,13,13,3,2,4,0,0,2,1,6,3,1,0,1,1,0,0,0,0,0,0,0,0,0,0,0,0,0,12,0,2,2,2,3,7,0,0,0,0,0,0,0,0,9,1,1,4,2,1,0,0,0,0,0,0,6,1
15 - Κοζάνης,130 E.T. Δήμου Εορδαίας,570,314,4,2,6,308,103,12,39,32,17,6,37,9,119,36,14,54,37,37,2,5,12,3,5,2,5,1,17,1,1,6,1,4,6,8,14,1,1,5,0,0,8,0,4,0,0,0,1,2,0,0,2,0,0,1,2,2,0,1,1,0,0,17,6,4,3,4,4,6,0,0,0,0,0,0,0,0,9,5,2,4,4,1,3,1,1,0,1,1,6,1
15 - Κοζάνης,131 E.T. Δήμου Εορδαίας,559,324,3,2,5,319,94,12,43,25,13,10,23,8,135,49,13,66,34,38,8,10,8,1,0,1,2,0,20,0,1,2,0,7,0,13,20,4,0,10,0,0,5,6,8,5,2,0,1,1,0,0,3,1,2,1,0,0,0,0,0,0,0,4,1,1,0,1,1,1,2,1,1,0,0,0,0,0,14,4,0,4,1,3,3,0,0,0,2,0,8,3
15 - Κοζάνης,132 E.T. Δήμου Εορδαίας,568,334,11,3,14,320,96,11,29,41,14,5,27,7,139,50,8,60,39,53,3,6,15,3,7,0,4,1,13,1,1,0,0,4,3,7,14,2,0,6,3,2,7,3,13,11,0,0,4,3,0,0,1,0,0,0,2,1,1,1,1,0,0,4,1,0,2,0,0,1,0,0,0,0,0,0,1,0,13,2,1,3,2,1,2,1,0,0,0,0,7,3
15 - Κοζάνης,133 E.T. Δήμου Εορδαίας,532,337,2,2,4,333,113,15,26,39,18,10,37,7,124,46,10,59,31,46,2,2,7,3,4,1,0,0,29,2,5,3,0,11,3,17,13,2,0,5,1,0,6,1,8,2,0,0,1,0,0,0,4,2,1,3,2,1,1,0,0,0,0,10,2,1,5,2,2,2,0,0,0,0,0,0,1,1,14,3,2,3,3,3,1,1,0,0,1,0,7,5
15 - Κοζάνης,134 E.T. Δήμου Εορδαίας,517,352,2,4,6,346,108,20,29,34,13,10,26,8,146,43,17,68,39,39,0,3,15,2,3,1,3,1,13,2,1,1,0,7,0,5,11,2,0,4,1,0,4,0,9,2,0,0,0,1,0,0,1,1,0,1,5,0,1,2,4,0,0,14,5,2,3,3,1,1,1,0,1,0,0,0,0,0,14,4,1,4,2,2,2,0,0,0,0,0,7,3
15 - Κοζάνης,135 E.T. Δήμου Εορδαίας,519,333,1,1,2,331,113,20,35,36,23,15,46,7,141,62,11,63,40,45,1,4,8,4,1,1,0,1,16,1,1,3,2,5,2,8,4,1,0,2,0,0,2,0,5,4,0,0,3,2,0,0,0,0,0,0,0,0,0,0,0,0,0,25,7,3,5,3,5,9,0,0,0,0,0,0,0,0,13,3,3,2,2,1,2,1,1,0,0,0,4,2
15 - Κοζάνης,136 E.T. Δήμου Εορδαίας,521,339,7,2,9,330,108,19,25,73,18,10,26,2,112,38,18,47,26,36,2,5,10,7,2,2,1,1,23,0,3,3,0,17,1,8,23,3,1,10,0,4,13,2,6,4,0,0,0,0,0,0,0,0,0,0,5,2,0,1,3,0,0,13,1,2,3,3,1,2,0,0,0,0,0,0,5,5,17,6,4,3,1,3,4,0,1,0,0,0,4,2
15 - Κοζάνης,137 E.T. Δήμου Εορδαίας,520,339,3,3,6,333,109,13,24,44,13,7,41,2,119,36,9,57,35,49,0,3,11,4,2,5,1,1,29,0,5,7,0,14,5,14,9,3,0,3,0,0,6,2,9,2,0,0,2,2,0,0,1,0,0,0,1,0,0,1,1,0,0,14,4,1,2,1,0,2,1,0,0,0,1,0,2,1,15,5,0,0,1,3,5,0,0,1,0,1,7,5
15 - Κοζάνης,138 E.T. Δήμου Εορδαίας,521,315,5,3,8,307,113,9,29,33,16,11,30,10,117,47,12,47,32,34,1,5,5,3,1,0,2,0,16,0,2,1,0,5,1,7,14,3,1,4,2,0,8,1,4,2,1,0,0,0,0,0,0,0,0,0,0,0,0,0,0,0,0,20,2,4,1,3,0,10,0,0,0,0,1,0,1,1,8,2,0,1,0,0,2,2,0,1,0,0,6,2
15 - Κοζάνης,139 E.T. Δήμου Εορδαίας,519,335,0,2,2,333,135,21,43,52,29,5,49,6,132,41,14,43,36,65,2,3,6,3,2,1,2,1,8,0,0,1,1,3,0,3,13,2,0,6,2,0,6,4,7,4,0,0,2,2,0,0,0,0,0,0,0,0,0,0,0,0,0,10,4,3,1,1,1,2,0,0,0,0,0,0,2,2,13,3,0,1,1,3,0,0,0,0,0,0,7,3
15 - Κοζάνης,140 E.T. Δήμου Εορδαίας,516,318,3,3,6,312,103,19,33,37,14,8,34,5,129,52,15,43,31,49,1,6,5,1,2,1,2,1,20,0,4,3,0,9,0,13,10,2,2,4,1,0,2,1,2,1,1,0,1,1,0,0,0,0,0,0,1,1,0,1,0,0,0,21,5,3,6,3,1,10,2,1,1,0,0,0,0,0,8,3,2,0,1,3,2,0,0,0,0,0,9,6
15 - Κοζάνης,141 E.T. Δήμου Εορδαίας,517,321,2,2,4,317,113,17,21,22,12,13,30,5,103,41,6,36,34,38,1,1,9,3,2,0,1,1,28,1,2,2,0,10,0,22,22,1,1,11,1,2,8,2,4,3,0,2,0,0,1,0,1,0,0,1,2,1,0,1,2,0,0,15,3,3,3,1,4,7,1,0,0,0,0,0,1,1,11,1,1,2,0,2,1,1,0,0,0,0,5,3
15 - Κοζάνης,142 E.T. Δήμου Εορδαίας,521,333,3,2,5,328,104,17,26,31,22,12,35,6,129,54,6,55,36,36,6,4,5,2,0,0,1,0,22,0,2,1,3,2,4,11,18,2,2,6,0,1,5,1,8,5,0,0,1,2,0,0,2,0,0,0,0,0,0,0,0,0,0,21,3,1,2,5,1,7,0,0,0,0,0,0,0,0,12,3,3,1,1,1,2,0,0,0,0,0,5,4
15 - Κοζάνης,143 E.T. Δήμου Εορδαίας,529,352,10,3,13,339,135,12,43,39,20,13,19,13,111,43,11,60,22,40,3,4,12,6,3,3,1,0,19,5,1,0,2,9,0,10,13,1,0,4,0,1,2,5,2,1,0,0,1,1,0,0,4,0,1,1,0,0,0,0,0,0,0,22,3,6,4,2,2,6,1,0,1,1,0,0,2,1,13,5,1,2,3,3,0,0,0,0,0,0,5,1
15 - Κοζάνης,144 E.T. Δήμου Εορδαίας,515,296,0,1,1,295,100,20,70,37,18,8,20,3,109,30,8,34,42,67,4,5,10,5,1,0,1,3,11,1,0,0,1,6,0,10,22,2,3,7,3,6,5,1,5,1,0,0,1,1,0,0,4,0,0,1,2,1,0,0,1,0,0,14,3,3,2,2,2,2,0,0,0,0,0,0,1,0,10,3,3,2,1,1,2,2,0,0,0,0,5,2
15 - Κοζάνης,145 E.T. Δήμου Εορδαίας,554,365,7,4,11,354,127,21,53,47,15,10,31,9,127,34,12,70,32,37,3,9,9,4,1,2,1,2,18,0,3,1,0,2,1,11,21,4,1,11,1,1,9,2,4,3,0,0,2,1,0,0,0,0,0,0,2,0,1,0,0,1,1,16,4,1,1,6,3,4,1,0,0,0,0,0,1,0,14,3,3,2,1,1,3,1,0,0,0,0,10,4
15 - Κοζάνης,146 E.T. Δήμου Εορδαίας,556,349,6,2,8,341,124,15,47,44,25,8,39,7,113,33,16,55,33,26,4,7,8,4,4,1,0,0,31,7,7,3,1,10,0,12,27,9,0,1,2,1,10,9,8,4,0,0,3,1,0,0,2,1,2,0,0,0,0,0,0,0,0,4,2,0,1,0,1,1,0,0,0,0,0,0,0,0,13,5,2,3,2,1,5,0,0,0,0,0,6,3
15 - Κοζάνης,147 E.T. Δήμου Εορδαίας,522,331,13,5,18,313,108,20,34,46,9,9,20,2,138,40,14,66,43,43,2,4,11,5,3,3,1,2,13,1,1,2,1,5,3,3,4,1,0,1,1,1,1,1,2,0,0,0,0,0,0,0,1,1,1,0,1,1,0,0,1,0,0,13,3,1,3,3,1,4,0,0,0,0,0,0,0,0,10,1,2,3,3,1,3,1,0,0,1,0,9,5
15 - Κοζάνης,148 E.T. Δήμου Εορδαίας,542,345,1,2,3,342,120,14,44,45,15,14,21,8,120,43,7,57,48,43,2,3,15,1,2,1,5,3,22,3,0,2,2,4,3,14,13,1,0,9,0,1,3,6,6,3,0,0,1,1,0,0,0,0,0,0,1,1,0,0,0,0,0,22,4,5,4,3,4,2,1,0,0,0,0,0,2,1,9,2,0,1,0,0,6,3,2,1,2,0,5,1
15 - Κοζάνης,149 E.T. Δήμου Εορδαίας,522,323,7,2,9,314,95,22,29,39,12,4,15,4,125,31,12,58,34,45,1,3,6,2,3,2,2,1,17,0,4,1,1,9,0,10,11,1,1,4,1,1,4,1,9,4,0,1,2,2,0,0,0,0,0,0,0,0,0,0,0,0,0,21,4,4,4,3,3,5,2,0,0,0,0,0,5,4,9,5,2,2,0,0,2,0,0,0,0,0,12,7
15 - Κοζάνης,150 E.T. Δήμου Εορδαίας,519,330,3,1,4,326,129,10,41,48,19,5,38,6,102,33,8,45,22,32,1,3,12,6,3,3,2,2,21,2,1,1,1,5,3,11,20,3,1,5,0,2,9,3,5,1,0,0,1,0,0,0,1,1,1,0,0,0,0,0,0,0,0,11,4,2,2,3,2,1,0,0,0,0,0,0,1,0,13,3,2,4,0,1,5,3,0,0,0,1,6,2
15 - Κοζάνης,151 E.T. Δήμου Εορδαίας,518,297,9,6,15,282,124,18,32,42,23,9,36,8,92,39,10,54,22,20,1,6,5,0,4,1,0,2,14,0,0,2,1,5,2,9,13,2,0,7,0,2,4,8,5,1,0,0,0,1,0,0,0,0,0,0,0,0,0,0,0,0,0,12,4,3,4,1,3,5,0,0,0,0,0,0,1,0,10,3,0,1,0,1,5,0,0,1,3,0,1,0
15 - Κοζάνης,152 E.T. Δήμου Εορδαίας,522,332,6,6,12,320,101,15,27,36,11,7,28,3,137,46,12,60,41,38,2,3,13,6,1,2,4,2,23,1,1,1,0,9,3,14,6,0,0,2,0,0,4,1,3,1,0,0,0,0,0,0,2,0,0,0,0,0,0,0,0,0,0,17,3,3,2,4,2,3,1,0,0,1,0,0,0,0,9,2,0,4,1,2,5,2,1,3,0,0,3,0
15 - Κοζάνης,153 E.T. Δήμου Εορδαίας,511,315,9,0,9,306,104,12,18,43,14,7,18,3,129,36,13,68,34,45,1,8,7,1,4,2,2,1,21,0,2,3,4,2,1,12,8,3,0,1,0,0,1,1,7,3,0,0,1,2,1,0,2,1,1,0,1,0,1,1,0,0,0,7,0,1,2,0,1,1,1,0,1,1,0,0,1,0,10,4,2,3,1,3,5,3,2,0,1,2,2,1
15 - Κοζάνης,154 E.T. Δήμου Εορδαίας,522,322,3,1,4,318,127,14,33,52,27,10,40,5,115,41,6,46,47,31,1,2,8,3,6,1,3,1,29,1,5,1,3,7,0,23,14,4,0,7,0,1,6,4,3,2,2,0,1,1,0,0,1,1,1,0,1,1,1,0,0,0,0,5,2,0,1,1,1,2,0,0,0,0,0,0,0,0,6,0,1,2,3,2,2,1,0,1,0,1,7,3
15 - Κοζάνης,155 E.T. Δήμου Εορδαίας,537,316,7,2,9,307,131,14,42,51,16,13,39,9,113,33,19,56,23,36,2,9,5,2,2,2,1,0,19,4,2,1,1,3,1,14,12,1,1,2,1,0,4,3,4,1,0,0,0,1,0,0,2,2,1,0,0,0,0,0,0,0,0,5,1,0,0,1,1,2,0,0,0,0,0,0,1,0,7,1,0,1,1,2,1,0,0,0,0,0,7,3
15 - Κοζάνης,156 E.T. Δήμου Εορδαίας,367,239,2,0,2,237,101,23,19,35,22,5,39,6,79,27,7,50,16,21,3,1,12,10,1,2,2,0,13,0,2,0,0,1,1,10,10,0,0,4,0,0,4,1,3,0,0,0,0,0,0,0,1,0,0,0,0,0,0,0,0,0,0,8,2,1,1,1,2,2,0,0,0,0,1,0,1,0,5,0,1,1,0,2,1,1,0,1,0,0,2,1
15 - Κοζάνης,157 E.T. Δήμου Εορδαίας,358,243,0,1,1,242,123,22,33,29,21,7,28,5,50,23,6,20,9,11,0,1,5,1,2,0,2,0,20,1,3,3,0,8,0,8,18,3,0,6,1,1,4,3,4,1,0,0,0,0,0,0,1,0,0,0,1,0,0,0,0,0,0,6,3,0,2,0,3,2,0,0,0,0,0,0,0,0,11,1,2,2,3,2,1,1,0,0,0,1,2,1
15 - Κοζάνης,158 E.T. Δήμου Εορδαίας,451,303,2,0,2,301,113,9,28,40,19,6,41,10,106,29,17,48,27,36,0,6,8,5,1,2,2,0,23,0,2,7,0,4,1,11,25,2,0,2,1,0,11,6,4,2,0,0,0,1,0,0,1,0,0,0,0,0,0,0,0,0,0,2,1,0,1,0,0,0,1,0,0,0,0,0,3,0,10,6,0,2,4,1,1,0,1,0,0,1,4,2
15 - Κοζάνης,159 E.T. Δήμου Εορδαίας,313,196,4,4,8,188,60,16,18,9,14,5,8,4,93,36,9,43,32,16,3,5,7,0,1,1,0,0,6,2,1,0,0,1,0,4,5,0,0,4,1,0,0,0,0,0,0,0,0,0,0,0,0,0,0,0,0,0,0,0,0,0,0,8,2,1,0,0,2,1,0,0,0,0,0,0,1,1,6,3,1,2,2,2,0,0,0,0,0,0,2,1
15 - Κοζάνης,160 E.T. Δήμου Εορδαίας,393,241,2,0,2,239,65,7,16,29,10,5,10,3,131,45,8,73,31,37,2,10,9,6,4,5,1,1,9,0,1,3,1,3,3,2,2,0,0,0,1,0,1,0,2,0,0,0,0,0,0,0,0,0,0,0,0,0,0,0,0,0,0,5,1,1,0,1,0,1,0,0,0,0,0,0,0,0,8,0,0,1,1,1,2,0,0,0,0,0,6,3
15 - Κοζάνης,161 E.T. Δήμου Εορδαίας,432,294,0,7,7,287,93,11,24,32,15,10,17,2,102,33,4,75,18,28,3,2,11,0,1,2,2,3,23,2,1,0,2,7,1,14,18,1,1,4,1,0,6,5,3,0,0,0,0,0,0,0,3,0,0,2,2,0,0,2,1,1,0,13,1,3,3,1,2,1,0,0,0,0,1,0,0,0,10,1,0,3,1,1,1,0,0,0,0,0,6,3
15 - Κοζάνης,162 E.T. Δήμου Εορδαίας,332,241,3,1,4,237,101,16,32,40,24,6,29,8,68,22,3,46,17,20,1,4,7,2,2,1,1,2,28,1,0,0,0,5,1,26,7,2,0,3,0,0,3,0,6,0,1,0,2,0,0,0,1,0,0,0,0,0,0,0,0,0,0,8,1,2,2,2,0,1,0,0,0,0,0,0,0,0,7,3,0,2,0,1,4,0,1,0,1,0,0,0
15 - Κοζάνης,163 E.T. Δήμου Εορδαίας,349,235,3,3,6,229,82,13,23,27,15,9,18,2,87,34,4,33,13,22,3,2,6,3,3,0,0,1,19,0,0,0,1,9,0,10,11,1,1,4,2,0,4,3,6,3,1,0,2,0,0,0,0,0,0,0,1,0,1,1,0,0,0,4,1,1,1,0,0,1,1,0,0,0,0,0,2,0,5,2,0,3,1,0,0,0,0,0,0,0,5,3
15 - Κοζάνης,164 E.T. Δήμου Εορδαίας,466,294,8,4,12,282,104,17,25,33,18,7,25,7,90,32,7,48,19,23,2,8,8,1,3,0,3,3,19,3,0,2,0,8,0,12,28,18,2,11,0,0,17,2,4,1,0,0,1,0,0,0,0,0,0,0,2,2,2,0,0,1,1,7,1,0,2,0,1,2,2,0,0,0,0,0,1,0,11,2,1,3,1,2,0,0,0,0,0,0,5,1
15 - Κοζάνης,165 E.T. Δήμου Εορδαίας,486,286,1,1,2,284,98,12,14,29,15,8,22,6,102,34,7,58,20,36,4,5,5,1,2,0,0,1,40,1,6,3,1,16,2,23,17,14,0,1,1,0,12,2,4,2,0,0,0,1,0,0,1,0,0,0,0,0,0,0,0,0,0,9,3,0,1,0,1,1,0,0,0,0,0,0,0,0,3,1,1,1,0,0,1,0,0,0,0,0,4,1
15 - Κοζάνης,166 E.T. Δήμου Εορδαίας,471,300,2,6,8,292,135,16,38,36,26,8,44,4,105,31,9,41,38,31,1,3,4,1,2,1,0,1,10,0,2,1,0,1,0,6,17,10,0,4,0,0,14,0,5,2,0,0,1,1,0,0,1,0,0,0,0,0,0,0,0,1,0,7,1,1,1,0,3,3,0,0,0,0,0,0,0,0,5,1,2,2,0,0,2,0,0,1,0,0,0,0
15 - Κοζάνης,167 E.T. Δήμου Εορδαίας,484,293,7,1,8,285,98,10,20,30,13,5,33,2,94,25,7,50,21,26,2,2,5,2,1,1,0,0,31,2,1,4,0,12,0,18,16,1,0,3,0,3,7,2,4,2,0,0,0,1,0,0,0,0,0,0,1,0,0,0,1,0,0,12,5,2,3,2,0,2,0,0,0,0,0,0,1,0,16,1,2,1,1,2,0,0,0,0,0,0,7,4
15 - Κοζάνης,168 E.T. Δήμου Εορδαίας,542,329,3,1,4,325,130,30,30,38,16,6,19,3,87,36,12,32,10,29,1,1,9,2,3,2,1,0,41,1,4,1,2,20,1,22,21,5,0,12,1,1,7,3,1,0,0,0,0,0,0,0,1,0,0,0,1,0,0,0,1,0,0,16,2,0,4,4,3,1,0,0,0,0,1,0,4,3,3,2,0,1,2,0,1,0,0,0,0,0,9,2
15 - Κοζάνης,169 E.T. Δήμου Εορδαίας,547,286,1,2,3,283,149,33,40,35,33,8,34,4,77,31,33,41,6,23,5,3,5,1,2,0,0,1,23,2,3,4,4,9,2,5,10,2,0,6,1,0,1,5,4,2,0,0,1,0,1,0,0,0,0,0,0,0,0,0,0,0,0,5,2,1,1,1,0,1,1,1,0,1,0,0,0,0,6,1,2,5,2,0,0,0,0,0,0,0,2,1
15 - Κοζάνης,170 E.T. Δήμου Εορδαίας,503,259,5,4,9,250,118,27,28,26,29,14,25,6,56,27,3,24,9,15,6,2,3,1,1,0,0,0,41,2,7,3,6,16,3,21,8,0,0,3,0,1,4,1,4,0,0,0,0,0,0,0,0,0,0,0,1,1,0,0,0,0,0,6,1,1,0,1,0,1,0,0,0,0,0,0,4,0,4,1,2,0,1,0,3,1,0,0,0,2,2,0
15 - Κοζάνης,171 E.T. Δήμου Εορδαίας,382,225,1,0,1,224,88,13,16,35,18,12,17,5,57,11,11,38,16,22,0,0,1,0,0,0,0,0,21,0,0,3,0,5,2,14,12,1,0,2,2,0,7,4,3,1,0,0,1,1,0,0,0,0,0,0,2,0,1,2,0,0,0,19,6,0,4,6,3,5,5,5,5,0,0,0,0,0,7,2,0,0,1,0,1,1,1,0,0,0,8,8
15 - Κοζάνης,172 E.T. Δήμου Εορδαίας,500,325,3,1,4,321,166,30,45,49,18,18,33,8,97,26,5,57,36,34,0,1,8,2,2,1,1,2,14,0,4,0,0,4,0,14,10,5,0,3,0,1,3,1,3,1,0,0,0,0,0,0,0,0,0,0,0,0,0,0,0,0,0,12,3,4,2,0,1,0,0,0,0,0,0,0,0,0,8,2,1,1,1,0,3,0,0,2,1,1,0,0
15 - Κοζάνης,173 E.T. Δήμου Εορδαίας,550,361,5,3,8,353,158,56,52,33,23,9,22,12,100,19,15,53,23,36,3,5,13,5,1,1,2,1,23,1,1,8,0,6,0,13,18,3,0,1,3,0,5,3,6,3,0,0,1,0,0,0,1,0,1,1,1,0,0,1,0,0,0,15,1,5,4,6,2,1,1,0,1,1,0,0,0,0,6,3,0,1,0,1,2,1,0,0,0,0,9,5
15 - Κοζάνης,174 E.T. Δήμου Εορδαίας,499,347,3,0,3,344,166,32,52,53,27,11,27,29,98,23,10,54,28,20,1,5,11,2,3,1,1,3,17,0,5,3,1,3,1,15,6,1,0,2,0,1,1,0,6,3,1,0,2,3,0,0,3,1,2,1,0,0,0,0,0,0,0,23,6,4,7,5,2,3,1,0,1,0,0,0,1,0,6,0,1,0,1,1,1,1,0,0,0,1,5,2
15 - Κοζάνης,175 E.T. Δήμου Εορδαίας,508,309,3,5,8,301,117,29,27,25,16,9,16,7,94,17,8,56,17,36,3,3,10,3,2,0,3,1,21,0,0,1,0,8,0,12,14,3,1,5,1,2,6,1,4,1,0,0,1,0,1,0,0,0,0,0,1,0,0,1,1,0,0,17,5,6,4,3,4,6,1,1,0,0,0,0,0,0,13,2,0,0,2,1,1,0,0,1,0,0,7,4
15 - Κοζάνης,176 E.T. Δήμου Εορδαίας,528,385,6,3,9,376,197,23,69,38,38,8,75,10,93,27,13,30,23,32,3,9,2,0,0,1,0,0,17,0,0,2,0,6,0,13,20,3,2,9,1,1,7,3,6,2,0,0,1,1,0,0,1,0,0,0,0,0,0,0,0,1,0,11,3,3,3,1,1,1,0,0,0,0,0,0,4,3,12,2,3,2,1,0,0,0,0,0,0,0,12,7
15 - Κοζάνης,177 E.T. Δήμου Εορδαίας,469,334,6,2,8,326,151,33,41,45,27,9,55,14,86,22,10,41,19,39,0,4,9,4,0,1,4,1,34,1,3,2,0,8,4,19,13,2,0,4,1,0,10,2,2,0,0,0,0,0,0,0,1,0,0,0,1,0,0,0,0,0,0,8,4,1,2,4,0,1,1,0,0,0,1,1,0,0,11,6,0,3,2,3,1,0,0,0,0,0,7,2
15 - Κοζάνης,178 E.T. Δήμου Εορδαίας,314,189,0,1,1,188,68,14,18,15,18,12,8,1,73,22,6,33,29,15,6,4,7,2,2,4,1,0,9,0,0,1,0,2,0,4,9,2,0,4,1,0,6,0,1,0,0,0,0,0,0,0,2,1,0,2,1,0,1,0,1,0,0,9,3,1,4,2,0,2,0,0,0,0,0,0,1,0,1,0,0,0,0,0,0,0,0,0,0,0,7,2
15 - Κοζάνης,179 E.T. Δήμου Κοζάνης,484,290,3,0,3,287,91,30,13,20,22,22,9,13,86,9,15,26,57,21,5,5,3,1,2,0,0,0,48,4,19,13,0,35,3,7,28,3,0,6,3,21,0,11,2,1,1,0,1,1,0,0,4,1,2,1,0,0,0,0,0,0,0,5,0,3,0,2,0,1,1,0,0,0,0,0,0,0,14,3,4,1,1,1,0,0,0,0,0,0,5,1
15 - Κοζάνης,180 E.T. Δήμου Κοζάνης,478,280,1,3,4,276,110,45,18,22,40,22,6,8,66,8,21,19,40,11,0,4,6,2,3,2,0,2,43,2,14,10,2,27,0,2,21,0,0,1,2,16,0,13,3,0,1,0,1,2,0,0,2,0,1,0,1,0,1,1,0,1,0,11,2,3,2,1,0,4,1,0,0,1,0,0,0,0,10,5,1,5,3,1,1,1,0,0,0,0,0,0
15 - Κοζάνης,181 E.T. Δήμου Κοζάνης,455,288,5,3,8,280,111,45,10,19,37,29,9,15,63,7,11,24,36,9,1,9,5,1,2,0,0,0,22,1,15,5,1,17,0,1,38,4,0,1,8,26,1,18,3,1,1,0,2,0,0,0,1,0,1,1,2,0,2,0,2,0,0,16,1,2,1,4,2,7,0,0,0,0,0,0,0,0,13,3,1,2,0,2,2,1,2,0,0,1,4,2
15 - Κοζάνης,182 E.T. Δήμου Κοζάνης,444,259,2,0,2,257,95,52,8,17,25,25,6,9,74,7,11,19,54,9,8,4,2,1,2,1,0,0,31,0,16,9,1,20,2,5,28,3,2,1,5,19,0,12,2,0,0,0,0,0,0,0,1,1,1,0,0,0,0,0,0,0,0,7,1,1,1,0,1,3,0,0,0,0,0,0,0,0,8,4,0,1,1,2,1,0,0,0,0,0,8,1
15 - Κοζάνης,183 E.T. Δήμου Κοζάνης,449,260,5,4,9,251,100,44,4,24,23,26,7,9,49,7,6,11,32,7,2,7,6,0,2,0,2,4,48,2,28,10,3,29,2,2,13,0,1,0,2,12,0,6,2,0,0,0,1,1,0,0,0,0,0,0,0,0,0,0,0,0,0,11,2,1,2,1,1,4,1,0,0,1,0,0,0,0,13,5,3,2,3,2,1,1,0,1,0,0,7,5
15 - Κοζάνης,184 E.T. Δήμου Κοζάνης,406,289,2,2,4,285,54,13,3,8,17,12,4,11,152,31,48,29,55,69,6,6,7,4,3,1,0,0,31,2,2,8,1,19,3,6,3,1,0,0,1,1,0,0,6,1,1,0,1,3,0,0,2,0,0,2,0,0,0,0,0,0,0,21,4,2,0,6,3,3,0,0,0,0,0,0,2,1,6,1,1,0,0,0,1,0,0,1,0,0,0,0
15 - Κοζάνης,185 E.T. Δήμου Κοζάνης,344,234,1,1,2,232,51,20,6,7,18,10,4,7,90,20,27,13,34,41,2,9,5,3,3,2,1,1,49,2,4,11,3,33,4,8,10,4,0,1,4,3,1,3,8,5,3,1,1,2,0,0,0,0,0,0,0,0,0,0,0,0,0,7,0,2,0,5,1,0,0,0,0,0,1,1,0,0,5,3,0,1,0,0,4,3,1,0,0,1,2,2
15 - Κοζάνης,186 E.T. Δήμου Κοζάνης,252,175,1,1,2,173,47,16,2,2,13,10,1,3,83,4,47,24,38,7,3,13,3,2,0,1,1,0,25,1,7,6,0,13,3,4,2,0,0,0,0,2,0,0,1,0,0,0,0,0,0,0,0,0,0,0,3,0,1,3,2,0,0,4,0,0,0,0,0,0,0,0,0,0,0,0,1,0,0,0,0,0,0,0,0,0,0,0,0,0,4,0
15 - Κοζάνης,187 E.T. Δήμου Κοζάνης,241,129,2,2,4,125,25,10,1,3,5,6,4,7,61,18,13,10,35,19,0,13,5,3,1,0,2,0,20,0,13,1,0,15,0,2,2,1,0,0,0,0,0,1,3,1,0,0,1,0,0,0,1,0,0,0,0,0,0,0,0,0,0,3,0,1,1,0,0,1,0,0,0,0,0,0,0,0,4,3,1,0,0,3,1,0,0,0,0,1,0,0
15 - Κοζάνης,188 E.T. Δήμου Κοζάνης,484,306,3,1,4,302,121,47,5,11,39,30,14,12,83,17,19,20,34,15,5,15,1,0,0,0,0,0,40,3,11,4,7,24,7,7,10,1,0,0,3,4,1,4,11,3,3,1,2,4,0,0,0,0,0,0,1,1,0,0,1,0,0,17,6,1,3,2,3,2,2,0,0,0,0,0,2,0,3,2,1,0,0,1,3,2,0,1,0,0,8,2
15 - Κοζάνης,189 E.T. Δήμου Κοζάνης,361,186,0,0,0,186,39,26,2,1,4,5,1,3,55,1,17,15,32,9,1,4,6,0,4,1,0,0,28,0,0,13,1,16,0,2,14,2,0,1,1,6,0,6,0,0,0,0,0,0,0,0,0,0,0,0,0,0,0,0,0,0,0,34,1,0,1,0,0,34,0,0,0,0,0,0,6,6,0,0,0,0,0,0,3,0,0,1,0,1,1,1
15 - Κοζάνης,190 E.T. Δήμου Κοζάνης,282,179,3,1,4,175,58,12,2,3,29,15,8,2,42,5,13,15,13,3,2,1,4,1,1,1,1,0,18,0,3,4,0,10,1,0,13,0,1,1,1,13,0,5,8,3,1,0,0,0,0,0,2,0,0,1,0,0,0,0,0,0,0,12,4,1,2,0,2,2,0,0,0,0,1,1,0,0,8,4,0,0,1,1,1,0,0,0,0,0,8,4
15 - Κοζάνης,191 E.T. Δήμου Κοζάνης,511,314,3,1,4,310,98,22,19,10,30,23,16,13,116,13,32,39,48,28,8,18,4,1,1,1,0,1,25,0,2,6,1,16,4,4,10,4,2,2,0,0,2,4,5,0,1,0,1,0,0,0,0,0,0,0,9,9,1,4,2,1,0,12,6,0,2,0,4,4,0,0,0,0,0,0,3,2,21,6,2,1,3,17,1,1,0,0,0,1,5,4
15 - Κοζάνης,192 E.T. Δήμου Κοζάνης,551,298,4,0,4,294,69,16,5,9,19,25,15,4,117,16,34,39,49,39,4,15,5,1,2,0,1,2,28,0,3,12,0,14,5,10,11,3,0,2,0,3,3,0,1,0,1,0,0,0,0,0,1,0,0,1,12,12,3,1,7,1,0,17,10,0,1,1,1,3,0,0,0,0,0,0,0,0,24,5,1,1,0,20,1,0,0,0,0,0,7,1
15 - Κοζάνης,193 E.T. Δήμου Κοζάνης,507,318,3,1,4,314,110,20,8,9,38,27,23,12,80,10,23,23,28,28,11,9,5,3,0,0,3,0,34,0,4,9,2,20,12,7,31,16,0,2,3,4,7,6,3,1,0,0,2,1,0,0,1,0,1,0,10,10,3,2,2,0,0,9,7,0,1,0,0,1,0,0,0,0,0,0,1,1,18,1,0,0,2,15,3,1,0,0,0,0,9,5
15 - Κοζάνης,194 E.T. Δήμου Κοζάνης,161,96,0,0,0,96,45,3,18,10,16,3,13,9,39,12,8,16,12,16,2,7,1,0,0,1,0,0,2,0,0,0,0,2,1,0,1,0,0,0,0,0,0,0,2,1,0,0,1,2,0,0,0,0,0,0,1,0,0,1,0,0,0,2,0,0,0,0,1,0,1,1,1,0,0,0,0,0,1,0,0,0,0,0,0,0,0,0,0,0,1,0
15 - Κοζάνης,195 E.T. Δήμου Κοζάνης,405,264,4,3,7,257,84,16,11,44,6,15,26,4,93,16,27,17,40,20,6,7,4,0,1,2,1,0,19,0,3,3,0,11,5,9,18,8,1,0,2,2,5,6,0,0,0,0,0,0,0,0,2,2,0,1,2,1,2,0,1,0,0,13,0,0,4,3,2,4,0,0,0,0,0,0,0,0,16,5,2,0,0,5,0,0,0,0,0,0,6,2
15 - Κοζάνης,196 E.T. Δήμου Κοζάνης,428,272,2,2,4,268,107,23,4,50,23,15,24,6,52,8,20,17,25,12,0,3,3,2,1,0,1,0,38,1,0,3,0,31,0,19,37,14,1,2,6,12,11,7,3,1,0,1,0,0,0,0,4,4,1,0,0,0,0,0,0,0,0,9,4,2,2,0,3,1,0,0,0,0,0,0,0,0,9,2,0,0,1,2,0,0,0,0,0,0,6,2
15 - Κοζάνης,197 E.T. Δήμου Κοζάνης,451,270,3,3,6,264,88,20,10,46,14,17,25,6,112,15,39,36,61,26,6,10,5,1,2,2,1,0,18,1,0,2,1,11,0,11,19,5,0,4,1,2,6,9,1,0,0,0,0,0,0,0,2,1,1,0,0,0,0,0,0,0,0,7,1,1,1,3,1,1,0,0,0,0,0,0,0,0,6,2,1,1,0,3,1,1,0,0,0,1,5,2
15 - Κοζάνης,198 E.T. Δήμου Κοζάνης,477,287,0,0,0,287,114,17,6,62,14,21,28,1,101,22,34,34,29,29,1,4,9,1,1,3,2,1,9,0,0,0,1,3,3,4,30,8,0,0,3,11,5,3,3,0,0,0,0,0,0,0,1,0,0,0,3,3,0,0,1,0,0,11,3,2,0,2,1,1,0,0,0,0,0,0,0,0,3,0,0,0,0,1,0,0,0,0,0,0,3,1
15 - Κοζάνης,199 E.T. Δήμου Κοζάνης,571,232,3,1,4,228,54,9,3,3,19,16,7,6,116,12,14,47,47,26,10,41,4,0,1,0,1,0,12,0,2,1,0,8,0,2,9,4,1,0,2,1,0,2,3,1,0,1,0,1,0,0,1,0,1,0,0,0,0,0,0,0,0,18,13,2,2,5,1,2,0,0,0,0,0,0,0,0,10,2,1,2,0,3,1,0,0,1,0,0,0,0
15 - Κοζάνης,200 E.T. Δήμου Κοζάνης,470,290,2,2,4,286,72,20,4,3,30,14,2,8,142,16,44,39,39,40,12,13,9,0,0,0,0,0,19,3,4,3,1,16,2,2,11,1,0,1,6,1,0,5,2,0,0,0,0,0,0,0,1,0,0,0,2,0,0,2,2,0,0,7,2,0,1,2,1,2,0,0,0,0,0,0,0,0,13,3,2,4,1,0,5,0,1,0,1,3,3,3
15 - Κοζάνης,201 E.T. Δήμου Κοζάνης,494,325,5,1,6,319,93,44,5,8,27,26,12,12,119,25,35,36,27,34,7,6,16,5,2,6,3,0,31,5,2,10,5,21,2,6,11,1,1,2,7,1,0,5,2,1,1,0,0,0,0,0,1,0,0,1,2,0,1,0,2,1,0,20,6,3,5,1,0,4,0,0,0,0,0,0,1,0,8,2,2,2,3,0,7,1,0,0,0,5,7,2
15 - Κοζάνης,202 E.T. Δήμου Κοζάνης,497,306,4,4,8,298,73,34,8,7,16,18,7,5,145,12,41,48,49,46,4,5,10,2,2,2,2,0,23,1,7,7,0,19,1,2,5,1,1,0,1,1,0,0,5,3,2,0,1,1,0,0,0,0,0,0,0,0,0,0,0,1,1,13,2,4,3,1,2,2,0,0,0,0,0,0,0,0,13,5,5,5,4,1,5,0,0,0,0,5,5,3
15 - Κοζάνης,203 E.T. Δήμου Κοζάνης,440,289,3,1,4,285,103,38,12,13,20,31,4,6,99,7,25,27,33,43,4,4,10,4,3,3,1,0,30,5,4,3,2,19,3,5,7,3,1,0,2,1,0,2,4,2,2,1,0,1,0,0,1,1,1,0,0,0,0,0,0,1,0,7,1,4,0,3,0,2,0,0,0,0,0,0,1,1,13,3,0,3,0,2,8,0,1,0,0,6,1,0
15 - Κοζάνης,204 E.T. Δήμου Κοζάνης,458,308,4,1,5,303,67,27,4,8,19,17,5,10,153,11,60,49,51,44,5,12,12,5,5,5,3,0,33,0,5,10,4,22,4,5,9,3,0,1,4,0,0,2,0,0,0,0,0,0,0,0,1,0,0,0,0,0,0,0,0,0,0,6,1,1,1,1,1,0,1,0,0,0,0,0,0,0,7,4,1,1,2,0,8,1,0,0,0,7,6,2
15 - Κοζάνης,205 E.T. Δήμου Κοζάνης,440,276,9,4,13,263,80,37,8,5,17,16,7,16,97,14,37,36,32,25,5,9,10,1,4,1,3,2,34,9,4,5,4,25,4,5,8,0,0,0,3,3,0,5,7,1,0,0,0,0,0,0,1,0,0,0,0,0,0,0,0,1,0,10,2,2,1,1,1,4,1,0,0,0,0,0,0,0,5,3,2,1,0,1,3,0,0,0,1,3,6,4
15 - Κοζάνης,206 E.T. Δήμου Κοζάνης,529,315,4,2,6,309,110,15,2,9,31,62,8,10,116,7,40,28,41,25,7,12,14,0,5,3,2,4,25,1,1,5,3,18,4,2,6,0,0,0,5,1,0,5,4,3,2,1,0,0,0,0,2,0,0,0,1,0,0,0,1,0,0,21,8,6,0,2,3,3,0,0,0,0,0,0,0,0,7,5,1,2,1,2,1,1,0,0,0,0,2,1
15 - Κοζάνης,207 E.T. Δήμου Κοζάνης,504,318,4,2,6,312,110,52,8,12,31,22,19,12,88,5,39,32,31,30,3,5,5,1,2,0,2,2,33,1,4,10,0,24,4,1,26,3,3,1,14,7,0,10,5,2,2,0,0,1,0,0,3,0,1,3,0,0,0,0,0,0,0,12,1,2,1,1,1,4,0,0,0,0,0,0,3,3,21,6,5,5,3,3,2,1,1,0,0,0,4,3
15 - Κοζάνης,208 E.T. Δήμου Κοζάνης,508,335,3,2,5,330,86,39,5,9,23,15,12,8,128,19,34,42,39,37,6,7,4,0,2,1,0,1,37,2,4,6,1,31,0,3,30,4,1,1,16,17,0,15,6,1,3,1,1,1,1,0,1,0,0,1,0,0,0,0,0,1,1,17,2,5,0,4,1,2,2,0,0,0,0,0,0,0,13,4,4,5,2,2,1,0,0,0,0,1,3,1
15 - Κοζάνης,209 E.T. Δήμου Κοζάνης,519,326,4,4,8,318,106,36,15,7,22,16,12,12,110,12,40,34,32,41,1,11,2,0,2,0,0,0,16,1,2,4,2,12,2,0,50,3,5,2,23,23,0,17,11,1,1,0,2,3,0,0,0,0,0,0,0,0,0,0,0,1,1,6,2,2,1,1,1,1,1,1,0,1,0,0,0,0,8,2,0,0,0,1,1,0,0,0,0,1,6,2
15 - Κοζάνης,210 E.T. Δήμου Κοζάνης,470,319,2,2,4,315,107,22,7,4,21,26,3,18,84,5,18,27,32,25,6,9,6,0,1,0,0,1,47,0,5,13,2,32,0,13,30,4,1,1,16,16,0,9,5,1,0,1,1,0,0,0,0,0,0,0,0,0,0,0,0,0,0,18,2,3,1,1,1,8,0,0,0,0,0,0,0,0,8,3,2,1,0,1,1,1,0,0,0,0,9,6
15 - Κοζάνης,211 E.T. Δήμου Κοζάνης,528,327,2,3,5,322,105,26,4,5,21,39,7,8,100,12,15,22,46,25,4,10,15,2,3,3,5,0,45,3,6,14,1,24,3,10,18,1,0,0,6,11,1,7,4,1,1,0,0,1,0,0,0,0,0,0,0,0,0,0,0,0,0,14,5,0,0,3,1,1,0,0,0,0,0,0,2,0,11,3,2,3,2,1,5,0,0,0,0,2,3,0
15 - Κοζάνης,212 E.T. Δήμου Κοζάνης,456,298,5,2,7,291,77,34,1,3,19,16,8,3,119,24,29,41,48,17,9,14,12,3,7,1,3,1,24,0,0,8,3,13,2,1,4,0,0,0,0,3,0,3,10,2,0,0,2,4,0,0,2,0,1,1,2,1,0,0,1,0,0,20,5,3,2,1,3,3,1,1,0,0,0,0,1,1,9,2,1,5,1,3,2,0,0,0,0,0,8,2
15 - Κοζάνης,213 E.T. Δήμου Κοζάνης,276,159,1,1,2,157,63,18,5,5,13,21,4,4,56,6,21,19,20,10,2,1,4,0,1,0,1,1,24,1,1,3,1,20,0,0,4,0,0,2,0,1,0,0,1,0,0,1,0,1,0,0,0,0,0,0,0,0,0,0,0,0,0,3,0,0,0,0,1,1,0,0,0,0,0,0,0,0,2,0,0,0,0,0,0,0,0,0,0,0,0,0
15 - Κοζάνης,214 E.T. Δήμου Κοζάνης,303,205,2,0,2,203,94,16,9,19,13,62,5,15,57,19,15,10,22,8,3,15,2,0,0,0,0,0,23,1,1,2,3,18,2,6,14,2,2,0,6,1,4,6,3,0,0,0,0,0,0,0,2,0,0,1,0,0,0,0,0,0,0,1,0,0,0,0,0,1,0,0,0,0,0,0,1,1,4,1,0,0,1,0,0,0,0,0,0,0,2,2
15 - Κοζάνης,215 E.T. Δήμου Κοζάνης,389,179,0,0,0,179,55,16,4,1,24,11,5,13,64,7,19,27,16,15,1,8,8,3,4,2,3,1,15,0,1,5,0,13,3,0,12,0,2,2,9,4,0,4,1,0,0,0,0,0,0,0,0,0,0,0,0,0,0,0,0,0,0,16,7,1,3,1,0,6,0,0,0,0,0,0,0,0,4,1,0,0,0,0,1,0,0,1,0,1,3,1
15 - Κοζάνης,216 E.T. Δήμου Κοζάνης,441,207,4,2,6,201,65,25,11,10,20,11,11,3,65,8,17,31,16,12,4,7,6,1,3,0,2,2,35,0,0,2,0,18,18,13,5,0,1,0,2,0,0,1,2,0,0,0,1,1,0,0,2,1,1,0,2,0,0,0,2,0,0,13,2,0,1,3,8,2,0,0,0,0,0,0,0,0,3,1,0,1,0,0,1,0,0,0,0,0,2,0
15 - Κοζάνης,217 E.T. Δήμου Κοζάνης,436,207,8,0,8,199,67,23,8,11,11,15,15,8,92,9,18,57,35,15,8,11,7,2,4,2,0,0,9,0,0,1,0,7,5,2,6,1,0,1,3,0,0,1,1,0,0,0,0,0,0,0,0,0,0,0,0,0,0,0,0,0,0,11,0,1,1,2,8,2,0,0,0,0,0,0,0,0,3,0,0,0,1,0,1,0,1,0,0,0,2,1
15 - Κοζάνης,218 E.T. Δήμου Κοζάνης,439,235,2,0,2,233,65,22,12,14,15,7,19,2,108,17,29,64,42,12,6,12,9,1,3,2,2,2,25,0,0,6,0,14,18,7,6,0,2,1,1,0,1,1,3,1,1,0,0,0,0,0,0,0,0,0,0,0,0,0,0,0,0,10,1,1,1,1,6,3,0,0,0,0,0,0,0,0,5,2,1,0,0,1,1,0,0,0,0,0,1,1
15 - Κοζάνης,219 E.T. Δήμου Κοζάνης,467,272,6,2,8,264,71,7,5,38,18,13,9,13,125,33,25,47,54,35,5,6,6,2,1,1,1,1,18,0,1,2,0,4,12,7,4,0,0,0,0,2,1,0,2,0,0,0,1,1,0,0,0,0,0,0,2,0,0,0,2,0,0,22,3,0,4,6,4,9,1,0,0,0,0,0,0,0,10,4,2,1,2,5,0,0,0,0,0,0,3,2
15 - Κοζάνης,220 E.T. Δήμου Κοζάνης,467,257,3,4,7,250,104,24,5,47,3,20,19,24,85,19,16,49,35,11,1,11,7,3,0,2,2,1,20,0,1,2,0,14,12,7,2,2,0,0,0,2,0,0,2,1,0,0,0,0,0,0,1,1,0,0,0,0,0,0,0,0,0,17,0,1,1,11,3,7,0,0,0,0,0,0,0,0,6,4,1,0,2,2,2,2,1,0,0,1,4,3
15 - Κοζάνης,221 E.T. Δήμου Κοζάνης,490,244,2,0,2,242,83,13,6,30,22,23,7,17,105,17,10,60,43,28,1,9,5,1,2,0,3,2,7,0,0,0,0,5,5,3,5,3,0,0,1,2,1,0,1,0,0,0,1,1,0,0,0,0,0,0,0,0,0,0,0,0,0,19,3,3,2,11,2,4,0,0,0,0,0,0,0,0,7,1,2,1,0,1,3,1,1,0,1,1,7,4
15 - Κοζάνης,222 E.T. Δήμου Κοζάνης,287,147,1,2,3,144,34,15,0,5,8,8,3,4,67,6,13,32,33,25,0,8,0,0,0,0,0,0,19,0,0,0,0,12,5,14,2,0,0,0,1,0,1,0,3,2,2,1,0,0,0,0,0,0,0,0,0,0,0,0,0,0,0,9,1,2,3,4,3,2,0,0,0,0,0,0,0,0,6,3,0,1,0,2,2,1,1,0,0,1,2,1
15 - Κοζάνης,223 E.T. Δήμου Κοζάνης,463,281,2,3,5,276,84,11,4,16,18,22,15,14,95,19,22,30,74,34,5,6,6,1,1,0,3,1,45,2,3,10,0,32,10,11,9,0,0,2,1,2,0,0,4,0,0,0,0,0,0,0,0,0,0,0,0,0,0,0,0,0,0,28,4,2,2,11,1,17,0,0,0,0,0,0,0,0,3,1,0,1,0,0,0,0,0,0,0,0,2,0
15 - Κοζάνης,224 E.T. Δήμου Κοζάνης,456,256,5,0,5,251,53,10,3,4,9,24,3,9,143,26,41,48,80,35,7,10,11,0,1,2,10,1,13,0,1,1,0,9,6,4,5,0,1,0,0,0,0,0,3,0,0,0,2,2,0,0,2,1,1,0,0,0,0,0,0,0,0,11,0,0,1,4,1,2,0,0,0,0,0,0,1,0,7,3,0,0,0,3,0,0,0,0,0,0,2,2
15 - Κοζάνης,225 E.T. Δήμου Κοζάνης,450,274,1,1,2,272,43,8,5,9,15,8,11,2,150,35,58,45,83,29,1,17,13,1,1,0,12,0,44,2,2,15,3,32,15,5,6,2,0,0,2,2,2,2,1,0,0,0,0,0,0,0,1,0,0,1,0,0,0,0,0,0,0,7,1,1,0,2,0,1,0,0,0,0,0,0,0,0,2,0,0,0,0,0,2,1,1,0,0,0,3,3
15 - Κοζάνης,226 E.T. Δήμου Κοζάνης,74,45,0,0,0,45,19,6,1,9,1,3,2,2,12,2,3,1,3,7,0,2,0,0,0,0,0,0,6,1,2,1,0,3,3,0,1,1,0,0,0,0,1,0,1,0,0,0,0,0,0,0,0,0,0,0,0,0,0,0,0,0,0,1,0,0,1,1,0,0,0,0,0,0,0,0,0,0,5,0,0,0,0,0,0,0,0,0,0,0,0,0
15 - Κοζάνης,227 E.T. Δήμου Κοζάνης,219,117,1,1,2,115,38,4,5,8,8,8,10,6,39,2,7,26,20,3,0,7,2,0,1,0,0,0,15,0,1,7,0,8,0,6,3,0,0,0,0,0,0,0,1,0,0,0,0,0,0,0,0,0,0,0,1,1,0,0,0,0,0,8,0,0,3,8,0,0,1,0,0,0,0,0,1,0,5,2,0,2,0,0,0,0,0,0,0,0,1,0
15 - Κοζάνης,228 E.T. Δήμου Κοζάνης,481,289,7,0,7,282,91,28,11,14,17,34,12,23,100,8,30,44,34,33,2,8,6,1,1,2,1,3,35,5,3,8,0,26,2,8,5,3,0,0,1,1,0,0,7,1,0,1,0,1,0,0,2,0,1,0,0,0,0,0,0,0,0,19,6,5,1,3,8,4,0,0,0,0,0,0,0,0,7,4,0,1,0,3,3,1,0,0,0,2,7,5
15 - Κοζάνης,229 E.T. Δήμου Κοζάνης,478,280,6,2,8,272,85,21,3,19,22,30,8,12,115,8,22,36,41,28,12,8,15,3,3,3,6,1,17,0,0,4,1,10,5,0,2,0,0,0,0,2,0,0,5,3,0,0,1,1,0,0,0,0,0,0,0,0,0,0,0,0,0,12,2,0,2,2,4,1,0,0,0,0,0,0,1,0,11,3,1,5,0,2,2,0,1,1,0,0,7,4
15 - Κοζάνης,230 E.T. Δήμου Κοζάνης,502,331,4,0,4,327,108,34,14,17,22,36,22,16,120,11,23,46,35,38,12,10,17,5,7,5,5,2,41,1,1,9,0,22,16,15,3,1,0,0,0,0,2,0,10,3,0,0,0,2,0,0,2,0,2,1,1,1,0,0,1,0,0,9,0,0,0,1,6,6,1,0,0,0,0,0,0,0,11,3,0,2,2,2,0,0,0,0,0,0,4,3
15 - Κοζάνης,231 E.T. Δήμου Κοζάνης,274,145,1,0,1,144,55,16,4,18,14,11,12,1,37,1,5,27,6,5,0,2,5,1,0,1,0,0,33,2,1,3,2,16,17,11,5,1,0,1,0,0,0,0,1,0,0,0,0,0,0,0,0,0,0,0,0,0,0,0,0,0,0,6,1,0,3,4,0,1,0,0,0,0,0,0,0,0,2,0,0,0,0,0,0,0,0,0,0,0,0,0
15 - Κοζάνης,232 E.T. Δήμου Κοζάνης,310,173,1,1,2,171,32,12,1,15,5,4,2,6,96,1,7,85,41,7,1,1,7,2,1,0,4,1,12,0,2,2,0,4,5,1,3,1,0,0,0,2,0,0,3,1,0,0,1,0,0,0,0,0,0,0,0,0,0,0,0,0,0,10,0,0,1,5,3,2,0,0,0,0,0,0,0,0,6,1,1,2,0,1,2,0,0,0,0,0,0,0
15 - Κοζάνης,233 E.T. Δήμου Κοζάνης,470,227,4,4,8,219,66,11,4,15,14,9,9,15,93,10,22,25,76,18,0,2,5,2,0,4,1,1,29,1,2,6,1,13,4,14,4,0,1,0,2,2,1,2,1,0,0,0,0,0,0,0,0,0,0,0,1,1,0,0,1,0,0,10,2,2,1,2,0,6,0,0,0,0,1,0,0,0,2,2,0,0,0,0,1,1,1,0,0,0,6,4
15 - Κοζάνης,234 E.T. Δήμου Κοζάνης,466,222,4,3,7,215,74,14,11,17,19,19,14,8,82,14,5,20,57,12,0,3,11,3,3,3,1,2,20,0,0,1,1,12,6,9,6,1,0,1,1,3,1,0,1,0,0,0,0,0,0,0,0,0,0,0,2,1,1,0,1,0,0,11,2,1,2,6,0,3,0,0,0,0,0,0,0,0,2,0,1,0,1,0,2,1,1,0,0,0,4,1
15 - Κοζάνης,235 E.T. Δήμου Κοζάνης,464,269,2,4,6,263,56,10,14,9,5,19,15,6,148,12,22,24,114,22,3,18,5,2,0,3,1,1,23,0,3,6,1,13,6,9,2,2,1,0,1,0,0,0,0,0,0,0,0,0,0,0,0,0,0,0,3,3,0,0,2,0,0,12,1,2,1,5,2,5,0,0,0,0,0,0,0,0,9,3,1,1,0,1,1,0,0,1,0,1,4,2
15 - Κοζάνης,236 E.T. Δήμου Κοζάνης,463,263,3,1,4,259,51,7,10,13,9,20,5,4,139,12,16,33,93,47,1,9,7,0,1,3,3,1,29,1,0,10,1,14,13,6,6,2,0,1,0,2,3,0,0,0,0,0,0,0,0,0,1,1,1,0,0,0,0,0,0,0,0,15,3,0,0,3,2,7,0,0,0,0,0,0,0,0,8,3,1,1,0,0,1,0,0,1,1,0,2,1
15 - Κοζάνης,237 E.T. Δήμου Κοζάνης,371,250,3,2,5,245,63,15,8,7,9,9,5,11,107,8,38,35,36,39,0,4,6,0,2,1,1,3,40,0,0,5,0,11,31,15,5,2,0,0,3,2,0,1,4,0,1,0,1,1,0,0,1,1,0,1,0,0,0,0,0,0,0,11,3,1,2,6,1,2,0,0,0,0,0,0,1,0,4,1,0,1,0,1,0,0,0,0,0,0,3,3
15 - Κοζάνης,238 E.T. Δήμου Κοζάνης,370,231,5,3,8,223,76,23,9,11,16,26,8,12,85,10,23,24,45,20,1,5,4,0,1,0,2,1,31,0,0,0,0,12,29,9,6,6,0,0,0,1,0,5,5,1,0,1,1,1,0,0,1,0,0,1,0,0,0,0,0,0,0,9,2,0,1,8,2,4,0,0,0,0,0,0,1,0,2,0,0,0,0,0,1,0,0,0,1,1,2,1
15 - Κοζάνης,239 E.T. Δήμου Κοζάνης,451,268,5,3,8,260,88,37,5,18,10,28,23,5,79,8,24,41,40,11,1,6,8,5,4,2,3,1,22,0,0,3,0,9,15,6,20,8,0,0,6,3,10,2,4,1,1,0,1,1,0,0,0,0,0,0,0,0,0,0,0,0,0,20,2,2,5,9,2,6,0,0,0,0,0,0,0,0,8,1,2,2,3,3,3,1,0,0,0,2,8,2
15 - Κοζάνης,240 E.T. Δήμου Κοζάνης,235,156,0,0,0,156,49,10,7,4,15,8,23,1,42,6,13,14,24,9,2,1,1,1,0,0,1,0,12,2,0,0,3,3,6,1,1,0,0,0,0,0,0,0,1,0,0,1,0,1,0,0,0,0,0,0,3,2,2,0,1,0,0,40,2,0,22,37,2,1,0,0,0,0,0,0,0,0,3,1,2,0,1,2,1,1,1,0,0,0,3,2
15 - Κοζάνης,241 E.T. Δήμου Κοζάνης,334,216,2,0,2,214,83,14,1,25,22,14,43,6,21,6,7,10,8,3,1,2,4,2,3,0,1,2,10,2,0,1,0,2,7,6,6,1,0,0,2,1,2,0,2,0,0,0,0,0,0,0,0,0,0,0,0,0,0,0,0,0,0,83,1,0,44,82,0,3,0,0,0,0,0,0,0,0,4,0,0,0,0,0,0,0,0,0,0,0,1,0
15 - Κοζάνης,242 E.T. Δήμου Κοζάνης,534,381,5,4,9,372,114,45,12,7,41,27,13,14,135,20,28,48,54,20,9,12,3,1,1,0,1,1,56,4,3,6,9,41,8,5,17,5,0,2,8,3,0,3,4,0,0,0,1,0,0,0,1,0,1,0,5,0,5,1,4,0,0,14,4,2,0,0,3,6,0,0,0,0,0,0,3,2,12,6,4,1,2,1,3,1,0,0,0,1,5,3
15 - Κοζάνης,243 E.T. Δήμου Κοζάνης,563,370,3,1,4,366,136,48,11,7,42,36,22,19,116,10,43,35,48,23,6,7,7,2,4,1,2,0,42,3,1,7,3,34,3,2,18,3,1,1,6,6,1,3,8,3,0,0,2,3,0,0,1,0,0,0,1,0,1,1,0,0,0,13,0,2,2,1,1,5,0,0,0,0,0,0,0,0,18,9,7,3,1,2,1,1,1,0,0,0,5,1
15 - Κοζάνης,244 E.T. Δήμου Κοζάνης,528,333,1,3,4,329,92,38,5,3,33,27,8,12,122,15,28,49,38,21,11,13,5,0,1,1,1,0,47,3,1,9,4,35,4,3,13,3,0,0,5,6,0,3,5,0,0,0,2,2,0,0,1,0,0,1,2,0,0,1,2,0,0,16,4,4,1,2,3,2,0,0,0,0,0,0,2,1,11,2,1,3,2,3,6,2,0,0,0,3,7,3
15 - Κοζάνης,245 E.T. Δήμου Κοζάνης,566,387,5,0,5,382,122,41,9,10,40,31,22,9,153,23,23,58,59,27,2,7,8,1,3,1,1,1,48,2,2,8,4,37,3,1,8,0,0,1,1,2,2,4,9,1,1,0,1,1,0,0,2,0,0,1,3,0,2,0,0,0,0,9,0,1,0,4,0,4,1,0,0,0,0,0,1,1,10,2,0,0,0,1,4,2,0,0,0,0,4,3
15 - Κοζάνης,246 E.T. Δήμου Κοζάνης,557,400,3,5,8,392,130,42,14,16,42,38,6,20,126,14,40,42,48,31,5,3,8,1,4,3,2,1,71,4,2,10,2,63,5,5,15,1,4,1,4,5,2,3,7,3,1,3,2,2,0,0,1,0,0,0,4,1,2,0,4,0,0,11,1,2,2,2,1,2,1,1,1,0,0,0,1,0,8,2,1,0,1,0,3,1,0,0,0,0,6,3
15 - Κοζάνης,247 E.T. Δήμου Κοζάνης,562,390,8,1,9,381,94,40,7,5,28,21,10,7,144,16,36,52,50,30,15,14,8,1,1,2,0,0,58,5,3,8,5,43,2,2,20,3,0,2,7,7,0,3,12,3,1,0,2,1,1,0,4,2,2,2,0,0,0,0,0,0,0,23,3,3,4,5,2,2,0,0,0,0,0,0,0,0,12,4,1,2,1,2,1,1,1,0,0,0,4,0
15 - Κοζάνης,248 E.T. Δήμου Κοζάνης,563,366,9,5,14,352,116,45,6,13,45,26,23,14,128,20,35,47,47,29,10,10,6,2,2,2,3,1,51,2,6,6,8,38,2,3,10,2,2,1,4,0,1,4,7,0,1,0,3,2,1,0,1,1,1,0,1,1,1,0,0,0,0,11,1,4,0,2,3,6,2,2,0,1,0,0,0,0,12,5,2,2,2,1,2,1,0,1,0,0,4,2
15 - Κοζάνης,249 E.T. Δήμου Κοζάνης,567,368,6,1,7,361,126,34,9,5,35,30,11,9,110,15,26,47,45,18,6,8,7,2,3,2,2,0,47,0,0,6,6,38,1,3,12,1,1,1,2,2,0,1,8,4,0,0,0,0,0,0,2,1,1,0,8,2,5,1,8,0,0,11,2,5,0,1,2,4,0,0,0,0,0,0,2,2,13,4,1,2,3,2,9,4,1,0,0,4,6,3
15 - Κοζάνης,250 E.T. Δήμου Κοζάνης,565,395,3,5,8,387,96,24,9,11,32,16,9,10,165,22,53,53,60,42,12,10,6,1,1,0,0,1,58,3,3,7,3,49,2,3,16,2,1,2,11,2,0,3,6,1,1,1,1,0,0,0,0,0,0,0,3,2,1,0,3,0,0,16,4,4,2,3,1,2,0,0,0,0,0,0,0,0,15,3,3,1,2,1,4,3,0,0,0,3,2,0
15 - Κοζάνης,251 E.T. Δήμου Κοζάνης,565,366,3,4,7,359,116,35,8,12,48,24,18,14,137,13,22,46,45,30,20,10,5,2,0,1,1,1,40,1,1,10,4,20,6,7,22,0,1,0,10,4,1,2,5,2,2,0,1,1,0,0,1,0,0,1,0,0,0,0,0,1,0,13,4,3,3,1,0,2,0,0,0,0,0,0,2,1,13,5,1,1,0,3,2,0,2,0,0,2,2,1
15 - Κοζάνης,252 E.T. Δήμου Κοζάνης,567,368,5,5,10,358,108,40,11,11,29,22,12,13,137,19,29,49,50,27,7,9,6,3,3,1,2,0,38,0,2,9,2,32,1,2,11,1,0,1,4,2,0,3,6,1,0,0,1,0,0,0,1,0,0,0,1,0,1,0,1,0,0,12,1,0,1,3,0,4,1,0,0,0,1,0,2,1,21,7,2,2,1,1,6,1,2,0,0,1,7,5
15 - Κοζάνης,253 E.T. Δήμου Κοζάνης,510,324,6,6,12,312,94,46,9,6,33,20,10,7,122,11,48,40,61,32,6,7,12,1,6,5,1,5,35,1,0,8,9,25,1,2,16,5,0,0,7,6,0,5,7,2,0,2,2,3,0,0,3,1,2,3,3,2,0,1,3,1,0,3,1,3,0,1,0,1,1,0,0,1,0,0,0,0,7,3,0,1,0,1,6,2,1,0,0,2,2,1
15 - Κοζάνης,254 E.T. Δήμου Κοζάνης,511,294,3,0,3,291,100,29,5,10,38,21,15,10,89,14,19,35,30,20,9,9,9,5,5,1,1,2,49,1,5,8,10,41,1,9,12,1,1,2,10,5,0,3,5,2,0,1,1,2,0,0,0,0,0,0,5,0,4,1,5,0,0,9,1,2,3,4,2,3,0,0,0,0,0,0,0,0,7,2,1,3,2,0,4,0,0,1,1,0,2,0
15 - Κοζάνης,255 E.T. Δήμου Κοζάνης,517,293,4,2,6,287,103,28,5,6,38,25,7,13,100,11,32,30,34,28,6,11,7,1,2,1,2,0,34,2,0,2,3,29,2,3,18,3,3,1,8,3,1,7,0,0,0,0,0,0,0,0,1,0,0,0,1,1,0,0,1,0,0,9,2,3,0,3,1,3,1,1,0,1,0,0,2,1,8,2,1,0,0,1,0,0,0,0,0,0,3,2
15 - Κοζάνης,256 E.T. Δήμου Κοζάνης,509,278,1,3,4,274,87,44,8,8,22,21,13,4,112,7,23,40,38,34,7,10,7,2,4,1,1,1,27,1,0,6,11,23,2,1,14,2,1,2,5,3,1,7,4,1,1,0,2,2,0,0,0,0,0,0,1,0,1,1,0,0,0,7,2,1,1,0,3,3,1,1,0,1,1,0,0,0,9,5,1,1,1,2,0,0,0,0,0,0,4,2
15 - Κοζάνης,257 E.T. Δήμου Κοζάνης,518,284,5,3,8,276,94,29,8,11,39,20,11,6,76,7,19,31,22,17,5,14,6,4,3,1,2,1,38,2,0,4,6,32,6,4,18,1,0,0,10,6,2,6,5,2,2,1,1,1,0,0,2,0,0,0,3,1,2,0,2,0,0,10,0,2,3,0,2,0,1,0,0,1,0,0,0,0,16,9,3,5,3,0,1,1,0,0,0,1,6,2
15 - Κοζάνης,258 E.T. Δήμου Κοζάνης,513,314,4,1,5,309,132,52,18,7,39,24,13,25,90,10,26,39,24,26,5,7,4,1,0,1,0,0,37,0,0,7,4,27,4,4,17,2,1,0,11,7,2,5,4,2,2,0,1,1,0,0,2,1,0,0,2,0,1,1,0,0,0,6,0,0,1,0,0,2,0,0,0,0,0,0,1,0,7,3,0,2,1,1,2,1,1,1,1,0,5,5
15 - Κοζάνης,259 E.T. Δήμου Κοζάνης,510,318,9,2,11,307,113,45,11,6,45,29,11,19,92,14,19,26,29,27,8,5,6,1,3,0,1,0,31,0,0,7,5,29,1,1,13,2,0,2,4,2,0,2,11,0,2,0,4,3,0,0,3,1,0,1,0,0,0,0,0,0,0,16,2,2,2,3,1,8,0,0,0,0,0,0,0,0,12,4,2,3,1,1,4,3,0,0,2,2,6,4
15 - Κοζάνης,260 E.T. Δήμου Κοζάνης,511,275,0,4,4,271,79,26,5,7,36,16,9,5,89,15,23,33,28,24,3,6,6,0,3,0,1,0,39,0,2,4,8,32,0,2,20,3,6,0,9,4,0,4,2,0,0,0,0,0,1,0,4,3,0,2,1,0,1,0,1,0,0,10,2,0,1,2,1,2,1,0,0,0,1,1,2,1,7,2,0,0,1,1,4,2,1,1,1,1,5,4
15 - Κοζάνης,261 E.T. Δήμου Κοζάνης,507,290,2,1,3,287,103,29,5,11,31,26,8,8,69,9,15,27,28,15,9,4,5,1,3,1,1,0,39,2,0,7,5,26,0,2,27,4,0,0,14,10,1,1,3,0,0,0,0,0,0,0,0,0,0,0,1,1,0,0,1,1,0,14,3,0,0,0,0,7,1,0,0,0,0,0,2,2,14,2,3,2,2,1,2,0,0,1,0,0,6,3
15 - Κοζάνης,262 E.T. Δήμου Κοζάνης,509,278,4,1,5,273,81,35,6,2,35,12,8,9,92,8,20,36,28,30,1,6,3,0,1,0,0,0,32,1,0,4,2,24,1,2,17,3,0,0,9,6,0,1,7,0,1,0,1,0,0,0,4,0,3,3,1,0,1,0,1,0,0,12,3,1,2,3,2,3,1,0,0,0,0,0,2,0,11,3,0,0,0,0,2,0,0,1,0,1,8,5
15 - Κοζάνης,263 E.T. Δήμου Κοζάνης,550,345,6,4,10,335,102,30,1,13,35,28,4,14,124,12,21,42,47,27,7,7,10,5,5,4,2,0,48,4,2,6,9,33,9,1,8,1,0,1,2,3,1,1,2,1,0,0,0,1,0,0,2,0,1,1,1,0,0,1,0,0,0,13,3,2,3,2,0,3,0,0,0,0,0,0,2,2,15,3,2,1,3,3,3,3,1,0,0,1,5,1
15 - Κοζάνης,264 E.T. Δήμου Κοζάνης,538,369,3,1,4,365,88,29,8,6,26,15,5,8,155,16,44,48,69,42,6,14,5,1,1,1,0,1,47,0,2,6,5,39,0,0,21,1,1,1,9,2,1,4,6,0,0,0,1,1,0,0,2,0,0,1,3,2,2,0,2,0,0,14,2,5,3,2,4,4,1,0,0,0,0,0,1,1,12,2,3,0,1,1,4,0,1,0,2,0,6,2
15 - Κοζάνης,265 E.T. Δήμου Κοζάνης,531,359,2,5,7,352,102,43,5,9,40,15,15,12,140,22,40,43,49,25,8,9,3,1,2,0,0,1,41,7,2,5,7,28,2,2,11,1,0,2,3,4,1,0,7,1,1,2,1,1,1,0,4,1,2,1,1,0,0,1,0,0,0,15,1,3,5,1,3,2,0,0,0,0,0,0,1,0,15,4,1,1,1,0,7,2,3,0,0,2,4,2
15 - Κοζάνης,266 E.T. Δήμου Κοζάνης,529,363,4,6,10,353,107,29,4,11,47,26,11,12,144,15,43,48,56,25,7,12,10,1,3,1,2,1,36,0,1,5,2,25,4,0,15,1,1,0,2,3,0,3,5,1,1,1,1,0,0,0,0,0,0,0,6,2,4,1,5,0,0,15,5,6,3,1,2,4,2,0,0,2,0,0,0,0,9,4,2,1,0,0,1,0,1,1,0,0,3,1
15 - Κοζάνης,267 E.T. Δήμου Κοζάνης,530,345,7,4,11,334,83,32,7,11,30,21,5,6,149,16,41,38,46,78,9,24,7,3,2,2,4,0,34,0,4,8,1,25,2,10,20,3,0,0,7,11,2,5,4,1,1,0,2,1,0,0,3,0,2,1,4,0,3,0,4,0,0,7,2,1,0,0,0,2,2,1,0,1,0,0,0,0,17,5,1,6,3,1,2,1,0,0,0,1,2,1
15 - Κοζάνης,268 E.T. Δήμου Κοζάνης,524,327,5,2,7,320,95,24,5,6,36,22,13,16,134,22,27,58,52,26,10,11,6,2,2,1,2,1,45,4,1,7,8,33,2,1,7,1,0,0,0,1,0,0,4,1,2,0,2,1,0,0,1,0,1,1,2,0,2,0,2,0,0,13,1,4,3,2,0,3,0,0,0,0,0,0,0,0,8,3,2,1,1,2,2,1,0,0,0,0,3,3
15 - Κοζάνης,269 E.T. Δήμου Κοζάνης,528,328,4,3,7,321,106,31,9,9,38,22,18,19,117,17,36,53,41,23,6,13,7,3,1,4,1,0,35,1,1,3,5,26,2,6,16,2,1,1,9,3,1,1,6,1,0,0,1,0,1,1,0,0,0,0,2,0,1,0,2,0,0,13,0,4,4,3,2,5,1,1,0,1,0,0,0,0,7,1,2,3,2,0,4,1,0,0,0,3,6,2
15 - Κοζάνης,270 E.T. Δήμου Κοζάνης,528,348,4,1,5,343,91,32,7,13,26,21,11,17,137,16,45,60,42,25,4,13,11,6,3,3,2,1,50,4,4,8,6,44,1,3,12,1,0,0,1,5,1,2,4,1,0,0,1,1,0,0,1,1,1,0,3,1,0,1,0,0,0,9,1,1,0,3,1,1,0,0,0,0,0,0,1,1,19,8,2,5,4,1,3,1,1,0,0,0,2,2
15 - Κοζάνης,271 E.T. Δήμου Κοζάνης,524,342,2,5,7,335,100,32,4,0,30,21,9,11,133,12,17,51,67,40,6,10,13,0,4,0,1,1,41,1,0,7,3,32,1,0,13,1,1,1,9,1,2,4,6,0,1,0,1,3,0,0,0,0,0,0,0,0,0,0,0,0,0,7,2,1,0,0,2,1,0,0,0,0,0,0,0,0,15,4,0,0,1,2,3,3,0,0,0,2,4,2
15 - Κοζάνης,272 E.T. Δήμου Κοζάνης,528,342,2,2,4,338,102,25,9,8,38,17,14,2,125,23,26,45,45,24,9,10,5,0,0,0,1,1,56,3,3,9,6,37,6,1,10,1,0,0,5,1,1,4,2,0,1,1,0,2,0,0,5,2,0,1,1,0,0,0,0,0,0,10,3,1,0,1,1,4,0,0,0,0,0,0,0,0,15,2,1,3,1,2,4,1,0,0,1,2,3,2
15 - Κοζάνης,273 E.T. Δήμου Κοζάνης,528,334,2,5,7,327,109,33,7,8,40,32,19,8,114,18,33,32,36,23,8,10,5,2,1,1,0,0,41,2,1,10,7,23,0,6,14,0,1,1,3,3,0,1,3,0,0,0,0,0,1,0,2,0,0,2,2,0,0,2,0,0,0,10,2,0,0,1,1,2,4,0,0,4,0,0,1,1,16,3,1,2,1,2,3,2,0,0,0,1,2,2
15 - Κοζάνης,274 E.T. Δήμου Κοζάνης,536,355,8,4,12,343,124,39,13,6,40,30,18,11,110,18,21,51,25,24,4,12,9,3,7,3,2,0,43,4,2,11,4,33,3,1,8,1,1,0,2,2,1,4,10,0,1,1,1,2,0,0,3,1,2,0,1,1,0,0,1,0,0,14,4,3,1,1,2,2,1,0,0,0,0,0,1,1,11,3,1,3,0,1,4,2,1,1,0,3,4,0
15 - Κοζάνης,275 E.T. Δήμου Κοζάνης,551,367,5,5,10,357,92,34,6,9,30,26,13,10,163,26,40,61,59,46,14,15,10,4,3,1,3,1,39,0,2,5,4,29,2,3,14,4,2,0,6,5,2,2,7,4,0,0,1,1,0,0,1,0,1,0,2,0,0,1,1,0,0,13,1,2,1,0,2,7,1,1,0,0,0,0,0,0,7,2,0,0,0,0,4,0,1,1,1,1,4,3
15 - Κοζάνης,276 E.T. Δήμου Κοζάνης,564,395,6,4,10,385,145,60,5,10,51,42,17,10,117,13,22,43,39,26,5,23,9,1,3,0,0,1,44,0,2,17,7,35,1,1,19,2,6,2,9,6,0,6,6,0,0,0,0,0,0,0,3,1,1,2,0,0,0,0,0,0,0,14,3,0,1,1,3,2,0,0,0,0,0,0,0,0,16,3,2,1,3,1,9,4,2,1,0,4,3,2
15 - Κοζάνης,277 E.T. Δήμου Κοζάνης,539,352,5,1,6,346,101,36,10,7,24,32,9,20,134,11,25,48,50,36,10,8,17,6,6,2,2,3,26,0,1,6,3,19,2,4,10,2,2,1,2,4,2,2,5,1,0,0,3,2,0,0,6,2,4,2,1,0,0,0,0,0,0,23,3,2,4,7,6,11,1,0,0,1,1,0,0,0,12,2,2,3,0,1,4,2,0,1,0,0,5,3
15 - Κοζάνης,278 E.T. Δήμου Κοζάνης,562,345,7,5,12,333,110,36,5,11,38,35,13,13,119,20,29,48,38,30,10,12,10,3,5,4,1,1,45,0,2,4,8,38,2,7,10,1,0,0,5,4,0,3,3,0,0,0,0,0,0,0,2,0,2,1,2,1,1,1,1,0,0,13,1,2,3,0,1,7,0,0,0,0,0,0,1,0,16,10,3,1,2,0,2,1,0,0,0,1,0,0
15 - Κοζάνης,279 E.T. Δήμου Κοζάνης,567,410,9,2,11,399,130,46,7,6,42,33,16,15,162,15,38,63,65,31,8,9,9,2,2,1,1,0,47,1,0,9,3,35,5,3,18,2,0,1,7,6,1,4,4,0,0,0,0,0,0,0,1,0,0,0,1,1,1,0,0,0,0,10,1,0,0,1,1,3,0,0,0,0,0,0,1,0,11,2,0,1,1,2,1,1,0,0,0,0,4,0
15 - Κοζάνης,280 E.T. Δήμου Κοζάνης,562,351,8,1,9,342,138,53,7,12,35,44,16,17,91,9,22,32,39,23,10,11,7,2,2,3,1,3,43,1,1,17,4,29,8,2,19,2,2,1,10,5,2,5,6,0,1,0,0,1,0,0,1,1,0,1,2,2,0,0,2,0,0,12,2,3,0,2,2,3,0,0,0,0,0,0,0,0,13,4,0,0,2,2,6,4,1,0,0,2,4,3
15 - Κοζάνης,281 E.T. Δήμου Κοζάνης,558,368,13,4,17,351,107,38,6,7,36,26,8,14,113,11,21,44,35,24,7,13,8,2,5,2,0,0,40,2,2,9,5,25,6,6,26,2,4,1,14,5,1,5,6,3,1,0,1,1,1,0,1,1,1,0,0,0,0,0,0,0,0,13,0,0,0,0,2,6,1,0,0,0,0,0,1,0,17,5,2,3,3,7,5,2,2,2,1,2,12,6
15 - Κοζάνης,282 E.T. Δήμου Κοζάνης,564,383,6,2,8,375,113,37,8,6,38,35,12,23,140,12,33,45,57,32,16,11,12,2,6,4,4,0,46,1,3,15,3,38,5,2,16,1,0,0,8,6,1,7,6,2,0,1,0,1,0,0,0,0,0,0,0,0,0,0,0,0,0,22,4,4,3,6,6,8,0,0,0,0,0,0,0,0,6,3,2,2,0,1,2,0,0,0,0,0,12,6
15 - Κοζάνης,283 E.T. Δήμου Κοζάνης,562,391,7,4,11,380,149,47,8,17,40,43,11,28,122,18,26,35,48,22,12,11,14,3,4,4,5,0,33,0,2,4,4,25,0,5,9,3,0,0,4,1,1,3,6,1,2,0,1,0,0,0,2,2,0,0,4,2,1,1,2,0,0,19,4,2,0,2,1,7,0,0,0,0,0,0,0,0,14,6,1,6,3,1,3,1,0,0,0,1,5,2
15 - Κοζάνης,284 E.T. Δήμου Κοζάνης,564,390,8,9,17,373,115,38,13,14,49,28,15,14,150,15,42,39,73,30,20,19,6,1,2,1,1,0,39,1,2,11,6,25,2,3,12,1,2,0,4,4,0,5,8,0,0,0,0,1,1,0,1,0,1,1,0,0,0,0,0,0,0,8,0,3,0,1,2,1,0,0,0,0,0,0,3,0,12,6,1,3,2,0,13,8,3,2,0,6,5,4
15 - Κοζάνης,285 E.T. Δήμου Κοζάνης,569,360,0,3,3,357,111,41,9,6,38,19,11,17,129,14,31,41,64,19,15,7,7,2,1,1,0,2,44,1,4,21,7,28,3,0,11,2,0,2,4,2,1,6,4,0,0,0,1,0,0,0,0,0,0,0,2,0,1,1,0,0,0,17,4,0,0,2,2,4,0,0,0,0,1,0,1,1,15,4,2,3,1,4,8,3,0,0,0,3,7,5
15 - Κοζάνης,286 E.T. Δήμου Κοζάνης,568,365,2,5,7,358,113,28,8,12,49,26,15,15,128,13,34,68,37,24,11,5,6,3,4,1,1,1,46,7,6,9,10,29,5,3,11,3,0,0,3,4,1,2,4,1,0,1,0,0,0,0,2,0,0,0,1,1,0,0,1,0,0,13,1,1,0,1,1,4,2,0,0,1,0,0,2,1,16,5,1,1,0,1,8,1,0,0,0,3,6,1
15 - Κοζάνης,287 E.T. Δήμου Κοζάνης,304,164,1,2,3,161,46,10,2,12,16,8,8,12,69,5,13,13,23,16,1,26,2,0,0,0,0,0,20,1,1,2,1,11,8,7,3,0,1,0,1,0,1,1,3,1,0,0,0,0,0,0,0,0,0,0,0,0,0,0,0,0,0,9,1,0,0,5,3,0,0,0,0,0,0,0,0,0,3,0,0,0,0,1,0,0,0,0,0,0,6,5
15 - Κοζάνης,288 E.T. Δήμου Κοζάνης,292,161,2,2,4,157,52,10,6,15,18,8,4,10,67,14,8,15,36,28,0,26,2,0,1,0,0,0,20,4,1,0,2,12,6,9,2,0,0,0,1,2,0,0,2,1,0,0,0,0,0,0,0,0,0,0,0,0,0,0,0,0,0,8,3,0,2,2,1,2,0,0,0,0,0,0,0,0,2,2,0,0,0,2,1,1,0,0,0,0,1,0
15 - Κοζάνης,289 E.T. Δήμου Κοζάνης,414,214,3,0,3,211,45,7,1,5,11,12,6,6,94,18,11,33,40,21,1,23,7,1,2,1,2,2,32,1,0,7,4,23,6,8,6,0,0,0,0,1,0,1,3,1,0,0,0,0,0,0,0,0,0,0,1,1,1,0,0,0,0,15,6,0,2,2,1,6,0,0,0,0,0,0,0,0,3,0,2,1,1,1,1,0,0,0,0,0,4,4
15 - Κοζάνης,290 E.T. Δήμου Κοζάνης,403,240,1,2,3,237,71,15,5,9,28,18,9,7,54,7,17,12,19,13,4,6,11,1,0,5,6,0,58,0,7,8,2,34,19,8,10,1,1,0,3,2,1,1,4,2,0,0,1,2,0,0,3,1,0,0,4,4,1,0,3,0,0,4,2,1,0,1,0,0,0,0,0,0,0,0,0,0,7,4,0,1,0,2,4,3,0,0,0,1,7,3
15 - Κοζάνης,291 E.T. Δήμου Κοζάνης,544,298,0,0,0,298,81,17,7,11,19,16,11,11,136,10,45,42,70,31,17,31,7,1,0,0,0,1,38,0,0,9,0,23,14,10,6,0,0,0,2,0,1,0,3,0,0,0,2,2,0,0,1,0,0,0,0,0,0,0,0,1,1,15,9,1,2,3,0,0,0,0,0,0,0,0,1,1,3,0,0,0,0,0,3,0,0,0,0,0,3,0
15 - Κοζάνης,292 E.T. Δήμου Κοζάνης,466,217,5,3,8,209,62,12,3,12,9,18,5,7,93,7,40,28,28,9,11,33,8,0,5,5,1,1,21,2,0,5,1,7,3,10,6,2,1,0,2,1,1,0,0,0,0,0,0,0,0,0,2,0,2,2,0,0,0,0,0,1,0,9,4,1,3,1,3,3,0,0,0,0,0,0,0,0,5,2,4,1,2,0,0,0,0,0,0,0,2,1
15 - Κοζάνης,293 E.T. Δήμου Κοζάνης,195,97,0,1,1,96,14,2,1,2,4,2,1,5,55,12,8,22,26,10,9,12,5,0,1,1,1,1,4,0,0,2,0,0,0,2,2,1,0,0,0,0,2,0,0,0,0,0,0,0,0,0,0,0,0,0,3,1,2,0,3,0,0,5,2,0,0,1,2,3,0,0,0,0,0,0,0,0,6,1,1,0,1,2,2,1,1,0,0,0,0,0
15 - Κοζάνης,294 E.T. Δήμου Κοζάνης,482,238,5,3,8,230,54,14,2,3,30,7,12,8,132,12,20,43,40,41,6,50,5,1,1,1,2,0,18,1,8,3,3,11,5,1,1,1,0,0,0,0,0,1,3,1,0,1,0,0,0,0,1,0,1,0,1,0,0,0,1,0,0,4,3,1,0,0,1,1,0,0,0,0,0,0,0,0,4,0,0,0,0,1,1,1,1,0,0,0,6,1
15 - Κοζάνης,295 E.T. Δήμου Κοζάνης,497,335,3,2,5,330,105,23,6,2,31,29,7,10,108,7,23,22,51,26,4,12,12,3,3,1,2,3,49,1,4,10,1,34,2,2,6,1,0,1,2,0,1,1,11,2,0,0,2,1,0,0,0,0,0,0,1,0,0,0,0,0,0,18,3,1,0,2,2,3,1,0,0,0,0,0,1,0,11,3,1,2,0,1,3,0,0,0,0,2,4,2
15 - Κοζάνης,296 E.T. Δήμου Κοζάνης,503,341,3,2,5,336,129,29,10,9,21,48,4,13,103,17,17,33,39,33,2,11,13,3,6,3,1,3,28,1,1,1,1,20,0,2,7,0,1,1,1,0,1,3,4,1,2,0,0,0,0,0,1,0,0,1,4,2,2,0,3,0,0,21,4,8,3,7,5,4,1,0,0,1,0,0,1,0,16,4,2,3,4,1,4,0,0,0,0,4,4,2
15 - Κοζάνης,297 E.T. Δήμου Κοζάνης,489,283,4,1,5,278,70,21,1,5,21,51,10,9,153,54,64,72,31,37,11,10,9,2,4,1,1,2,15,0,0,3,1,14,3,3,3,0,0,0,1,1,1,1,2,1,0,0,1,0,0,0,0,0,0,0,1,0,1,0,0,0,0,12,5,1,2,3,2,2,0,0,0,0,0,0,0,0,8,2,0,1,0,4,3,3,0,0,0,1,2,2
15 - Κοζάνης,298 E.T. Δήμου Κοζάνης,468,281,2,6,8,273,76,25,3,5,14,33,9,15,100,31,41,23,22,22,5,2,7,0,1,1,1,0,52,0,2,8,1,40,4,9,8,3,0,0,4,3,0,2,3,2,0,0,2,0,0,0,2,0,0,0,1,0,0,0,1,0,0,7,5,1,0,2,1,0,0,0,0,0,0,0,0,0,13,2,2,1,0,4,2,1,0,1,1,1,2,1
15 - Κοζάνης,299 E.T. Δήμου Κοζάνης,474,290,4,2,6,284,59,15,3,2,12,17,13,5,155,39,57,57,41,27,5,16,3,2,0,1,3,0,27,0,1,7,4,20,3,4,11,3,0,0,6,4,0,0,1,0,0,0,0,0,0,0,0,0,0,0,0,0,0,0,0,0,0,18,1,6,4,4,2,3,0,0,0,0,0,0,0,0,7,2,0,1,0,1,2,1,0,0,0,1,1,0
15 - Κοζάνης,300 E.T. Δήμου Κοζάνης,530,324,1,3,4,320,85,26,8,6,39,17,9,12,132,8,59,50,33,28,9,14,11,1,4,2,1,2,50,0,1,11,0,32,5,9,7,1,0,0,3,2,4,1,3,1,0,0,0,0,0,0,1,1,1,0,0,0,0,0,0,0,0,10,2,2,0,1,2,1,1,1,0,1,0,0,1,0,9,2,0,0,1,1,1,0,0,0,0,0,9,7
15 - Κοζάνης,301 E.T. Δήμου Κοζάνης,546,300,9,7,16,284,93,24,6,7,40,16,14,13,102,16,57,32,31,18,6,12,11,3,2,2,3,2,32,1,1,5,0,11,13,11,5,3,0,0,1,1,1,2,3,1,0,2,0,0,1,0,1,1,0,1,0,0,0,0,0,0,0,14,4,0,3,7,2,3,0,0,0,0,0,0,0,0,8,4,0,0,1,1,3,1,1,2,0,0,11,5
15 - Κοζάνης,302 E.T. Δήμου Κοζάνης,487,317,6,3,9,308,94,49,10,4,21,14,7,20,113,18,25,37,33,41,9,11,6,3,2,1,1,1,35,1,3,6,6,28,3,3,12,1,1,2,3,1,3,2,8,2,3,3,0,4,0,0,0,0,0,0,1,0,0,0,1,0,0,19,3,5,3,4,4,3,2,0,1,2,0,0,0,0,5,3,1,1,0,0,6,1,0,0,0,3,7,5
15 - Κοζάνης,303 E.T. Δήμου Κοζάνης,485,301,7,3,10,291,109,39,4,13,18,28,13,16,111,17,44,34,33,39,0,9,3,0,1,0,0,0,31,0,5,2,7,21,1,4,5,1,2,0,1,0,2,1,3,0,0,0,1,1,0,0,0,0,0,0,1,1,1,0,0,0,0,10,2,4,2,2,3,1,2,0,0,2,0,0,1,0,11,6,2,6,0,1,4,1,0,1,0,4,0,0
15 - Κοζάνης,304 E.T. Δήμου Κοζάνης,489,308,3,5,8,300,94,37,2,5,40,12,8,17,126,22,31,35,32,41,16,14,4,1,3,1,1,0,35,1,4,9,6,25,0,5,6,0,3,0,2,1,1,1,3,1,0,0,1,0,0,0,0,0,0,0,0,0,0,0,0,0,0,11,1,4,2,3,3,1,2,0,0,1,0,0,0,0,10,3,4,2,4,1,5,2,2,0,0,3,4,3
15 - Κοζάνης,305 E.T. Δήμου Κοζάνης,346,142,1,3,4,138,27,9,1,0,6,6,5,5,66,13,11,32,22,18,1,18,10,1,0,4,3,0,6,1,1,0,0,5,0,0,0,0,0,0,0,0,0,0,2,1,0,0,1,0,0,0,0,0,0,0,0,0,0,0,0,1,1,21,20,0,2,0,1,2,0,0,0,0,0,0,0,0,3,2,2,1,1,0,1,0,0,0,0,0,1,1
15 - Κοζάνης,306 E.T. Δήμου Κοζάνης,330,186,3,0,3,183,59,22,5,6,17,11,5,13,66,7,20,12,15,11,3,33,6,2,1,3,1,2,20,0,1,5,2,15,1,0,10,3,1,0,0,3,0,1,2,0,0,1,1,0,0,0,5,1,2,1,0,0,0,0,0,0,0,3,0,2,2,0,0,0,0,0,0,0,0,0,1,1,8,2,1,1,2,1,1,0,0,0,0,0,2,2
15 - Κοζάνης,307 E.T. Δήμου Κοζάνης,415,234,3,3,6,228,72,35,4,6,19,7,10,15,89,11,23,23,30,17,0,44,3,1,1,0,0,0,16,0,0,0,3,10,3,2,16,0,3,0,2,3,2,5,2,1,0,0,1,1,0,0,4,0,3,1,4,1,0,0,3,0,0,8,2,1,1,0,0,2,1,1,0,1,1,1,1,0,7,6,1,1,0,1,4,2,1,0,1,1,0,0
15 - Κοζάνης,308 E.T. Δήμου Κοζάνης,472,268,9,4,13,255,72,21,9,7,23,16,17,3,111,15,32,21,29,72,4,18,9,3,2,1,0,2,22,0,1,2,5,22,3,3,7,4,2,0,1,3,1,0,4,1,0,0,1,1,0,0,0,0,0,0,3,3,1,0,1,0,0,11,5,0,2,2,0,0,1,0,1,0,0,0,0,0,10,4,1,2,2,1,2,1,1,0,1,1,3,2
15 - Κοζάνης,309 E.T. Δήμου Κοζάνης,335,177,4,2,6,171,32,12,1,2,12,5,10,2,75,3,9,8,45,13,0,47,4,0,0,4,0,4,32,3,1,3,2,25,7,7,6,2,0,0,0,6,0,3,5,2,1,0,0,0,1,0,1,0,0,0,0,0,0,0,0,0,0,6,1,0,0,0,1,0,0,0,0,0,0,0,1,0,8,4,2,0,1,0,0,0,0,0,0,0,0,0
15 - Κοζάνης,310 E.T. Δήμου Κοζάνης,392,210,2,0,2,208,45,13,2,10,14,9,10,2,88,5,14,13,34,9,0,66,8,1,1,0,0,0,24,0,0,2,0,21,10,8,1,0,0,0,0,1,0,1,8,1,0,0,2,4,0,0,1,0,0,0,0,0,0,0,0,0,0,10,2,1,2,0,0,3,0,0,0,0,1,0,0,0,16,6,1,1,3,4,2,1,0,0,1,0,4,2
15 - Κοζάνης,311 E.T. Δήμου Κοζάνης,332,160,1,0,1,159,48,4,2,15,8,13,5,26,38,4,19,6,7,6,3,10,7,0,3,1,4,0,39,1,2,12,6,35,11,3,8,2,0,0,6,2,0,2,0,0,0,0,0,0,0,0,0,0,0,0,0,0,0,0,0,0,0,8,3,0,2,2,0,2,0,0,0,0,0,0,0,0,5,3,0,0,0,3,2,0,0,0,0,0,4,1
15 - Κοζάνης,312 E.T. Δήμου Κοζάνης,518,272,6,2,8,264,97,57,4,3,35,16,7,4,92,4,47,22,30,27,1,14,4,1,0,1,1,1,24,0,1,0,2,24,1,10,6,3,1,0,2,1,0,2,11,6,1,0,3,5,0,0,0,0,0,0,2,1,1,0,2,0,0,13,4,1,0,1,3,7,0,0,0,0,0,0,0,0,7,3,1,0,2,1,1,1,1,0,0,0,7,3
15 - Κοζάνης,313 E.T. Δήμου Κοζάνης,434,242,2,2,4,238,72,39,3,9,26,8,3,11,78,6,38,7,23,25,0,11,6,2,4,2,1,0,29,2,1,4,2,23,2,6,7,2,1,0,0,0,1,2,9,6,1,0,2,1,0,0,2,0,1,2,8,4,5,1,6,0,0,11,1,2,1,5,1,3,0,0,0,0,0,0,0,0,11,2,0,3,1,2,2,1,0,0,0,1,3,2
15 - Κοζάνης,314 E.T. Δήμου Κοζάνης,502,265,5,1,6,259,111,27,7,5,49,17,8,40,80,9,19,24,38,22,2,8,3,0,1,1,1,0,24,0,2,11,1,8,2,6,1,0,0,0,0,0,0,0,6,2,0,0,0,1,0,0,2,2,2,0,1,0,0,0,0,0,0,13,2,1,0,4,1,2,0,0,0,0,1,1,0,0,14,10,2,1,1,5,1,0,0,0,0,0,2,1
15 - Κοζάνης,315 E.T. Δήμου Κοζάνης,518,289,10,2,12,277,113,20,5,3,47,9,8,62,64,6,18,20,21,16,1,4,6,2,1,3,2,0,39,2,1,16,0,18,2,7,3,0,0,0,2,1,0,3,13,6,0,1,1,2,0,0,1,1,0,0,0,0,0,0,0,0,0,12,6,0,2,2,2,2,2,0,1,0,0,0,0,0,13,5,0,1,0,4,1,0,0,0,0,0,10,3
15 - Κοζάνης,316 E.T. Δήμου Κοζάνης,335,185,0,2,2,183,73,13,6,10,11,23,8,20,49,3,25,15,17,16,0,4,8,0,2,2,3,1,25,0,1,7,0,16,4,8,7,4,1,0,1,2,3,0,8,3,3,0,3,2,0,0,1,0,0,0,0,0,0,0,0,0,0,8,7,2,1,0,2,0,0,0,0,0,0,0,0,0,4,1,1,1,0,1,0,0,0,0,0,0,0,0
15 - Κοζάνης,317 E.T. Δήμου Κοζάνης,257,156,1,1,2,154,31,2,6,6,4,7,8,10,87,12,10,19,55,17,5,32,10,0,2,7,5,3,10,0,0,2,0,7,3,5,3,2,1,0,1,0,2,0,4,3,2,0,0,0,1,0,0,0,0,0,0,0,0,0,0,0,0,5,0,0,1,2,2,2,0,0,0,0,0,0,0,0,3,2,2,0,0,0,0,0,0,0,0,0,0,0
15 - Κοζάνης,318 E.T. Δήμου Κοζάνης,332,189,3,1,4,185,48,8,2,12,21,15,9,8,102,15,20,40,30,20,7,35,10,1,3,0,5,3,11,0,2,2,1,7,4,3,2,0,0,0,0,1,0,0,4,2,1,0,0,0,0,0,0,0,0,0,1,1,0,0,1,0,0,3,2,0,1,1,0,1,0,0,0,0,0,0,0,0,3,2,0,1,0,1,0,0,0,0,0,0,1,1
15 - Κοζάνης,319 E.T. Δήμου Κοζάνης,454,299,2,5,7,292,89,21,10,7,23,23,32,5,105,18,24,55,43,35,1,6,6,3,2,3,1,0,27,5,2,5,1,17,5,5,28,22,2,2,1,2,7,5,3,1,0,0,1,0,0,0,1,0,0,0,4,3,2,1,1,0,0,6,0,1,1,2,2,2,1,0,0,0,0,0,0,0,19,14,3,2,0,3,2,1,0,1,1,0,1,0
15 - Κοζάνης,320 E.T. Δήμου Κοζάνης,467,291,2,0,2,289,90,22,9,14,28,25,14,16,119,12,27,36,63,30,8,8,9,5,1,2,4,2,21,6,1,0,4,12,3,4,22,16,2,2,4,0,1,7,1,0,0,1,0,0,0,0,1,1,0,0,2,1,2,0,1,0,0,7,1,1,4,1,4,1,1,0,0,0,0,0,0,0,12,9,1,0,1,1,2,1,0,0,0,1,2,0
15 - Κοζάνης,321 E.T. Δήμου Κοζάνης,413,249,3,4,7,242,94,30,17,15,13,39,20,7,91,18,26,30,33,23,4,6,7,1,4,2,1,2,21,3,1,3,2,14,2,4,7,5,0,0,0,2,2,0,1,1,1,0,0,0,0,0,2,0,0,1,0,0,0,0,0,0,0,6,3,2,0,2,0,2,0,0,0,0,0,0,0,0,7,5,0,3,1,0,2,0,0,0,1,1,4,1
15 - Κοζάνης,322 E.T. Δήμου Βελβεντού,552,284,3,1,4,280,110,34,3,10,94,18,4,3,95,21,38,30,26,25,7,3,10,4,6,3,2,0,24,1,1,14,3,10,1,0,10,1,2,0,4,0,2,1,0,0,0,0,0,0,0,0,2,0,0,1,0,0,0,0,0,0,0,10,2,3,1,2,0,2,1,1,0,0,0,0,0,0,8,4,2,1,0,0,2,0,0,0,0,1,8,6
15 - Κοζάνης,323 E.T. Δήμου Βελβεντού,526,303,2,4,6,297,90,19,4,7,68,15,8,8,129,34,50,30,41,35,4,6,6,1,2,3,0,1,17,1,0,11,0,5,1,3,14,5,2,1,4,1,2,3,2,0,0,0,1,1,0,0,1,0,0,0,0,0,0,0,0,1,1,11,4,1,1,1,1,3,0,0,0,0,0,0,1,0,13,2,1,0,1,1,5,1,0,1,1,1,7,3
15 - Κοζάνης,324 E.T. Δήμου Βελβεντού,562,285,4,4,8,277,125,43,3,10,103,14,8,6,85,19,27,17,18,33,3,11,5,1,3,0,1,1,15,0,0,11,1,4,1,1,12,1,0,0,7,0,1,8,2,1,0,0,1,1,1,0,0,0,0,0,2,0,0,1,2,0,0,10,2,1,2,3,1,2,1,0,1,0,0,0,2,0,11,3,1,0,2,1,2,0,0,0,0,1,4,0
15 - Κοζάνης,325 E.T. Δήμου Βελβεντού,555,298,2,1,3,295,110,42,3,12,81,14,7,6,110,17,58,31,26,49,3,12,4,2,3,0,0,1,29,2,3,14,3,13,5,4,6,1,0,0,4,0,0,2,5,2,2,1,1,1,0,0,0,0,0,0,0,0,0,0,0,0,0,15,3,5,0,5,4,3,1,0,0,0,0,0,0,0,7,2,2,2,0,2,6,4,0,2,1,3,2,2
15 - Κοζάνης,326 E.T. Δήμου Βελβεντού,561,296,2,1,3,293,105,30,3,6,79,10,6,5,110,13,44,31,26,29,3,9,2,0,0,0,0,0,21,0,1,15,0,13,2,1,22,2,2,1,4,1,3,8,4,2,1,0,1,0,0,0,0,0,0,0,0,0,0,0,0,0,0,12,0,4,2,1,2,1,0,0,0,0,0,0,1,0,12,5,2,0,0,4,3,2,0,0,0,2,1,1
15 - Κοζάνης,327 E.T. Δήμου Βελβεντού,561,287,6,1,7,280,105,36,1,11,79,18,6,9,82,24,27,21,27,14,7,10,6,0,3,1,1,0,26,0,0,23,0,8,0,5,23,1,3,1,13,2,0,17,6,0,0,0,1,1,0,0,0,0,0,0,0,0,0,0,0,0,0,12,0,2,0,2,2,5,0,0,0,0,0,0,0,0,14,5,1,2,0,4,1,0,0,0,0,1,5,2
15 - Κοζάνης,328 E.T. Δήμου Βελβεντού,554,268,2,1,3,265,95,27,1,2,74,12,1,4,97,17,32,29,30,30,3,4,6,0,1,1,0,2,19,0,0,11,3,9,2,1,12,2,0,1,2,0,2,4,6,1,0,1,0,0,0,0,0,0,0,0,0,0,0,0,0,0,0,19,1,1,5,6,2,5,0,0,0,0,0,0,0,0,7,4,0,1,1,0,1,1,0,0,0,0,3,1
15 - Κοζάνης,329 E.T. Δήμου Βελβεντού,93,47,0,0,0,47,11,5,0,6,3,0,0,1,27,3,16,13,10,3,0,2,1,0,0,0,0,0,2,0,0,1,1,1,0,0,0,0,0,0,0,0,0,0,3,1,0,0,1,1,0,0,0,0,0,0,0,0,0,0,0,0,0,2,2,0,0,0,0,1,1,1,0,0,0,0,0,0,0,0,0,0,0,0,0,0,0,0,0,0,0,0
15 - Κοζάνης,330 E.T. Δήμου Βελβεντού,350,161,2,2,4,157,69,15,4,11,41,13,5,7,52,9,29,13,19,9,0,6,9,2,5,1,0,2,8,0,0,6,1,4,0,0,3,0,0,0,2,0,0,2,3,0,0,0,0,1,0,0,0,0,0,0,0,0,0,0,0,0,0,7,1,1,1,0,2,1,0,0,0,0,0,0,0,0,2,1,1,0,0,0,1,1,0,0,0,1,3,2
15 - Κοζάνης,331 E.T. Δήμου Βελβεντού,245,104,1,0,1,103,23,10,4,3,10,3,4,2,39,7,6,4,12,7,0,9,1,0,1,0,0,1,9,2,1,4,0,4,1,0,3,1,0,0,0,0,0,1,4,1,0,0,3,2,0,0,1,0,0,0,2,0,2,0,2,0,0,15,4,4,4,1,4,4,0,0,0,0,1,0,0,0,2,0,0,0,0,0,1,0,1,0,1,0,2,0
15 - Κοζάνης,332 E.T. Δήμου Βελβεντού,32,16,0,0,0,16,2,1,0,0,2,0,0,0,6,0,3,3,1,5,0,0,0,0,0,0,0,0,6,0,0,6,0,2,0,0,2,0,1,0,0,0,2,1,0,0,0,0,0,0,0,0,0,0,0,0,0,0,0,0,0,0,0,0,0,0,0,0,0,0,0,0,0,0,0,0,0,0,0,0,0,0,0,0,0,0,0,0,0,0,0,0
15 - Κοζάνης,333 E.T. Δήμου Σερβίων,513,342,4,1,5,337,119,72,4,12,10,20,11,24,113,5,26,37,89,11,1,1,6,1,4,0,1,0,11,0,0,8,0,4,1,0,59,0,3,3,47,4,1,43,7,3,2,0,2,1,1,1,2,1,0,1,0,0,0,0,0,0,0,6,1,0,1,2,0,3,0,0,0,0,1,1,0,0,7,0,2,1,2,2,0,0,0,0,0,0,5,4
15 - Κοζάνης,334 E.T. Δήμου Σερβίων,465,302,1,1,2,300,90,59,5,10,20,13,4,5,116,6,27,38,84,13,4,12,4,2,2,1,1,0,15,0,1,9,1,9,2,4,50,1,3,2,40,3,0,37,1,0,1,0,1,0,0,0,0,0,0,0,0,0,0,0,0,0,0,17,3,3,6,4,2,3,0,0,0,0,0,0,0,0,5,3,1,0,1,1,0,0,0,0,0,0,2,0
15 - Κοζάνης,335 E.T. Δήμου Σερβίων,196,134,1,2,3,131,36,23,0,2,10,11,2,7,65,5,17,20,42,13,1,2,0,0,0,0,0,0,21,0,0,17,2,13,1,0,4,2,0,0,1,1,0,3,1,0,0,0,0,0,0,0,0,0,0,0,0,0,0,0,0,0,0,0,0,0,0,0,0,0,0,0,0,0,0,0,0,0,3,0,2,0,2,0,1,0,0,0,0,0,0,0
15 - Κοζάνης,336 E.T. Δήμου Σερβίων,125,78,0,0,0,78,33,19,1,3,7,9,4,3,27,2,3,8,17,3,1,4,1,0,0,0,0,1,9,0,0,4,2,7,0,0,3,0,1,0,0,1,0,3,0,0,0,0,0,0,0,0,0,0,0,0,0,0,0,0,0,0,0,0,0,0,0,0,0,0,0,0,0,0,0,0,0,0,5,0,0,0,0,0,0,0,0,0,0,0,0,0
15 - Κοζάνης,337 E.T. Δήμου Σερβίων,386,181,1,0,1,180,38,20,6,5,2,16,3,3,93,3,47,14,66,14,1,5,3,0,2,1,0,0,29,1,1,16,2,19,1,3,8,0,0,0,1,0,1,8,1,0,0,0,0,0,0,0,0,0,0,0,0,0,0,0,0,0,0,5,0,1,0,4,1,4,0,0,0,0,0,0,0,0,2,0,1,1,1,0,1,1,0,0,0,0,0,0
15 - Κοζάνης,338 E.T. Δήμου Σερβίων,392,210,3,4,7,203,45,28,1,3,5,31,3,1,100,4,53,12,65,9,6,2,5,0,3,1,1,1,32,0,1,24,0,26,1,0,13,2,0,0,6,1,0,12,2,0,0,0,0,1,0,0,0,0,0,0,0,0,0,0,0,0,0,4,0,0,1,1,0,0,0,0,0,0,0,0,0,0,1,0,0,0,0,0,1,1,0,0,0,0,0,0
15 - Κοζάνης,339 E.T. Δήμου Σερβίων,299,198,0,1,1,197,42,22,1,4,7,3,4,14,116,7,12,11,106,5,1,3,0,0,0,0,0,0,12,0,0,4,0,10,0,0,11,1,3,0,0,3,0,6,5,1,2,0,2,1,0,0,0,0,0,0,0,0,0,0,0,0,0,1,0,0,0,0,0,0,1,1,0,1,0,0,4,0,1,1,0,0,0,0,3,1,2,0,0,0,1,0
15 - Κοζάνης,340 E.T. Δήμου Σερβίων,383,252,1,2,3,249,59,29,3,4,8,13,9,20,119,6,10,9,109,9,2,2,1,0,0,1,0,0,8,0,0,3,2,5,0,1,36,5,0,0,13,6,2,19,6,2,0,0,0,1,0,0,0,0,0,0,1,0,1,1,0,0,0,8,0,1,1,3,0,1,0,0,0,0,0,0,0,0,3,1,1,0,0,0,2,1,0,0,0,1,6,1
15 - Κοζάνης,341 E.T. Δήμου Σερβίων,405,181,1,0,1,180,81,78,1,1,8,5,0,3,77,15,26,23,38,25,3,6,2,0,0,0,1,1,6,0,0,1,0,1,0,0,7,2,0,1,1,1,0,0,1,0,0,0,0,0,0,0,1,0,0,1,0,0,0,0,0,0,0,0,0,0,0,0,0,0,0,0,0,0,0,0,0,0,3,2,1,2,0,0,0,0,0,0,0,0,2,1
15 - Κοζάνης,342 E.T. Δήμου Σερβίων,472,184,2,0,2,182,59,53,2,1,11,8,0,0,85,8,18,13,44,25,7,7,6,1,3,3,1,0,10,1,0,7,1,3,1,0,6,2,0,2,0,1,0,1,4,1,0,0,0,0,1,0,1,0,0,0,0,0,0,0,0,0,0,3,0,0,1,0,1,1,0,0,0,0,0,0,0,0,6,3,1,1,1,0,0,0,0,0,0,0,1,1
15 - Κοζάνης,343 E.T. Δήμου Σερβίων,481,184,0,1,1,183,74,73,4,1,8,12,1,0,71,11,20,14,40,23,2,3,7,2,2,2,0,1,8,0,0,3,0,3,0,0,10,0,2,1,1,2,0,1,0,0,0,0,0,0,0,0,1,1,1,0,0,0,0,0,0,0,0,2,0,1,0,1,0,0,0,0,0,0,0,0,0,0,8,4,1,2,0,0,1,1,0,0,0,1,1,0
15 - Κοζάνης,344 E.T. Δήμου Σερβίων,475,216,2,2,4,212,75,70,0,2,11,12,1,0,89,6,18,14,49,42,3,4,1,0,1,1,0,0,18,1,2,7,0,8,1,1,12,3,1,2,1,0,0,4,0,0,0,0,0,0,0,0,3,0,2,1,1,0,1,1,0,0,0,4,0,1,0,3,1,0,0,0,0,0,0,0,0,0,6,2,0,1,1,0,0,0,0,0,0,0,3,1
15 - Κοζάνης,345 E.T. Δήμου Σερβίων,491,224,1,2,3,221,81,77,6,1,12,7,1,0,94,12,29,22,40,35,3,4,2,0,0,1,0,0,15,0,0,15,3,7,0,0,4,1,1,3,1,0,0,0,2,0,0,0,1,0,0,0,1,0,0,1,0,0,0,0,0,0,0,3,0,1,0,1,0,1,0,0,0,0,0,0,0,0,13,5,0,0,0,0,2,1,1,0,0,0,4,1
15 - Κοζάνης,346 E.T. Δήμου Σερβίων,512,267,4,1,5,262,92,52,7,6,21,11,17,10,83,10,23,21,43,22,7,8,5,0,0,2,2,1,35,0,1,32,0,11,1,1,31,4,3,3,16,4,3,19,0,0,0,0,0,0,0,0,0,0,0,0,1,1,0,0,1,0,0,5,0,0,1,2,4,1,0,0,0,0,0,0,0,0,7,2,3,2,1,1,2,1,1,0,2,0,1,1
15 - Κοζάνης,347 E.T. Δήμου Σερβίων,507,270,0,1,1,269,112,71,7,11,25,10,19,20,63,7,24,21,21,21,7,2,5,3,2,4,1,0,41,3,0,38,0,3,1,0,20,4,3,0,8,1,3,7,0,0,0,0,0,0,0,0,1,0,0,0,7,6,1,2,3,0,0,7,2,0,1,0,2,2,0,0,0,0,0,0,1,0,5,1,0,2,1,0,0,0,0,0,0,0,7,2
15 - Κοζάνης,348 E.T. Δήμου Σερβίων,513,254,1,4,5,249,74,49,3,11,27,11,7,5,84,5,27,20,38,16,5,7,7,2,3,2,0,1,42,1,0,36,0,16,1,0,19,2,5,0,8,2,0,11,2,0,0,0,2,1,0,0,1,1,0,1,1,0,0,0,1,0,0,12,0,4,3,0,2,2,0,0,0,0,0,0,1,0,2,0,0,0,0,0,4,1,1,0,0,0,0,0
15 - Κοζάνης,349 E.T. Δήμου Σερβίων,517,258,5,1,6,252,89,56,7,7,14,7,14,7,93,12,45,31,27,12,5,5,2,1,0,1,2,0,23,0,0,20,0,4,0,1,18,0,8,0,7,0,2,9,4,1,0,0,1,2,0,0,3,0,1,1,2,2,2,0,0,0,0,10,1,1,0,2,1,1,1,0,0,0,0,0,0,0,4,0,0,0,0,0,2,2,0,0,1,1,1,0
15 - Κοζάνης,350 E.T. Δήμου Σερβίων,512,284,2,2,4,280,105,69,6,4,26,8,11,9,78,8,16,25,30,17,0,1,4,1,0,3,1,0,55,1,0,49,1,13,4,1,13,2,4,0,2,0,0,6,3,1,0,0,0,1,0,0,0,0,0,0,2,2,1,0,1,0,0,8,1,2,1,2,2,1,1,0,0,0,0,0,0,0,7,4,0,2,1,2,2,0,0,1,1,0,2,2
15 - Κοζάνης,351 E.T. Δήμου Σερβίων,504,253,3,2,5,248,87,49,6,6,13,9,7,5,70,3,16,18,40,13,1,2,4,0,1,0,0,0,34,0,0,29,2,1,1,1,29,2,9,1,10,4,0,11,5,1,0,0,0,1,0,0,1,0,0,0,2,1,0,0,2,0,0,6,0,0,0,0,0,2,0,0,0,0,0,0,0,0,5,0,0,0,1,0,0,0,0,0,0,0,5,2
15 - Κοζάνης,352 E.T. Δήμου Σερβίων,503,256,0,1,1,255,96,46,2,16,24,12,6,6,54,7,22,23,21,11,0,5,6,0,1,4,0,0,41,0,1,38,0,13,2,3,25,3,7,0,6,2,2,8,3,0,0,0,0,1,0,0,0,0,0,0,0,0,0,0,0,0,0,10,0,4,1,0,5,1,0,0,0,0,0,0,1,0,13,3,1,0,2,2,0,0,0,0,0,0,6,1
15 - Κοζάνης,353 E.T. Δήμου Σερβίων,414,246,3,4,7,239,106,67,3,13,63,2,9,7,49,4,11,8,26,11,0,10,3,0,1,0,0,0,57,0,0,48,0,25,1,5,8,2,4,0,4,0,0,2,1,1,0,0,0,0,0,0,1,0,0,1,0,0,0,0,0,0,0,10,3,5,2,3,1,0,0,0,0,0,0,0,0,0,2,1,0,0,0,0,0,0,0,0,0,0,2,0
15 - Κοζάνης,354 E.T. Δήμου Σερβίων,260,139,1,0,1,138,49,25,10,5,9,6,4,6,44,7,23,5,19,9,6,5,6,3,3,0,2,2,20,4,0,15,0,14,0,0,4,1,1,0,0,1,1,0,1,0,0,0,0,0,0,0,0,0,0,0,0,0,0,0,0,0,0,5,0,0,0,1,4,3,0,0,0,0,0,0,0,0,2,1,0,0,0,0,1,1,1,0,0,0,6,5
15 - Κοζάνης,355 E.T. Δήμου Σερβίων,311,167,0,1,1,166,50,21,3,4,7,9,7,8,65,6,27,10,32,17,1,12,3,0,0,2,1,1,25,0,10,18,1,16,0,3,1,0,1,0,0,1,0,0,1,0,0,0,0,0,0,0,0,0,0,0,0,0,0,0,0,0,0,6,2,0,0,2,0,2,0,0,0,0,1,0,0,0,10,2,2,2,5,2,0,0,0,0,0,0,4,2
15 - Κοζάνης,356 E.T. Δήμου Σερβίων,386,224,3,0,3,221,60,24,6,22,16,18,16,8,110,14,64,33,48,24,1,7,8,5,2,5,3,1,12,0,0,9,0,8,0,1,2,0,0,0,0,0,1,1,0,0,0,0,0,0,1,0,0,0,0,0,4,2,1,0,4,1,1,16,5,3,1,1,4,7,0,0,0,0,0,0,1,0,4,1,0,2,1,0,0,0,0,0,0,0,2,0
15 - Κοζάνης,357 E.T. Δήμου Σερβίων,370,208,2,1,3,205,53,11,3,14,12,14,8,10,96,8,65,29,46,16,0,9,6,1,0,0,1,1,8,0,0,7,0,5,2,0,6,1,0,0,3,1,1,5,2,0,0,1,1,2,0,0,1,1,0,0,11,3,3,0,10,1,0,8,2,5,1,2,1,1,0,0,0,0,0,0,1,0,9,4,3,3,1,0,1,0,0,1,0,0,2,1
15 - Κοζάνης,358 E.T. Δήμου Σερβίων,341,173,2,0,2,171,39,17,1,2,9,8,6,7,80,36,52,15,15,10,2,0,7,2,3,1,1,0,22,0,0,20,0,11,0,2,3,1,0,0,1,0,0,2,3,0,0,0,0,0,0,0,1,0,0,1,5,0,4,0,5,0,0,5,0,0,0,0,1,3,0,0,0,0,0,0,1,1,5,0,1,1,1,0,0,0,0,0,0,0,0,0
15 - Κοζάνης,359 E.T. Δήμου Σερβίων,472,237,0,1,1,236,27,16,2,2,11,8,1,1,153,29,54,44,65,52,6,11,15,2,3,1,2,0,17,1,0,11,1,15,0,0,1,0,0,0,1,0,0,1,1,0,0,0,0,1,0,0,0,0,0,0,0,0,0,0,0,0,0,14,2,2,2,2,4,5,0,0,0,0,0,0,1,1,5,4,0,0,0,2,0,0,0,0,0,0,2,2
15 - Κοζάνης,360 E.T. Δήμου Σερβίων,344,166,1,0,1,165,46,21,1,6,19,6,3,5,42,3,10,15,17,8,2,1,3,1,2,2,0,0,54,0,0,50,2,13,1,1,11,2,3,0,0,1,0,4,1,0,1,0,0,1,0,0,1,0,0,1,0,0,0,0,0,0,0,2,0,0,0,2,1,1,0,0,0,0,0,0,0,0,2,0,1,2,1,0,1,0,0,0,0,0,2,0
15 - Κοζάνης,361 E.T. Δήμου Σερβίων,406,176,1,2,3,173,53,23,5,6,13,14,11,6,45,4,8,15,33,7,0,1,2,1,0,1,0,0,44,0,0,40,2,16,0,3,17,2,7,0,6,1,0,9,0,0,0,0,0,0,0,0,0,0,0,0,0,0,0,0,0,0,0,7,0,3,0,2,2,1,0,0,0,0,0,0,0,0,4,0,0,0,1,1,0,0,0,0,0,0,1,1
15 - Κοζάνης,362 E.T. Δήμου Σερβίων,370,158,2,2,4,154,36,14,1,4,15,6,9,5,51,4,12,8,40,8,0,2,0,0,0,0,0,0,49,1,0,41,0,20,0,1,8,2,0,3,1,0,0,1,2,0,0,0,1,1,0,0,0,0,0,0,1,0,1,0,0,0,0,2,1,0,0,0,0,0,0,0,0,0,0,0,0,0,2,0,0,0,0,0,1,0,0,0,0,0,2,0
15 - Κοζάνης,363 E.T. Δήμου Σερβίων,431,233,6,0,6,227,77,35,4,7,12,19,9,12,84,14,39,28,44,19,6,3,7,1,5,4,3,1,36,4,0,30,0,10,5,3,10,3,1,1,3,0,0,7,5,4,2,0,0,1,0,0,1,0,0,0,0,0,0,0,0,0,0,1,0,0,0,0,0,0,2,1,1,0,0,0,0,0,2,0,1,1,0,0,1,0,0,0,0,1,1,0
15 - Κοζάνης,364 E.T. Δήμου Σερβίων,363,194,5,1,6,188,69,36,3,6,14,24,5,10,60,2,24,18,26,8,3,7,3,0,3,2,0,0,26,0,0,23,0,5,1,10,9,0,2,0,6,0,2,4,1,0,0,0,0,1,0,0,9,1,5,7,0,0,0,0,0,0,0,4,1,1,0,1,1,1,0,0,0,0,0,0,1,0,3,2,0,1,0,0,0,0,0,0,0,0,3,1
15 - Κοζάνης,365 E.T. Δήμου Σερβίων,356,187,3,1,4,183,44,6,7,3,4,12,21,3,93,7,70,11,33,18,2,21,7,0,1,4,4,1,14,1,1,9,0,13,1,0,3,1,0,0,0,2,0,1,1,0,0,0,0,0,0,0,0,0,0,0,4,3,1,0,4,0,0,6,0,0,0,1,0,0,0,0,0,0,0,0,0,0,7,2,2,2,1,1,0,0,0,0,0,0,4,1
15 - Κοζάνης,366 E.T. Δήμου Σερβίων,549,279,1,4,5,274,61,13,6,10,15,24,21,3,165,7,123,31,60,19,7,11,4,2,3,0,0,1,16,1,0,0,0,1,1,2,1,0,0,0,0,0,0,1,5,1,1,0,1,1,0,0,0,0,0,0,0,0,0,0,0,1,1,13,2,3,0,3,1,5,0,0,0,0,0,0,0,0,3,2,0,2,0,0,1,1,0,0,0,0,4,3
15 - Κοζάνης,367 E.T. Δήμου Σερβίων,514,146,0,3,3,143,47,19,1,1,16,5,3,18,56,7,29,13,18,8,2,5,1,0,0,0,0,0,27,1,0,21,2,21,0,1,4,0,1,0,2,0,1,2,0,0,0,0,0,0,0,0,0,0,0,0,1,0,0,0,0,0,0,1,0,0,0,0,0,0,2,0,2,0,0,0,0,0,3,1,0,1,0,1,0,0,0,0,0,0,1,0
15 - Κοζάνης,368 E.T. Δήμου Σερβίων,536,220,2,0,2,218,63,37,3,4,15,8,5,12,91,21,39,26,41,17,2,4,1,0,1,0,0,0,42,2,2,34,5,21,1,4,4,0,0,0,1,0,0,1,3,1,0,1,0,0,0,0,0,0,0,0,3,2,3,0,1,0,0,1,1,0,0,0,0,1,1,0,0,0,0,0,0,0,6,2,2,2,0,1,0,0,0,0,0,0,3,2
15 - Κοζάνης,369 E.T. Δήμου Σερβίων,267,138,0,0,0,138,31,19,4,5,2,4,8,7,64,9,24,21,33,16,0,11,1,0,1,0,0,0,26,2,0,24,1,21,3,0,2,0,1,1,0,0,0,1,0,0,0,0,0,0,0,0,0,0,0,0,5,1,2,2,5,0,0,1,0,0,0,0,0,1,0,0,0,0,0,0,1,0,4,2,0,1,0,1,1,0,0,0,0,1,2,1
15 - Κοζάνης,370 E.T. Δήμου Σερβίων,481,282,2,0,2,280,53,26,2,3,24,6,4,3,144,26,35,52,80,35,4,8,6,1,1,2,0,1,28,0,1,21,1,10,2,4,27,1,22,0,1,7,0,9,5,2,1,1,0,1,0,0,0,0,0,0,0,0,0,0,0,1,0,6,0,0,2,1,0,1,0,0,0,0,0,0,0,0,5,0,0,1,0,0,4,1,0,1,0,2,1,0
15 - Κοζάνης,371 E.T. Δήμου Σερβίων,423,248,4,0,4,244,54,31,1,2,26,3,3,4,137,21,30,50,80,34,7,3,2,1,0,0,1,0,24,0,0,22,0,6,0,1,10,1,7,0,0,0,0,3,2,0,0,0,0,1,0,0,0,0,0,0,2,0,1,0,1,0,0,4,0,0,0,0,0,0,0,0,0,0,0,0,0,0,5,1,1,2,1,0,2,0,0,0,0,0,2,2
15 - Κοζάνης,372 E.T. Δήμου Σερβίων,436,244,1,1,2,242,63,29,5,5,30,5,3,5,120,10,35,38,78,23,4,6,0,0,0,0,0,0,26,0,1,22,0,7,0,0,17,3,11,1,0,1,1,9,1,0,0,0,0,0,0,0,0,0,0,0,2,0,2,0,2,0,0,1,0,0,1,0,0,0,1,1,0,0,0,0,1,1,3,1,0,0,0,1,3,1,1,0,0,0,4,0
15 - Κοζάνης,373 E.T. Δήμου Σερβίων,249,159,0,4,4,155,42,30,2,3,9,3,6,7,60,9,20,20,33,11,3,2,3,1,3,1,0,1,19,1,0,11,0,4,0,5,19,1,3,0,4,5,0,11,5,1,0,0,3,1,0,0,1,0,0,1,0,0,0,0,0,0,0,2,1,1,0,0,0,0,0,0,0,0,0,0,0,0,4,0,0,1,0,1,0,0,0,0,0,0,0,0
15 - Κοζάνης,374 E.T. Δήμου Σερβίων,312,179,3,2,5,174,45,34,12,1,7,11,4,4,76,6,21,33,42,16,1,6,1,0,1,1,0,0,30,1,1,28,1,14,2,1,7,0,2,0,2,1,0,5,1,1,0,0,1,0,0,0,0,0,0,0,5,5,0,3,1,0,0,5,0,0,0,0,3,3,0,0,0,0,0,0,0,0,2,0,0,0,0,0,1,1,0,0,0,1,1,1
15 - Κοζάνης,375 E.T. Δήμου Σερβίων,476,279,3,2,5,274,73,22,3,13,16,20,14,13,120,10,84,50,24,20,5,15,4,3,1,1,1,0,45,1,2,35,2,16,4,2,3,0,0,0,0,1,2,1,2,2,0,0,1,0,0,0,0,0,0,0,4,0,4,0,4,0,0,15,6,1,4,0,4,3,0,0,0,0,0,0,0,0,4,2,0,0,0,2,1,0,1,0,1,0,3,2
15 - Κοζάνης,376 E.T. Δήμου Σερβίων,497,288,0,3,3,285,127,84,5,5,28,27,4,20,66,10,15,9,14,17,2,4,7,0,3,4,0,0,53,1,0,38,1,25,1,4,15,1,1,0,1,3,0,1,1,0,0,0,0,0,0,0,3,0,1,1,1,1,0,0,1,0,0,2,1,0,0,0,0,0,0,0,0,0,0,0,0,0,7,4,2,2,0,0,0,0,0,0,0,0,3,1
15 - Κοζάνης,Ετερ. Κοζάνης (από 18ο Ε.Τ. Νομ. Θεσσαλονίκης),457,294,0,2,2,292,65,20,10,8,9,10,10,6,159,56,15,24,35,53,22,7,4,1,0,0,1,0,17,1,1,1,1,5,3,2,11,5,2,1,1,2,1,2,7,2,0,5,1,1,0,0,1,0,0,0,0,0,0,0,0,0,0,15,2,3,2,5,2,4,0,0,0,0,0,0,0,0,10,2,2,1,0,1,2,0,0,1,0,1,1,0
15 - Κοζάνης,Ετερ. Κοζάνης (από 19ο Ε.Τ. Νομ. Θεσσαλονίκης),429,271,6,2,8,263,72,30,7,8,14,8,14,7,123,28,11,20,38,38,16,8,8,1,2,2,1,4,17,2,3,5,0,12,2,3,12,6,1,2,0,2,0,4,3,0,0,0,0,0,2,0,0,0,0,0,1,0,0,1,1,0,0,16,4,3,3,2,2,3,0,0,0,0,0,0,1,1,5,2,2,2,1,1,0,0,0,0,0,0,3,1
15 - Κοζάνης,Ετερ. Κοζάνης (από Εφετείο Θεσσαλονίκης),68,41,3,1,4,37,11,5,1,3,3,3,0,2,14,5,1,1,5,6,2,0,1,0,0,0,0,0,1,0,0,0,0,1,0,0,2,2,1,0,0,0,0,1,1,0,0,0,0,0,0,0,0,0,0,0,0,0,0,0,0,0,0,4,0,0,0,0,0,3,2,0,0,0,0,0,0,0,1,0,0,0,0,0,0,0,0,0,0,0,0,0
15 - Κοζάνης,Ετερ. Κοζάνης (από 1ο Ε.Τ. Νομ. Ημαθίας),80,39,0,1,1,38,9,2,0,4,4,0,1,0,14,5,4,2,2,6,2,4,2,0,1,1,0,2,9,0,0,2,0,6,0,3,0,0,0,0,0,0,0,0,0,0,0,0,0,0,1,0,0,0,0,0,0,0,0,0,0,0,0,3,0,0,0,3,1,1,0,0,0,0,0,0,0,0,0,0,0,0,0,0,0,0,0,0,0,0,0,0
15 - Κοζάνης,Ετερ. Κοζάνης (από Εφετείο Λάρισσας),60,24,0,0,0,24,0,0,0,0,0,0,0,0,13,4,3,1,2,5,2,1,1,1,0,1,0,0,4,0,0,0,0,2,0,0,3,1,1,2,0,0,1,0,1,0,1,0,1,0,0,0,0,0,0,0,0,0,0,0,0,0,0,2,0,1,0,1,1,1,0,0,0,0,0,0,0,0,0,0,0,0,0,0,0,0,0,0,0,0,0,0
15 - Κοζάνης,Ετερ. Κοζάνης (από 87ο Ε.Τ. Νομ. Αττικής-Αθηνών),608,367,2,5,7,360,106,41,15,21,15,18,35,9,159,35,39,33,44,45,15,28,5,2,2,3,2,0,27,8,4,3,1,11,4,9,35,6,6,2,17,3,4,20,4,2,1,1,0,0,0,0,3,1,1,0,0,0,0,0,0,0,0,10,3,7,1,1,2,4,0,0,0,0,0,0,0,0,6,5,1,1,2,1,1,0,0,0,0,0,4,3
15 - Κοζάνης,Ετερ. Κοζάνης (από Εφετείο Πειραιώς),66,43,1,0,1,42,17,5,3,4,3,3,5,3,12,6,2,3,4,4,0,0,1,1,0,0,0,0,3,0,0,0,1,0,2,1,1,1,0,0,0,0,0,0,0,0,0,0,0,0,0,0,0,0,0,0,0,0,0,0,0,0,0,3,1,0,0,1,1,2,0,0,0,0,0,0,0,0,3,0,1,1,0,0,0,0,0,0,0,0,2,1
Σύνολο,,162891,92946,1129,701,1830,91116,28605,8186,4280,5273,7247,4992,5033,2949,35891,6483,7807,12403,12898,9426,3147,3210,2310,591,686,551,431,272,9387,962,646,2300,597,4979,1007,2242,4225,727,632,506,959,720,762,1217,1305,419,119,69,236,233,27,3,315,74,100,106,374,159,142,82,226,38,10,3649,762,543,551,764,476,876,141,41,41,39,30,11,183,81,2701,808,356,459,308,417,673,218,97,69,60,193,1262,600
