ΠΕΡΙΦΕΡΕΙΑ,ΕΚΛΟΓΙΚΟ ΤΜΗΜΑ,ΕΓΓΕΓΡΑΜΜΕΝΟΙ,ΨΗΦΙΣΑΝΤΕΣ,ΑΚΥΡΑ,ΛΕΥΚΑ,ΑΚΥΡΑ & ΛΕΥΚΑ,ΕΓΚΥΡΑ,ΣΥΡΙΖΑ,ΚΡΗΤΙΔΟΥ ΣΟΦΙΑ του Δημητρίου,ΠΑΠΑΔΟΠΟΥΛΟΣ ΓΕΩΡΓΙΟΣ του Σωτηρίου,ΣΕΜΕΡΤΖΙΔΟΥ ΑΝΝΑ του Σάββα,ΣΗΦΑΚΗΣ ΙΩΑΝΝΗΣ του Γεωργίου,ΤΖΑΚΡΗ ΘΕΟΔΩΡΑ του Εμμανουήλ,ΤΡΙΑΝΤΑΦΥΛΛΙΔΗΣ ΖΗΣΗΣ του Αθανασίου,Νέα Δημοκρατία,ΒΑΣΙΛΕΙΑΔΗΣ ΒΑΣΙΛΕΙΟΣ (ΛΑΚΗΣ) του Νικολάου,ΖΩΓΡΑΦΟΥ - ΤΣΑΝΤΑΚΗ ΜΑΡΙΑ του Γεωργίου,ΚΑΡΑΣΜΑΝΗΣ ΓΕΩΡΓΙΟΣ του Αθανασίου,ΠΟΖΙΔΟΥ ΝΙΚΟΛΕΤΤΑ του Οδυσσέα,ΣΤΑΜΕΝΙΤΗΣ ΔΙΟΝΥΣΙΟΣ του Ευαγγέλου,ΦΟΥΝΤΟΥΚΙΔΗΣ ΕΥΣΤΑΘΙΟΣ του Αχιλλέα,Λαϊκός Σύνδεσμος - Χρυσή Αυγή,ΚΑΤΣΑΡΑ-ΧΡΗΣΤΟΥ ΕΙΡΗΝΗ του Νικολάου,ΚΟΥΡΤΙΔΗΣ ΘΩΜΑΣ του Χαραλάμπους,ΣΑΧΙΝΙΔΗΣ ΙΩΑΝΝΗΣ του Ισαάκ,ΤΑΠΚΟΥ ΕΥΑΓΓΕΛΙΑ του Κωνσταντίνου,Κίνημα Αλλαγής,ΑΛΕΞΑΝΔΡΙΔΟΥ ΡΑΧΗΛ του Νικολάου,ΖΑΡΟΓΟΥΛΙΔΗΣ ΠΑΝΑΓΙΩΤΗΣ του Αριστοτέλη,ΜΑΚΡΙΔΟΥ ΑΓΑΘΗ του Βασιλείου,ΜΠΟΓΔΑΝΗΣ ΜΙΧΑΗΛ του Γεωργίου,ΠΑΠΑΔΑΚΗ ΚΥΡΙΑΚΗ (ΚΙΚΗ) του Γεωργίου,ΠΑΠΑΝΙΚΟΛΑΟΥ ΝΙΚΟΛΑΟΣ του Ιωάννη,Κ.Κ.Ε.,ΔΡΟΣΟΓΛΟΥ ΣΤΑΥΡΟΣ του Νικολάου,ΜΠΟΥΦΚΑΣ ΙΩΑΝΝΗΣ του Δημητρίου,ΠΑΠΑΔΟΠΟΥΛΟΥ ΟΛΥΜΠΙΑ του Νικολάου,ΣΟΥΜΕΛΙΔΗΣ ΙΩΑΝΝΗΣ του Δημητρίου,ΤΣΙΤΣΑΓΚΑΣ ΧΑΡΑΛΑΜΠΟΣ του Ιωακείμ,ΧΑΤΖΗΒΑΣΙΛΕΙΑΔΟΥ ΑΙΚΑΤΕΡΙΝΗ του Γεωργίου,Ένωση Κεντρώων,ΑΝΑΣΤΑΣΙΟΥ ΣΤΑΥΡΟΣ του Ιωάννη,ΔΗΜΟΠΟΥΛΟΥ ΑΓΓΕΛΙΚΗ του Χαραλάμπους,ΔΟΥΛΚΕΡΙΔΗΣ ΔΗΜΗΤΡΙΟΣ του Χρήστου,ΚΑΤΣΑΝΟΥ ΕΛΕΥΘΕΡΙΑ του Χαρίλαου,ΠΟΥΣΙΝΗΣ ΣΤΑΥΡΟΣ του Πέτρου,Ο.Κ.Δ.Ε.,ΓΑΤΣΟΥ ΙΟΡΔΑΝΑ του Ευάγγελου,ΑΝΤ.ΑΡ.ΣΥ.Α.,ΚΕΡΑΤΙΔΗΣ ΙΩΑΝΝΗΣ του Γεωργίου,ΛΟΥΣΙΩΤΗΣ ΝΙΚΟΛΑΟΣ του Πέτρου,ΜΠΑΚΑΛΑΚΗ ΟΛΓΑ του Κωνσταντίνου,Ελλήνων Συνέλευσις,ΔΑΝΑΣ ΑΡΓΥΡΙΟΣ του Σταύρου,ΔΙΠΛΑΡΙΔΟΥ ΕΙΡΗΝΗ του Χαραλάμπους,ΔΙΣΚΟΥ ΠΑΡΑΣΚΕΥΗ του Παύλου,ΜΑΤΖΑΡΗΣ ΑΡΙΣΤΕΙΔΗΣ του Γεωργίου,ΟΡΜΑΝΗΣ ΑΘΑΝΑΣΙΟΣ του Κωνσταντίνου,ΦΑΝΤΙΔΗΣ ΦΩΤΙΟΣ του Χαράλαμπου,Ελληνική Λύση - Κ. Βελόπουλος,ΑΥΓΕΡΟΥ ΜΑΡΙΑΝΝΑ του Αθανασίου,ΔΕΛΛΙΟΣ ΓΡΗΓΟΡΙΟΣ του Αντωνίου,ΚΑΠΕΤΑΝΙΔΗΣ ΖΑΦΕΙΡΙΟΣ του Ιωάννη,ΚΟΥΚΟΥΛΗΣ ΓΕΩΡΓΙΟΣ του Ελευθερίου,ΤΡΙΚΑΛΙΩΤΗ ΑΙΚΑΤΕΡΙΝΗ του Αποστόλου,ΤΣΕΜΠΕΡΛΙΔΟΥ ΚΩΝΣΤΑΝΤΙΝΑ του Αναστασίου,Κ.Κ.Ε. (μ-λ),ΖΑΓΓΑΝΑΣ ΠΑΝΑΓΙΩΤΗΣ του Ταξιάρχη,ΚΟΤΑΝΙΔΟΥ ΜΑΡΙΑ του Δημητρίου ,ΠΑΠΑΔΟΠΟΥΛΟΣ ΓΕΩΡΓΙΟΣ του Δημητρίου,Μ-Λ Κ.Κ.Ε.,ΣΟΥΛΙΩΤΗ ΣΟΦΙΑ του Κωνσταντίνου,Ε.ΠΑ.Μ - Α.Κ.Κ.ΕΛ,ΕΥΘΥΜΙΑΔΗΣ ΠΑΝΑΓΙΩΤΗΣ του Χρήστου,ΚΟΚΚΙΝΟΜΑΓΟΥΛΟΥ ΜΑΡΙΑ του Ίον,Λαϊκή Ενότητα,ΚΡΗΤΙΔΗΣ ΚΩΝΣΤΑΝΤΙΝΟΣ του Δημητρίου,ΜΗΛΩΣΗ ΝΙΝΑ του Χρήστου,ΤΟΠΑΛΟΠΟΥΛΟΥ ΑΝΑΣΤΑΣΙΑ του Χρυσοβέργη,ΜέΡΑ25,ΔΟΥΡΔΟΥΜΠΑΚΗΣ ΓΕΩΡΓΙΟΣ του Ιωάννη,ΜΑΡΚΟΥΔΑ ΕΥΘΥΜΙΑ (ΕΦΗ) του Αθανασίου,ΜΑΥΡΙΔΟΥ ΚΥΡΙΑΚΗ (ΚΙΚΗ) του Κυριάκου,ΠΟΖΑΡΛΗΣ ΒΑΣΙΛΕΙΟΣ του Γεωργίου,ΤΟΥΣΙΑΣ ΛΕΩΝΙΔΑΣ του Αθανασίου,Δημιουργία ξανά - Θ. Τζήμερος,ΜΑΚΡΙΔΗΣ ΦΩΤΙΟΣ του Ευαγγέλου,ΜΑΤΣΑΚΙΔΟΥ ΑΝΘΙΑ του Βασιλείου -  Ελευθερίου,ΜΠΟΣΝΕΑ ΣΟΦΙΑ του Ιωάννη,ΧΑΪΔΟΠΟΥΛΟΣ ΓΕΩΡΓΙΟΣ του Παναγιώτη,ΣΥΝ...ΦΩΝΙΑ ΚΟΜΜΑΤΩΝ,ΡΕΝΤΖΟΥΛΑΣ ΑΝΔΡΕΑΣ του Γεωργίου ,Πλεύση Ελευθερίας - Ζωή Κωνστ.,ΤΣΟΠΑΝΟΓΛΟΥ ΕΥΣΤΡΑΤΙΟΣ του Ευθυμίου
11 - Πέλλας,1 E.T. Δήμου Αλμωπίας,546,348,10,3,13,335,77,1,10,3,52,24,4,150,28,28,51,11,63,28,8,2,0,6,1,35,4,1,3,30,4,4,7,0,0,1,0,0,0,12,0,0,0,0,0,0,0,1,0,0,0,2,0,0,0,0,0,0,23,4,10,0,7,5,1,0,0,0,0,0,0,4,0,0,0,0,0,0,11,3,3,3,1,1,2,0,0,0,0,0,0,3,0
11 - Πέλλας,2 E.T. Δήμου Αλμωπίας,536,329,8,0,8,321,91,3,6,5,57,36,4,133,26,22,64,14,46,27,17,5,2,7,4,32,11,1,2,28,1,4,3,1,0,0,0,0,0,6,0,0,0,0,0,0,0,0,0,0,0,1,0,0,0,0,0,0,21,4,13,3,8,1,0,1,0,0,0,0,0,1,0,0,0,0,0,0,5,0,1,3,0,0,4,0,0,0,0,0,0,6,0
11 - Πέλλας,3 E.T. Δήμου Αλμωπίας,539,305,4,0,4,301,79,5,9,5,42,32,2,121,22,21,59,2,58,15,18,6,4,8,3,48,12,2,3,43,1,5,2,0,0,1,0,0,2,1,0,0,0,0,0,1,0,0,0,0,0,5,0,0,0,0,0,0,11,2,1,2,3,1,0,0,0,0,0,0,0,2,0,0,0,0,0,0,4,0,0,1,0,0,2,0,0,0,0,0,0,7,0
11 - Πέλλας,4 E.T. Δήμου Αλμωπίας,544,341,6,3,9,332,96,10,10,11,52,39,6,142,20,41,62,10,61,22,9,3,2,3,1,36,13,1,3,26,2,2,3,3,0,0,0,1,2,2,0,0,0,0,0,0,0,2,0,0,0,3,0,0,0,0,0,0,20,3,8,0,7,3,1,1,0,0,0,0,0,0,0,0,0,0,0,0,12,3,5,3,2,0,3,0,0,0,0,0,0,3,0
11 - Πέλλας,5 E.T. Δήμου Αλμωπίας,531,318,7,2,9,309,90,13,8,4,55,32,4,113,24,11,44,15,49,15,7,1,3,5,1,51,9,2,2,45,4,5,6,4,0,0,0,0,4,11,0,2,0,2,1,0,0,2,0,0,1,0,0,0,0,0,0,0,19,6,4,2,4,1,3,0,0,0,0,0,0,1,0,0,0,0,0,0,4,1,0,1,1,0,1,1,1,0,0,0,0,4,0
11 - Πέλλας,6 E.T. Δήμου Αλμωπίας,530,311,5,1,6,305,72,7,6,4,41,19,3,134,28,27,51,7,52,17,11,4,3,7,5,35,5,2,2,29,4,0,6,3,0,2,1,1,3,3,0,0,0,0,0,0,0,2,0,0,0,3,0,0,0,0,0,0,21,3,11,0,9,1,2,0,0,0,0,0,0,1,0,0,0,0,0,0,5,1,2,1,0,1,4,0,0,0,0,0,0,8,0
11 - Πέλλας,7 E.T. Δήμου Αλμωπίας,530,321,4,1,5,316,83,6,3,2,48,30,2,125,19,23,44,6,50,25,13,4,7,8,0,44,4,6,2,36,12,7,8,3,0,2,0,1,3,10,0,0,0,0,0,0,0,2,0,0,0,0,0,0,0,0,0,0,13,2,4,3,3,2,0,0,0,0,0,0,0,0,0,0,0,0,0,0,9,5,2,3,1,0,4,0,0,0,0,0,0,5,0
11 - Πέλλας,8 E.T. Δήμου Αλμωπίας,531,309,4,2,6,303,85,5,7,2,47,27,3,137,11,32,65,13,49,22,5,0,0,1,1,33,4,2,2,28,2,3,8,6,0,0,0,0,4,4,1,0,0,0,0,0,0,1,0,1,1,1,1,0,1,0,0,0,13,3,4,1,0,3,0,0,0,0,0,0,0,2,2,2,0,0,0,0,11,4,2,1,3,1,2,0,0,0,0,0,0,1,0
11 - Πέλλας,9 E.T. Δήμου Αλμωπίας,506,315,2,2,4,311,85,9,3,5,51,43,4,104,11,12,37,12,52,21,23,5,2,13,5,39,10,1,5,2,6,3,11,0,0,2,0,0,3,5,1,1,1,0,1,0,0,1,1,0,1,1,0,0,1,0,1,0,26,7,9,1,5,0,6,0,0,0,0,0,0,2,1,1,0,0,0,0,7,0,1,3,0,0,4,1,2,1,0,0,0,3,3
11 - Πέλλας,10 E.T. Δήμου Αλμωπίας,299,158,1,1,2,156,37,3,1,15,20,19,2,61,7,3,34,8,28,13,7,1,1,4,0,26,11,0,3,20,8,5,3,0,0,0,2,0,1,0,0,0,0,0,0,0,0,0,0,0,0,1,0,0,0,0,0,0,14,4,3,4,0,0,3,0,0,0,0,1,0,1,0,0,1,0,0,0,3,0,0,1,0,0,0,0,0,0,0,0,0,1,0
11 - Πέλλας,11 E.T. Δήμου Αλμωπίας,324,172,2,0,2,170,33,3,2,1,17,16,1,80,22,5,50,6,24,24,6,0,0,3,1,22,4,0,0,20,4,10,2,0,0,2,0,0,1,4,1,1,0,1,1,0,0,0,0,0,0,0,0,0,0,0,0,0,12,1,3,1,3,3,4,0,0,0,0,0,0,2,0,0,0,0,0,0,1,1,0,0,0,1,0,0,0,0,0,0,0,8,6
11 - Πέλλας,12 E.T. Δήμου Αλμωπίας,549,270,5,0,5,265,55,5,4,4,24,24,5,105,28,10,54,13,25,27,19,2,5,10,4,43,10,2,6,25,29,0,9,6,0,2,0,2,4,3,0,0,0,0,0,0,0,0,0,0,0,0,0,0,0,0,0,0,19,4,1,4,3,2,7,0,0,0,0,0,0,2,0,0,0,0,0,0,4,0,1,2,1,0,1,0,0,0,0,0,0,5,0
11 - Πέλλας,13 E.T. Δήμου Αλμωπίας,538,286,1,3,4,282,60,9,14,8,30,19,2,130,40,7,43,22,63,40,21,2,3,14,0,32,6,0,1,19,19,1,8,5,0,0,0,0,3,5,0,0,0,0,0,0,0,0,0,0,0,0,0,0,0,0,0,0,15,6,7,3,1,1,4,0,0,0,0,0,0,0,0,0,0,0,0,0,3,1,1,1,0,1,2,0,0,0,0,0,0,6,0
11 - Πέλλας,14 E.T. Δήμου Αλμωπίας,551,283,2,5,7,276,56,8,2,8,26,24,2,136,25,9,49,17,61,39,15,0,1,9,8,39,7,2,3,26,22,3,7,1,0,0,2,1,0,2,0,0,0,0,0,0,0,0,0,0,0,0,0,0,0,0,0,0,13,3,3,4,3,1,3,0,0,0,0,0,0,1,0,0,0,0,0,0,3,0,1,1,0,0,1,0,0,0,0,0,0,3,0
11 - Πέλλας,15 E.T. Δήμου Αλμωπίας,436,254,2,5,7,247,74,4,9,2,46,32,2,103,8,11,36,0,49,31,12,3,5,3,4,16,5,2,2,8,3,1,4,1,0,1,0,0,0,6,0,0,0,0,0,0,0,1,0,0,0,1,0,0,0,0,0,0,14,1,3,1,3,3,1,0,0,0,0,0,0,1,0,0,0,0,0,0,9,9,2,3,1,1,3,0,0,0,0,0,0,3,0
11 - Πέλλας,16 E.T. Δήμου Αλμωπίας,506,312,0,4,4,308,63,5,2,1,24,32,6,184,17,24,72,5,88,51,7,0,2,3,0,8,0,0,0,5,1,0,5,1,1,0,0,0,0,3,0,0,0,0,0,1,0,0,0,0,0,1,0,0,0,0,0,0,22,7,6,0,8,1,1,0,0,0,0,0,0,4,2,2,0,0,0,0,5,2,0,1,2,1,0,0,0,0,0,0,0,5,2
11 - Πέλλας,17 E.T. Δήμου Αλμωπίας,532,297,7,1,8,289,75,2,16,4,49,13,6,152,53,21,53,23,59,18,18,1,2,5,1,18,9,0,0,10,1,1,1,1,0,0,0,0,0,4,0,0,0,0,0,0,0,1,0,0,0,2,0,0,0,0,0,0,12,2,2,0,3,0,1,0,0,0,0,0,0,1,0,0,1,0,0,0,2,0,0,0,0,0,0,0,0,0,0,0,0,2,0
11 - Πέλλας,18 E.T. Δήμου Αλμωπίας,398,303,9,2,11,292,50,1,0,5,20,28,0,181,20,26,44,8,73,68,5,1,1,2,1,24,20,1,5,1,1,0,1,0,0,0,0,0,0,2,0,0,0,0,0,0,0,0,0,0,0,3,0,0,0,0,0,0,14,4,3,0,4,0,1,0,0,0,0,0,0,2,0,0,0,0,0,0,7,2,2,2,0,1,0,0,0,0,0,0,0,3,0
11 - Πέλλας,19 E.T. Δήμου Αλμωπίας,300,192,4,4,8,184,38,0,3,3,20,20,0,93,8,21,28,6,34,37,4,2,0,3,0,13,10,1,5,4,0,0,1,0,0,0,0,0,0,1,0,0,0,0,0,0,0,0,0,0,0,7,6,0,0,0,4,1,17,2,4,3,2,4,1,0,0,0,0,0,0,1,1,1,0,0,0,0,4,0,0,0,0,0,2,0,0,0,1,0,0,3,2
11 - Πέλλας,20 E.T. Δήμου Αλμωπίας,355,187,1,5,6,181,62,9,4,0,37,28,2,38,4,4,16,1,20,9,5,0,0,0,0,34,9,0,4,24,2,2,13,5,0,1,0,0,6,0,0,0,0,0,0,0,0,1,0,0,0,0,0,0,0,0,0,0,7,2,2,0,2,2,0,1,0,0,0,1,0,2,0,0,0,0,0,0,11,6,3,2,4,0,6,0,0,0,0,0,0,0,0
11 - Πέλλας,21 E.T. Δήμου Αλμωπίας,448,254,1,2,3,251,94,9,5,6,51,38,8,73,19,13,26,2,34,20,6,3,0,3,1,39,7,0,2,36,8,6,11,7,0,0,1,0,7,0,0,0,0,0,0,0,0,0,0,0,0,2,0,0,0,0,0,0,13,3,6,1,3,2,1,1,0,0,0,0,0,1,0,0,0,0,0,0,3,1,0,1,1,2,3,0,0,0,0,0,0,5,0
11 - Πέλλας,22 E.T. Δήμου Αλμωπίας,352,242,2,1,3,239,71,1,0,3,16,49,0,102,10,9,50,1,43,30,13,3,3,3,2,20,4,0,6,11,3,0,0,0,0,0,0,0,0,0,0,0,0,0,0,1,0,0,0,0,0,2,0,0,0,0,0,0,15,5,3,0,3,1,0,0,0,0,0,0,0,0,0,0,0,0,0,0,11,2,0,0,6,2,0,0,0,0,0,0,0,4,0
11 - Πέλλας,23 E.T. Δήμου Αλμωπίας,355,256,7,7,14,242,73,3,6,3,32,51,1,105,14,15,36,2,46,27,10,4,1,4,2,23,10,0,8,10,7,2,2,0,0,0,0,0,0,0,0,0,0,0,0,0,0,1,0,0,0,3,0,0,0,0,0,0,13,3,5,2,1,0,2,1,0,0,0,0,0,1,0,0,0,0,0,0,5,1,0,0,0,0,1,0,0,0,0,0,0,4,0
11 - Πέλλας,24 E.T. Δήμου Αλμωπίας,443,298,3,5,8,290,90,3,1,2,34,69,1,99,3,11,49,1,36,21,10,2,2,5,0,35,4,0,11,27,14,0,0,0,0,0,0,0,0,3,0,0,0,0,0,1,0,3,0,0,0,4,0,0,0,0,0,0,37,10,10,2,7,4,5,0,0,0,0,0,0,1,0,0,0,0,0,0,5,1,0,0,0,0,0,0,0,0,0,0,0,2,0
11 - Πέλλας,25 E.T. Δήμου Αλμωπίας,496,287,4,3,7,280,84,2,2,3,52,53,1,120,13,27,34,8,45,32,9,1,1,1,2,22,13,1,2,11,2,3,4,1,2,0,0,2,0,3,0,0,0,0,0,0,0,1,0,0,0,1,0,0,0,0,0,0,23,3,8,1,8,3,2,0,0,0,0,0,0,0,0,0,0,0,0,0,10,1,2,1,4,0,2,0,0,0,0,0,0,1,0
11 - Πέλλας,26 E.T. Δήμου Αλμωπίας,300,179,7,3,10,169,41,3,1,1,27,22,2,80,12,5,44,4,36,21,12,4,3,8,1,14,7,0,4,7,2,0,2,2,0,0,0,0,2,2,0,0,0,0,0,0,0,0,0,0,0,2,0,0,0,0,0,0,10,4,2,0,1,0,1,0,0,0,0,0,0,0,0,0,0,0,0,0,2,0,0,0,0,0,2,0,0,0,0,0,0,2,0
11 - Πέλλας,27 E.T. Δήμου Αλμωπίας,391,233,0,0,0,233,62,7,3,9,39,24,1,94,27,15,49,6,36,9,17,7,6,13,4,32,16,1,0,21,1,9,6,3,0,2,0,1,4,3,0,0,0,0,2,0,0,0,0,0,0,1,0,0,0,1,0,1,9,4,2,1,1,1,2,0,0,0,0,0,0,2,2,2,0,0,0,0,7,2,1,1,1,2,0,0,0,0,0,0,0,0,0
11 - Πέλλας,28 E.T. Δήμου Αλμωπίας,461,288,11,0,11,277,64,6,10,6,39,25,2,85,30,10,48,3,28,11,13,4,3,12,3,49,19,1,10,37,7,2,16,9,2,2,1,0,6,5,0,0,0,0,0,0,0,2,0,0,0,0,0,0,0,0,0,0,28,4,5,4,9,2,3,1,0,0,0,0,0,0,0,0,0,0,0,0,6,1,4,3,3,0,1,0,0,0,0,0,0,7,0
11 - Πέλλας,29 E.T. Δήμου Αλμωπίας,483,285,1,2,3,282,80,6,12,6,37,40,5,92,16,14,50,6,26,15,15,2,2,7,2,54,17,0,1,40,8,1,5,2,0,1,0,0,1,4,0,0,0,0,0,0,0,1,0,0,0,0,0,0,0,0,0,0,12,3,2,0,3,0,2,1,0,0,0,0,0,5,0,0,0,0,0,0,7,2,1,1,1,1,0,0,0,0,0,0,0,6,0
11 - Πέλλας,30 E.T. Δήμου Αλμωπίας,273,197,0,3,3,194,60,2,11,3,13,44,0,88,4,3,66,7,20,10,13,2,2,10,1,10,0,1,1,2,5,0,5,1,0,0,0,0,0,4,0,0,0,0,0,0,0,1,0,0,0,0,0,0,0,0,0,0,6,1,2,0,1,1,1,0,0,0,0,0,0,1,0,0,0,0,0,0,4,4,1,0,2,0,2,0,0,0,0,0,0,0,0
11 - Πέλλας,31 E.T. Δήμου Αλμωπίας,373,261,3,3,6,255,60,5,3,1,14,49,1,128,10,4,84,6,39,25,15,3,3,7,2,21,5,0,3,11,10,1,8,3,1,1,0,0,2,4,0,0,0,0,0,0,0,2,1,1,0,0,0,0,0,0,0,0,4,0,2,0,1,0,0,0,0,0,0,0,0,1,0,0,1,0,0,0,4,0,0,1,0,1,3,0,0,1,0,0,0,4,3
11 - Πέλλας,32 E.T. Δήμου Αλμωπίας,297,186,5,0,5,181,54,7,3,6,29,24,2,70,5,8,24,10,23,13,7,1,2,1,0,17,6,1,0,15,2,0,4,2,0,0,2,0,3,3,0,0,0,0,0,0,0,0,0,0,0,2,0,0,0,0,0,0,12,5,9,0,3,0,1,0,0,0,0,0,0,2,0,0,1,0,0,0,2,1,1,1,1,0,1,0,0,0,0,0,0,6,0
11 - Πέλλας,33 E.T. Δήμου Αλμωπίας,354,212,3,4,7,205,75,5,7,7,40,38,1,68,12,2,45,1,17,18,8,1,3,4,1,19,8,1,0,13,3,2,9,3,0,3,1,0,4,5,0,0,0,0,0,0,0,0,0,0,0,0,0,0,0,0,0,0,13,5,4,0,3,1,3,0,0,0,0,0,0,0,0,0,0,0,0,0,3,0,0,0,0,0,0,0,0,0,0,0,0,5,0
11 - Πέλλας,34 E.T. Δήμου Αλμωπίας,407,238,4,1,5,233,60,3,7,13,24,23,1,110,13,8,76,6,38,33,10,4,1,5,2,16,3,0,3,8,3,0,3,1,0,2,1,1,0,0,0,0,0,0,0,0,0,1,0,0,0,3,0,0,0,0,0,0,18,1,7,3,1,3,0,1,0,0,0,0,0,7,0,0,0,0,0,0,3,0,0,0,0,0,0,0,0,0,0,0,0,1,0
11 - Πέλλας,35 E.T. Δήμου Αλμωπίας,431,228,2,2,4,224,53,5,2,2,20,27,3,92,13,5,43,4,36,23,7,2,1,3,4,30,7,0,2,16,2,1,3,1,1,1,0,0,1,1,0,1,0,0,0,0,0,0,0,0,0,5,4,1,1,0,1,0,15,2,3,1,0,1,2,0,0,0,0,0,0,5,0,0,1,0,0,0,1,0,1,1,0,0,4,1,0,1,1,0,0,7,1
11 - Πέλλας,36 E.T. Δήμου Αλμωπίας,404,245,1,2,3,242,41,5,3,6,14,12,6,129,13,20,75,8,46,18,12,1,3,2,1,17,1,0,0,12,8,1,4,1,0,0,0,0,0,5,0,0,0,0,0,0,0,0,0,0,0,4,0,0,0,0,0,0,15,4,4,1,5,1,0,1,0,1,1,0,0,5,0,0,1,0,0,0,4,0,1,2,1,0,1,0,0,0,0,0,0,3,0
11 - Πέλλας,37 E.T. Δήμου Αλμωπίας,467,319,4,2,6,313,29,2,2,6,15,14,1,231,33,30,76,34,100,56,6,2,0,0,2,7,3,0,1,3,1,0,3,0,0,0,0,1,0,2,0,0,0,0,0,0,0,0,0,0,0,7,5,0,0,0,5,0,22,2,7,0,12,1,1,0,0,0,0,0,0,1,0,0,0,0,0,0,1,0,0,0,0,0,2,1,0,0,0,0,0,2,2
11 - Πέλλας,38 E.T. Δήμου Αλμωπίας,451,305,7,1,8,297,34,3,1,5,11,17,0,210,34,18,65,22,75,61,17,1,1,5,3,8,2,1,1,5,3,0,1,0,0,0,0,0,0,1,0,0,0,0,0,0,0,0,0,0,0,0,0,0,0,0,0,0,18,5,7,0,5,1,1,0,0,0,0,0,0,0,0,0,0,0,0,0,5,1,0,0,0,0,2,0,0,1,1,0,0,1,1
11 - Πέλλας,39 E.T. Δήμου Αλμωπίας,455,313,3,6,9,304,37,1,0,1,9,23,1,195,39,23,67,31,86,34,8,1,0,1,1,13,4,2,4,5,3,2,0,0,0,0,0,0,0,5,0,0,0,0,0,0,0,1,0,0,0,2,0,0,0,0,0,0,26,0,5,1,10,2,2,0,0,0,0,1,0,1,0,0,0,0,0,0,10,1,2,0,2,0,1,0,0,0,0,0,0,4,0
11 - Πέλλας,40 E.T. Δήμου Αλμωπίας,481,333,3,2,5,328,44,0,2,6,13,23,3,204,26,22,56,19,76,69,9,2,0,2,1,16,6,0,0,7,3,0,1,0,0,1,0,0,0,2,0,0,0,0,0,0,0,0,0,0,0,5,0,0,0,0,0,0,27,4,0,1,10,0,2,0,0,0,0,1,0,1,0,0,0,0,0,0,9,0,2,1,1,2,1,0,0,0,0,0,0,8,0
11 - Πέλλας,41 E.T. Δήμου Αλμωπίας,500,334,0,1,1,333,150,6,11,8,48,108,3,125,15,17,80,1,20,29,12,3,2,3,4,23,6,4,2,7,11,2,3,1,0,0,0,0,1,1,0,0,0,1,0,0,0,0,0,0,0,0,0,0,0,0,0,0,9,2,3,0,1,0,2,0,0,0,0,0,0,2,2,2,1,0,0,0,6,4,0,0,2,1,0,0,0,0,0,0,0,1,0
11 - Πέλλας,42 E.T. Δήμου Αλμωπίας,421,260,7,4,11,249,74,3,6,2,31,44,2,112,20,17,32,4,62,17,6,1,0,1,2,27,14,0,1,21,2,0,2,0,0,0,0,0,0,3,0,0,0,0,0,0,0,0,0,0,0,5,0,0,0,0,0,0,10,0,2,0,0,0,0,0,0,0,0,0,0,0,0,0,1,0,0,0,3,0,0,0,1,0,1,0,0,0,0,0,0,5,0
11 - Πέλλας,43 E.T. Δήμου Αλμωπίας,453,320,2,5,7,313,107,5,10,8,54,61,2,109,29,19,33,3,60,18,8,3,2,2,4,41,21,0,1,8,4,1,4,2,0,1,0,0,1,5,0,0,1,0,1,1,1,1,0,0,0,3,3,1,1,0,1,0,18,5,5,1,4,3,2,0,0,0,0,0,0,3,2,2,1,0,0,0,5,1,0,0,0,1,1,0,0,0,0,0,0,6,3
11 - Πέλλας,44 E.T. Δήμου Αλμωπίας,400,258,0,0,0,258,91,2,15,5,49,60,2,93,17,21,28,5,51,21,4,0,1,3,1,37,14,1,4,29,7,0,4,0,0,0,1,0,1,4,0,0,0,0,0,0,0,0,0,0,0,1,0,0,0,0,0,0,12,1,5,2,2,4,1,0,0,0,0,0,0,1,0,0,0,0,0,0,4,1,0,1,0,0,1,0,0,0,0,0,0,6,0
11 - Πέλλας,45 E.T. Δήμου Αλμωπίας,389,223,4,1,5,218,66,2,7,13,24,31,16,74,14,11,32,4,19,15,7,0,1,3,1,34,10,0,6,21,3,1,4,0,0,1,0,0,1,3,0,0,0,0,0,0,0,0,0,0,0,5,0,0,0,0,0,0,8,3,0,1,2,0,2,0,0,0,0,0,0,0,0,0,1,0,0,0,12,3,5,6,0,0,1,0,0,0,0,0,0,3,0
11 - Πέλλας,46 E.T. Δήμου Αλμωπίας,388,246,3,2,5,241,68,2,3,7,33,36,7,89,10,10,53,4,41,15,8,3,3,4,2,26,7,4,0,20,2,1,6,2,0,1,0,0,2,3,0,0,0,0,0,0,0,0,0,0,0,6,0,0,0,0,0,0,18,2,6,1,3,2,1,0,0,0,0,0,0,0,0,0,7,0,0,0,4,2,3,2,0,1,0,0,0,0,0,0,0,6,0
11 - Πέλλας,47 E.T. Δήμου Αλμωπίας,404,270,0,3,3,267,79,10,9,12,37,32,7,102,19,9,54,4,29,22,6,0,2,5,1,26,5,0,3,20,2,1,6,5,0,1,0,0,2,1,0,0,0,0,0,1,0,0,0,0,0,1,0,0,0,0,0,0,29,7,7,3,4,5,3,1,0,0,0,0,0,2,0,0,1,0,0,0,6,1,3,3,1,0,5,0,0,0,0,0,0,1,0
11 - Πέλλας,48 E.T. Δήμου Αλμωπίας,465,274,8,3,11,263,79,8,7,8,41,36,3,103,11,13,77,3,38,20,4,2,1,1,2,41,6,4,2,29,16,2,2,0,0,1,0,0,0,0,0,0,0,0,0,0,0,1,0,0,1,2,2,0,1,1,0,0,9,4,2,0,4,3,1,0,0,0,0,0,0,1,0,0,0,0,0,0,16,5,5,3,3,1,0,0,0,0,0,0,0,5,1
11 - Πέλλας,49 E.T. Δήμου Αλμωπίας,430,233,1,1,2,231,60,1,5,3,36,22,2,86,10,9,59,2,32,8,8,5,1,5,1,46,10,0,2,30,12,0,2,1,0,1,0,0,0,3,0,2,0,0,0,0,0,0,0,0,0,0,0,0,0,0,0,0,15,2,3,1,6,0,0,0,0,0,0,0,0,1,0,0,0,0,0,0,5,2,1,0,0,0,2,2,0,0,2,0,0,3,3
11 - Πέλλας,50 E.T. Δήμου Αλμωπίας,409,222,0,3,3,219,72,12,12,9,36,29,5,84,8,8,53,5,33,7,6,2,2,3,2,11,2,1,3,8,1,1,18,8,1,0,1,0,8,3,0,0,0,0,0,0,0,0,0,0,0,1,0,0,0,0,0,0,14,1,3,2,5,2,1,0,0,0,0,0,0,1,0,0,1,0,0,0,3,1,2,1,0,0,3,0,0,0,0,0,0,2,0
11 - Πέλλας,51 E.T. Δήμου Αλμωπίας,434,210,1,4,5,205,54,6,6,1,27,24,1,96,28,11,62,3,34,7,6,1,2,2,3,10,3,0,2,8,1,0,9,6,1,1,0,0,6,1,0,0,0,0,0,0,0,0,0,0,0,1,0,0,0,0,0,0,9,3,5,1,1,0,5,0,0,0,0,0,0,1,0,0,0,0,0,0,10,1,0,1,0,0,4,0,0,0,0,0,0,4,0
11 - Πέλλας,52 E.T. Δήμου Αλμωπίας,494,254,3,1,4,250,64,2,5,4,29,24,4,128,36,9,73,8,35,18,8,1,4,7,1,11,4,0,2,6,3,0,13,9,0,4,0,0,5,3,0,0,0,0,0,0,0,0,0,0,0,1,0,0,0,0,0,0,13,3,1,1,2,1,1,1,0,0,0,0,0,0,0,0,0,0,0,0,4,1,1,0,0,0,0,0,0,0,0,0,0,4,0
11 - Πέλλας,53 E.T. Δήμου Αλμωπίας,415,219,1,0,1,218,67,6,2,7,30,27,7,85,20,8,36,5,40,10,9,4,0,3,2,19,8,0,2,17,0,0,17,9,0,1,1,0,7,4,1,3,0,0,2,0,0,0,0,0,0,0,0,0,0,0,0,0,9,2,1,0,3,1,0,0,0,0,0,0,0,2,0,2,0,0,0,0,4,1,1,1,0,0,0,0,0,0,0,0,0,2,2
11 - Πέλλας,54 E.T. Δήμου Αλμωπίας,399,266,2,1,3,263,72,2,17,6,15,34,1,130,24,32,50,8,55,32,2,0,0,0,0,31,18,0,3,13,7,1,2,1,0,0,1,0,0,2,0,0,0,0,0,0,0,1,0,0,0,8,0,0,0,0,0,0,7,1,1,0,3,0,0,0,0,0,0,0,0,1,0,0,0,0,0,0,4,0,0,1,1,1,1,0,0,0,0,0,0,2,0
11 - Πέλλας,55 E.T. Δήμου Αλμωπίας,461,317,1,1,2,315,88,3,33,1,25,64,0,144,21,19,40,22,63,30,10,2,0,4,1,41,16,3,3,23,5,13,2,2,0,0,0,0,0,1,0,0,0,0,0,1,1,0,0,0,0,2,2,0,0,0,2,0,17,4,2,2,5,1,0,0,0,0,0,0,0,2,2,1,1,0,0,0,4,1,0,1,1,3,1,0,0,0,0,0,0,1,1
11 - Πέλλας,56 E.T. Δήμου Αλμωπίας,267,99,0,0,0,99,14,1,2,0,2,7,2,60,17,12,25,2,33,11,4,0,0,2,0,6,2,0,2,4,0,1,1,0,0,0,0,0,0,1,0,0,0,0,0,0,0,0,0,0,0,0,0,0,0,0,0,0,8,2,1,1,0,1,0,0,0,0,0,0,0,0,0,0,0,0,0,0,1,0,0,0,0,1,1,0,0,0,0,0,0,3,0
11 - Πέλλας,57 E.T. Δήμου Αλμωπίας,369,182,6,2,8,174,15,4,1,3,3,5,1,92,55,14,43,2,26,9,10,3,2,4,0,25,10,0,4,9,6,7,2,1,0,0,0,0,0,7,1,1,2,0,0,0,0,1,0,0,0,0,0,0,0,0,0,0,13,3,1,3,1,1,4,1,0,0,0,0,0,0,0,0,0,0,0,0,3,0,1,1,1,1,0,0,0,0,0,0,0,5,3
11 - Πέλλας,58 E.T. Δήμου Αλμωπίας,327,210,2,1,3,207,45,1,2,2,20,22,1,110,18,19,70,2,41,14,7,1,1,1,3,12,4,0,1,6,2,0,6,3,0,3,0,2,0,0,0,0,0,0,0,0,0,0,0,0,0,3,0,0,0,0,0,0,15,4,5,1,4,3,0,0,0,0,0,0,0,0,0,0,1,0,0,0,1,0,0,0,0,0,2,0,0,0,0,0,0,5,0
11 - Πέλλας,59 E.T. Δήμου Αλμωπίας,400,247,1,1,2,245,52,4,7,3,21,18,3,131,27,9,96,10,50,12,10,2,4,3,1,23,6,0,4,12,7,2,5,2,0,0,0,0,3,2,0,0,0,0,0,0,0,0,0,0,0,0,0,0,0,0,0,0,12,2,3,0,2,1,0,0,0,0,0,0,0,1,0,0,1,0,0,0,3,0,0,0,0,0,1,0,0,0,0,0,0,4,0
11 - Πέλλας,60 E.T. Δήμου Αλμωπίας,459,243,2,1,3,240,62,5,7,2,27,27,3,105,18,13,46,12,47,14,16,4,4,9,3,17,12,1,5,3,2,0,8,0,0,1,1,0,2,2,0,0,0,0,0,0,0,0,0,0,0,1,0,0,0,0,0,0,20,3,3,5,5,1,6,0,0,0,0,0,0,0,0,0,0,0,0,0,6,0,1,2,0,1,0,0,0,0,0,0,0,3,0
11 - Πέλλας,61 E.T. Δήμου Αλμωπίας,562,288,6,0,6,282,69,2,2,12,27,27,0,122,25,12,55,23,47,16,6,0,2,2,0,33,20,2,2,14,3,5,6,3,0,1,0,0,3,5,3,1,2,1,0,0,0,1,0,0,1,2,2,0,0,0,0,0,22,5,6,5,5,1,2,1,0,0,0,0,0,1,0,0,0,0,0,0,5,1,0,3,0,0,2,1,0,0,0,0,0,7,3
11 - Πέλλας,62 E.T. Δήμου Αλμωπίας,338,203,1,2,3,200,38,0,4,4,20,15,4,100,24,22,53,16,24,15,7,3,0,0,0,20,11,2,2,11,1,2,9,2,0,0,1,0,2,2,0,0,0,0,0,0,0,0,0,0,0,0,0,0,0,0,0,0,12,2,3,2,2,2,3,0,0,0,0,0,0,1,0,0,0,0,0,0,4,1,1,1,0,1,2,0,0,0,0,0,0,5,0
11 - Πέλλας,63 E.T. Δήμου Αλμωπίας,426,223,4,1,5,218,55,6,0,1,29,22,2,81,12,4,43,6,37,8,4,1,2,1,0,44,2,0,0,42,2,1,3,1,0,0,0,0,0,5,0,0,0,0,0,0,0,1,0,0,0,0,0,0,0,0,0,0,13,1,7,2,0,2,0,1,0,0,0,0,0,1,0,0,1,0,0,0,4,2,1,0,1,1,1,0,0,0,0,0,0,4,0
11 - Πέλλας,64 E.T. Δήμου Αλμωπίας,253,147,4,0,4,143,44,1,2,0,11,3,6,54,11,7,19,6,25,2,6,0,0,6,1,11,4,0,1,6,1,0,5,3,0,2,0,0,0,1,0,0,0,0,0,0,0,0,0,0,0,3,0,0,0,0,0,0,14,1,1,4,0,0,3,0,0,0,0,0,0,0,0,0,2,0,0,0,0,0,0,0,0,0,0,0,0,0,0,0,0,3,0
11 - Πέλλας,65 E.T. Δήμου Αλμωπίας,324,206,2,0,2,204,48,3,2,3,19,20,3,78,10,7,29,8,38,6,17,0,0,0,0,24,12,0,0,18,2,1,6,0,0,0,1,0,0,3,0,0,0,0,0,0,0,0,0,0,0,1,0,0,0,0,0,0,16,1,2,3,0,1,3,0,0,0,0,0,0,0,0,0,0,0,0,0,4,1,0,0,1,0,2,0,0,0,0,0,0,5,0
11 - Πέλλας,66 E.T. Δήμου Αλμωπίας,322,162,1,0,1,161,32,1,2,4,23,11,2,69,4,10,21,5,35,15,10,1,4,4,4,15,2,0,3,9,3,3,5,0,1,2,0,1,2,3,0,0,0,0,0,0,0,1,0,0,0,0,0,0,0,0,0,0,14,4,6,1,3,1,3,0,0,0,0,0,0,1,0,0,0,0,0,0,6,1,2,1,2,2,1,0,0,0,0,0,0,4,0
11 - Πέλλας,67 E.T. Δήμου Αλμωπίας,416,137,3,0,3,134,44,6,5,8,23,21,5,49,15,12,25,1,12,7,4,1,0,2,1,6,5,1,0,4,1,0,6,3,2,1,1,0,1,1,0,1,0,0,0,0,0,0,0,0,0,0,0,0,0,0,0,0,9,3,3,2,2,0,0,0,0,0,0,0,0,1,1,1,1,1,0,0,6,2,1,1,2,1,2,0,2,2,0,0,0,5,2
11 - Πέλλας,68 E.T. Δήμου Αλμωπίας,500,192,2,2,4,188,67,7,6,9,34,30,1,60,12,10,30,2,19,16,10,3,1,1,1,13,2,0,4,10,0,1,6,1,0,2,2,1,2,4,0,0,0,0,0,0,0,0,0,0,0,0,0,0,0,0,0,0,11,1,8,1,6,0,1,0,0,0,0,0,0,0,0,0,2,0,0,0,7,1,4,4,0,0,0,0,0,0,0,0,0,8,0
11 - Πέλλας,69 E.T. Δήμου Αλμωπίας,296,114,2,0,2,112,19,1,1,2,5,8,2,67,12,20,28,12,28,7,1,1,0,0,1,11,4,0,0,6,1,0,1,0,0,0,0,0,0,1,0,0,0,0,0,0,0,0,0,0,0,0,0,0,0,0,0,0,7,0,3,1,1,0,1,0,0,0,0,0,0,1,0,0,0,0,0,0,3,0,2,2,2,0,0,0,0,0,0,0,0,1,1
11 - Πέλλας,70 E.T. Δήμου Αλμωπίας,316,166,3,0,3,163,44,4,2,4,16,19,0,82,21,18,40,7,20,14,10,3,3,5,2,12,5,0,0,6,1,0,2,2,0,1,0,0,1,2,0,0,0,0,0,0,0,0,0,0,0,0,0,0,0,0,0,0,1,1,0,0,1,0,0,0,0,0,0,0,0,2,0,0,0,0,0,0,6,0,1,0,2,0,1,0,0,0,0,0,0,1,0
11 - Πέλλας,71 E.T. Δήμου Αλμωπίας,284,184,3,0,3,181,62,1,5,0,29,24,0,66,12,10,32,7,26,16,4,0,0,3,0,15,6,0,1,8,6,2,17,13,0,1,0,0,10,3,0,0,0,0,0,0,0,0,0,0,0,0,0,0,0,0,0,0,6,3,1,1,0,0,2,0,0,0,0,0,0,1,0,0,2,0,0,0,5,0,1,0,0,0,0,0,0,0,0,0,0,0,0
11 - Πέλλας,72 E.T. Δήμου Αλμωπίας,324,203,4,0,4,199,91,2,14,2,38,46,0,43,4,5,23,6,16,4,11,1,1,2,2,18,3,0,1,14,2,9,11,11,0,0,1,0,6,0,0,0,0,0,0,0,0,4,0,0,0,0,0,0,0,0,0,0,11,3,3,1,0,2,4,0,0,0,0,0,0,2,0,0,0,0,0,0,4,0,1,1,0,0,0,0,0,0,0,0,0,4,0
11 - Πέλλας,73 E.T. Δήμου Αλμωπίας,312,145,3,0,3,142,37,1,1,1,10,17,0,59,7,14,37,0,20,10,11,2,1,4,0,3,1,0,0,3,0,1,11,5,0,1,0,0,5,2,1,0,0,0,0,0,0,0,0,0,0,0,0,0,0,0,0,0,9,1,1,2,0,2,2,2,0,2,1,0,0,1,0,0,2,1,1,0,2,0,0,0,0,0,1,1,1,0,0,0,0,2,1
11 - Πέλλας,74 E.T. Δήμου Αλμωπίας,379,186,7,1,8,178,55,6,5,3,20,32,3,64,9,8,40,3,21,12,10,4,3,4,2,14,5,0,4,5,6,4,14,6,1,3,1,1,0,3,0,0,0,0,0,0,0,0,0,0,0,0,0,0,0,0,0,0,8,3,4,0,3,1,1,1,0,0,0,0,0,3,3,2,0,0,0,0,3,1,0,0,0,0,0,0,0,0,0,0,0,3,0
11 - Πέλλας,75 E.T. Δήμου Αλμωπίας,279,142,6,0,6,136,33,1,3,0,19,15,1,63,23,6,34,3,18,9,4,2,2,1,0,21,6,1,0,16,3,0,1,1,0,0,0,0,1,0,0,0,0,0,0,0,0,0,0,0,0,0,0,0,0,0,0,0,9,2,3,1,0,2,1,0,0,0,0,0,0,0,0,0,0,0,0,0,1,0,1,0,1,0,1,0,0,0,0,0,0,3,2
11 - Πέλλας,76 E.T. Δήμου Αλμωπίας,317,191,6,5,11,180,49,2,4,2,25,20,1,86,26,3,47,5,43,10,6,3,1,2,3,18,5,6,0,9,3,2,2,2,0,1,1,0,0,1,0,0,0,0,0,0,0,0,0,0,0,0,0,0,0,0,0,0,5,2,3,0,2,1,1,0,0,0,0,0,0,0,0,0,0,0,0,0,7,2,2,2,1,0,3,0,0,0,0,0,0,3,0
11 - Πέλλας,77 E.T. Δήμου Έδεσσας,487,199,1,0,1,198,66,4,2,13,14,47,2,76,20,9,33,10,54,3,1,0,0,0,0,24,8,0,0,0,21,4,6,0,0,0,0,4,0,2,0,0,0,0,0,0,0,5,0,0,0,0,0,0,0,0,0,0,8,1,2,1,1,1,0,0,0,0,0,0,0,0,0,0,1,0,0,0,8,1,1,2,1,0,1,0,0,0,0,0,0,0,0
11 - Πέλλας,78 E.T. Δήμου Έδεσσας,450,186,8,1,9,177,27,1,0,1,7,23,1,100,12,9,51,7,38,17,6,2,0,4,0,19,9,0,0,1,12,1,1,0,0,0,0,1,1,2,0,0,0,0,0,0,0,0,0,0,0,0,0,0,0,0,0,0,10,2,5,0,2,0,1,0,0,0,0,1,0,0,0,0,0,0,0,0,9,0,4,2,2,3,0,0,0,0,0,0,0,2,0
11 - Πέλλας,79 E.T. Δήμου Έδεσσας,465,229,3,1,4,225,94,5,4,20,34,58,9,53,14,10,28,8,15,5,10,2,3,5,3,21,11,0,2,4,5,5,27,0,0,0,2,26,12,2,0,0,1,1,0,0,0,0,0,0,0,2,0,0,2,0,0,1,4,1,2,0,2,1,0,0,0,0,0,0,0,1,0,0,0,0,0,0,3,0,0,1,1,1,1,0,1,0,0,0,0,7,4
11 - Πέλλας,80 E.T. Δήμου Έδεσσας,499,235,2,1,3,232,89,6,4,28,33,57,2,64,17,11,31,8,20,10,5,0,2,3,2,28,15,3,4,1,6,4,21,1,0,2,0,18,6,2,0,0,2,0,0,0,0,0,0,0,0,3,0,0,3,0,0,1,3,2,0,0,0,0,1,0,0,0,0,0,0,2,2,2,0,0,0,0,6,2,0,0,1,1,4,1,1,0,0,0,0,5,5
11 - Πέλλας,81 E.T. Δήμου Έδεσσας,456,230,2,2,4,226,79,4,2,20,27,46,11,76,13,11,41,19,23,19,15,9,4,10,1,20,15,1,4,4,3,2,12,0,0,0,0,12,3,3,1,3,1,0,1,0,0,2,1,1,0,0,0,0,0,0,0,0,7,3,1,1,1,2,2,0,0,0,0,0,0,2,1,1,1,1,1,0,6,2,0,1,3,3,0,0,0,0,0,0,0,3,2
11 - Πέλλας,82 E.T. Δήμου Έδεσσας,467,242,4,1,5,237,83,4,1,17,16,56,1,79,18,11,41,14,18,11,17,7,2,5,4,15,6,1,1,1,2,0,8,0,0,2,1,6,1,2,0,0,0,0,0,0,0,0,0,0,0,2,0,0,0,0,0,0,16,4,4,2,5,2,4,0,0,0,0,0,0,0,0,0,0,0,0,0,11,2,2,1,5,6,0,0,0,0,0,0,0,4,0
11 - Πέλλας,83 E.T. Δήμου Έδεσσας,463,229,2,1,3,226,76,1,7,24,19,60,3,93,18,13,38,14,30,30,14,7,8,9,1,15,9,1,3,3,4,3,12,1,0,1,0,12,6,0,0,0,0,0,0,0,0,0,0,0,0,2,0,0,2,1,0,0,3,1,1,2,0,1,1,0,0,0,0,0,0,0,0,0,0,0,0,0,5,1,0,0,1,2,1,0,0,0,0,0,0,5,4
11 - Πέλλας,84 E.T. Δήμου Έδεσσας,348,156,1,2,3,153,100,1,2,8,14,92,1,23,8,2,13,0,3,2,1,0,0,0,0,10,3,0,1,1,7,0,1,0,0,0,0,0,0,0,0,0,0,0,0,0,0,1,0,0,0,3,0,0,0,0,0,0,6,5,4,0,1,1,0,1,0,0,0,0,0,3,0,0,0,0,0,0,3,0,0,0,1,2,1,0,0,0,0,0,0,0,0
11 - Πέλλας,85 E.T. Δήμου Έδεσσας,357,171,2,1,3,168,32,1,9,5,2,24,0,85,13,4,46,4,10,34,15,3,1,7,2,4,1,1,0,0,1,1,3,0,0,0,0,0,0,3,0,0,0,0,0,1,0,3,0,0,0,1,0,0,0,0,0,0,7,1,1,4,0,0,4,0,0,0,0,0,0,3,0,0,0,0,0,0,3,0,0,1,0,0,1,0,0,0,0,0,0,7,0
11 - Πέλλας,86 E.T. Δήμου Έδεσσας,342,184,0,0,0,184,44,8,3,8,16,24,1,102,14,13,76,5,14,13,5,2,0,2,1,10,4,0,0,2,4,0,3,0,0,1,0,0,1,3,0,0,0,0,0,0,0,2,0,0,0,0,0,0,0,0,0,0,7,2,4,0,2,0,0,0,0,0,0,0,0,2,0,0,0,0,0,0,4,0,1,1,0,1,1,0,0,0,0,0,0,1,0
11 - Πέλλας,87 E.T. Δήμου Έδεσσας,472,250,3,1,4,246,55,7,17,12,5,26,4,126,12,10,47,28,52,49,9,1,3,4,0,16,14,0,1,0,5,0,10,1,0,1,0,8,3,5,1,4,1,2,1,0,0,0,0,0,0,0,0,0,0,0,0,0,12,0,1,8,4,0,5,0,0,0,0,0,0,3,0,0,0,0,0,0,5,1,1,2,1,1,1,1,0,0,1,0,0,4,2
11 - Πέλλας,88 E.T. Δήμου Έδεσσας,409,221,2,2,4,217,49,3,14,13,8,21,4,101,15,6,46,16,35,34,5,1,1,2,1,14,8,2,2,2,5,2,3,0,0,0,1,2,2,12,0,0,0,0,0,0,0,0,0,0,0,0,0,0,0,0,0,0,16,6,5,5,0,0,6,0,0,0,0,0,0,4,0,0,0,0,0,0,9,0,1,2,1,2,2,0,0,0,0,0,0,2,0
11 - Πέλλας,89 E.T. Δήμου Έδεσσας,486,228,2,1,3,225,78,3,4,3,22,55,0,83,16,8,52,4,18,15,10,7,0,1,2,20,10,5,0,3,9,1,12,0,4,3,1,6,2,3,0,0,0,0,0,0,0,1,0,0,0,0,0,0,0,0,0,0,4,1,2,0,0,1,0,0,0,0,0,0,0,1,0,0,2,0,0,0,10,1,3,2,3,2,1,0,0,0,0,0,0,0,0
11 - Πέλλας,90 E.T. Δήμου Έδεσσας,276,123,1,1,2,121,23,3,1,5,3,14,1,63,15,12,43,2,14,9,5,1,1,3,1,23,12,0,3,2,11,0,0,0,0,0,0,0,0,0,0,0,0,0,0,0,0,0,0,0,0,0,0,0,0,0,0,0,5,2,0,0,1,0,2,0,0,0,0,0,0,0,0,0,0,0,0,0,1,0,1,0,0,0,1,0,0,0,0,0,0,0,0
11 - Πέλλας,91 E.T. Δήμου Έδεσσας,336,156,4,0,4,152,35,4,6,3,6,23,0,71,6,14,50,2,8,12,5,2,2,4,0,18,12,1,1,3,5,1,2,0,0,1,1,0,0,1,0,0,0,0,0,0,0,3,0,1,0,0,0,0,0,0,0,0,12,3,1,3,1,1,4,0,0,0,0,0,0,1,1,0,0,0,0,0,1,0,0,1,1,0,0,0,0,0,0,0,0,3,1
11 - Πέλλας,92 E.T. Δήμου Έδεσσας,548,359,3,1,4,355,132,7,6,46,47,77,8,132,20,19,60,12,41,24,13,8,3,10,1,23,11,0,4,3,14,1,4,0,0,0,1,1,1,4,0,0,0,0,0,0,0,2,0,0,0,0,0,0,0,0,0,0,15,4,6,2,2,2,3,0,0,0,0,0,0,0,0,0,0,0,0,0,14,4,2,1,2,1,5,0,0,0,0,0,0,11,0
11 - Πέλλας,93 E.T. Δήμου Έδεσσας,567,355,10,4,14,341,98,14,5,33,31,57,2,140,25,19,62,11,29,24,9,4,1,5,4,26,5,4,3,1,20,0,7,0,1,1,0,5,2,9,4,1,2,0,0,1,1,3,2,2,1,1,0,0,1,1,0,0,20,6,10,2,5,1,1,0,0,0,0,0,0,2,0,1,0,0,0,0,13,0,2,5,3,4,5,0,0,0,0,0,0,7,4
11 - Πέλλας,94 E.T. Δήμου Έδεσσας,566,330,5,2,7,323,114,11,2,28,41,61,3,125,13,18,56,8,34,16,7,3,1,2,2,26,6,1,2,3,12,2,5,0,0,1,0,2,0,7,0,0,0,0,0,0,0,1,0,0,0,0,0,0,0,0,0,0,15,2,6,1,3,0,0,0,0,0,0,0,0,2,0,0,0,0,0,0,13,2,0,4,2,2,2,0,0,0,0,0,0,6,0
11 - Πέλλας,95 E.T. Δήμου Έδεσσας,532,359,4,5,9,350,112,11,6,29,35,53,3,132,24,14,56,7,31,16,11,6,2,5,0,30,9,1,1,1,16,2,8,0,2,1,0,2,2,7,1,0,1,0,0,0,0,6,0,4,1,0,0,0,0,0,0,0,16,2,2,4,6,1,1,1,0,1,0,0,0,1,0,0,1,1,0,0,17,1,0,0,1,9,3,0,1,0,0,0,0,5,3
11 - Πέλλας,96 E.T. Δήμου Έδεσσας,557,340,4,4,8,332,117,9,12,38,40,53,4,100,15,13,33,4,30,12,8,3,0,0,1,29,7,2,2,2,15,2,8,1,1,0,0,4,1,7,1,2,2,0,0,0,0,2,0,1,0,0,0,0,0,0,0,0,26,2,8,3,10,0,4,0,0,0,0,0,0,3,1,1,0,0,0,0,20,1,1,2,0,11,4,1,0,0,0,0,0,8,6
11 - Πέλλας,97 E.T. Δήμου Έδεσσας,536,354,11,6,17,337,134,13,11,49,41,55,7,112,17,17,41,2,32,23,9,4,2,4,1,15,3,2,4,4,8,1,8,0,0,0,0,4,2,11,0,0,0,0,0,1,0,2,0,0,0,0,0,0,0,0,0,0,23,7,8,1,9,1,2,0,0,0,0,0,0,3,0,0,1,0,0,0,11,0,0,1,1,7,1,0,0,0,0,0,0,6,0
11 - Πέλλας,98 E.T. Δήμου Έδεσσας,547,320,2,6,8,312,110,5,4,37,31,63,1,118,25,17,42,14,32,23,4,3,0,1,1,25,4,3,1,3,16,1,6,0,0,2,1,2,2,5,0,0,0,0,0,0,0,1,0,0,0,0,0,0,0,0,0,0,19,4,4,3,7,0,1,0,0,0,0,0,0,4,0,0,0,0,0,0,15,2,2,1,3,7,1,0,0,0,0,0,0,4,0
11 - Πέλλας,99 E.T. Δήμου Έδεσσας,541,322,2,2,4,318,123,11,12,25,25,70,4,114,13,14,73,9,28,14,2,0,0,2,0,26,7,2,4,3,19,0,11,1,1,0,1,2,0,6,0,0,0,0,0,0,0,0,0,0,0,0,0,0,0,0,0,0,15,3,7,2,4,4,2,0,0,0,0,0,0,3,0,0,1,0,0,0,13,2,2,1,4,3,2,0,0,0,0,0,0,2,0
11 - Πέλλας,100 E.T. Δήμου Έδεσσας,556,339,5,2,7,332,107,2,5,29,39,59,3,126,14,25,51,14,38,21,7,4,1,1,1,25,8,1,3,3,11,2,12,0,0,2,2,4,2,7,0,0,0,0,0,0,0,3,0,0,0,0,0,0,0,0,0,0,25,3,10,1,4,3,7,0,0,0,0,1,0,1,0,0,1,0,0,0,11,1,0,1,4,2,5,0,0,0,0,0,0,1,0
11 - Πέλλας,101 E.T. Δήμου Έδεσσας,537,319,0,3,3,316,102,9,12,30,35,47,3,112,9,14,49,14,31,21,13,5,4,6,1,25,9,1,1,3,17,2,6,1,0,1,1,3,1,12,3,2,1,0,1,0,0,1,0,1,0,1,0,0,0,0,0,0,16,2,4,0,6,0,3,0,0,0,0,0,0,4,0,0,1,1,1,0,14,2,1,1,2,8,3,1,0,0,0,0,0,6,3
11 - Πέλλας,102 E.T. Δήμου Έδεσσας,532,320,10,2,12,308,102,10,3,36,28,48,1,102,20,10,58,9,24,19,10,4,3,4,0,25,9,1,0,2,21,0,17,0,1,0,1,8,4,7,1,1,2,1,0,0,0,2,0,2,1,0,0,0,0,0,0,0,20,3,7,0,7,2,1,0,0,0,0,0,0,1,1,1,0,0,0,0,16,2,2,2,3,5,2,2,0,1,0,0,0,4,1
11 - Πέλλας,103 E.T. Δήμου Έδεσσας,567,347,7,0,7,340,119,11,7,43,34,54,1,121,48,17,51,9,56,19,10,5,2,4,2,27,8,2,0,3,9,6,5,0,0,1,0,1,0,10,3,1,2,2,1,0,0,4,0,3,1,1,0,0,0,0,0,1,17,4,4,1,8,0,1,0,0,0,0,0,0,1,0,0,1,0,1,0,16,0,1,2,4,15,3,0,0,0,0,0,0,5,1
11 - Πέλλας,104 E.T. Δήμου Έδεσσας,554,359,17,0,17,342,99,5,4,43,31,45,4,111,46,16,42,15,34,20,10,5,1,5,2,33,13,2,7,3,19,2,16,0,0,3,0,7,4,9,1,1,1,1,0,0,0,0,0,0,0,0,0,0,0,0,0,0,25,6,10,3,6,3,3,0,0,0,0,0,0,3,2,0,2,1,0,0,16,2,1,1,4,8,7,1,2,2,0,0,0,11,5
11 - Πέλλας,105 E.T. Δήμου Έδεσσας,570,330,3,5,8,322,109,14,9,27,32,52,8,121,12,11,45,11,38,19,10,5,1,0,0,17,8,0,0,4,7,2,4,1,0,0,0,2,0,9,0,0,0,0,0,0,0,3,0,0,0,0,0,0,0,0,0,0,20,6,8,2,8,3,4,0,0,0,0,0,0,3,0,0,0,0,0,0,14,1,2,2,3,11,5,0,0,0,0,7,0,0,0
11 - Πέλλας,106 E.T. Δήμου Έδεσσας,538,304,3,5,8,296,84,8,10,31,30,35,5,122,14,12,52,9,25,27,19,7,2,7,3,22,10,0,1,2,11,1,11,1,0,2,2,2,3,3,1,1,0,1,1,1,1,3,0,2,1,0,0,0,0,0,0,0,16,4,7,2,2,0,2,0,0,0,0,0,0,1,1,1,0,0,0,0,8,0,2,2,1,2,2,1,0,0,1,0,0,4,2
11 - Πέλλας,107 E.T. Δήμου Έδεσσας,541,280,3,0,3,277,77,6,6,22,20,40,6,103,10,24,59,7,23,13,9,6,1,2,1,28,9,2,2,3,15,4,5,0,2,2,0,1,3,10,0,0,0,0,0,3,0,1,0,0,0,0,0,0,0,0,0,0,21,4,9,6,7,1,3,1,0,0,0,0,0,0,0,0,1,0,0,0,15,1,2,2,2,9,0,0,0,0,0,0,0,3,0
11 - Πέλλας,108 E.T. Δήμου Έδεσσας,555,310,3,5,8,302,100,17,11,24,40,53,1,106,22,22,48,6,24,22,11,9,1,4,3,27,6,1,4,0,11,4,2,0,0,0,0,2,2,9,3,4,5,1,1,0,0,4,0,2,2,0,0,0,0,0,0,0,12,3,2,4,5,1,0,0,0,0,0,0,0,1,1,0,0,0,0,0,17,4,1,0,5,10,3,0,0,0,0,0,0,10,9
11 - Πέλλας,109 E.T. Δήμου Έδεσσας,539,303,4,2,6,297,75,6,9,23,27,40,4,126,24,20,71,9,37,14,16,10,3,6,2,20,6,3,6,3,9,5,12,1,0,2,1,4,2,6,0,2,2,0,1,0,0,2,0,1,1,0,0,0,0,0,0,0,11,7,1,2,1,2,1,1,0,0,0,1,0,1,1,1,0,0,0,0,13,1,2,5,3,3,5,1,1,2,0,0,0,8,5
11 - Πέλλας,110 E.T. Δήμου Έδεσσας,569,319,3,2,5,314,110,11,4,35,38,55,4,107,19,16,38,10,27,18,9,1,2,2,0,30,7,0,3,7,21,2,13,0,9,0,1,8,5,11,0,0,0,0,0,0,0,1,0,0,0,0,0,0,0,0,0,0,13,1,7,0,4,0,3,0,0,0,0,0,0,2,0,0,1,0,0,0,6,1,2,0,3,2,2,0,0,0,0,0,0,9,0
11 - Πέλλας,111 E.T. Δήμου Έδεσσας,531,292,4,0,4,288,113,11,5,38,36,52,3,92,13,19,42,2,27,12,11,6,1,3,3,12,2,2,1,2,4,1,11,1,0,2,1,5,5,7,1,2,1,2,0,3,3,4,0,4,3,0,0,0,0,0,0,0,21,5,8,1,6,2,2,1,1,1,0,0,0,0,0,0,0,0,0,0,8,2,0,0,3,2,3,2,0,0,1,0,0,2,1
11 - Πέλλας,112 E.T. Δήμου Έδεσσας,532,293,1,0,1,292,96,16,7,32,25,49,5,97,16,13,41,5,24,14,24,17,2,6,8,18,12,1,1,4,8,0,3,1,0,0,1,1,0,4,0,0,0,0,0,0,0,1,0,0,0,3,0,0,0,0,0,0,14,4,5,5,2,2,1,0,0,0,0,0,0,0,0,0,0,0,0,0,20,1,2,2,6,12,5,0,0,0,0,0,0,7,0
11 - Πέλλας,113 E.T. Δήμου Έδεσσας,530,287,2,6,8,279,92,7,7,29,38,43,4,93,20,13,44,10,27,19,9,5,2,4,2,24,13,0,1,3,16,1,13,0,0,3,2,6,4,5,0,0,0,0,0,0,0,3,0,0,0,1,0,0,0,0,0,0,22,3,6,1,6,1,1,0,0,0,0,0,0,1,0,0,1,0,0,0,9,0,1,0,2,3,3,0,0,0,0,0,0,3,0
11 - Πέλλας,114 E.T. Δήμου Έδεσσας,530,268,7,0,7,261,83,9,7,25,20,44,2,83,14,9,53,3,27,10,6,2,0,2,2,21,6,1,4,4,9,1,6,0,0,0,1,3,0,9,0,0,0,0,0,0,0,2,0,0,0,0,0,0,0,0,0,0,22,4,8,1,9,4,0,0,0,0,0,0,0,0,0,0,2,0,0,0,17,1,1,4,0,8,4,0,0,0,0,0,0,6,0
11 - Πέλλας,115 E.T. Δήμου Έδεσσας,530,276,7,6,13,263,81,16,1,31,23,45,5,103,12,16,42,12,20,11,6,1,1,5,0,18,4,2,2,1,6,3,21,1,2,2,5,9,5,5,0,0,0,0,0,0,0,4,0,0,0,0,0,0,0,0,0,0,10,1,4,1,3,0,1,0,0,0,0,0,0,0,0,0,0,0,0,0,3,1,0,1,0,1,7,0,0,0,0,0,0,5,0
11 - Πέλλας,116 E.T. Δήμου Έδεσσας,530,292,8,8,16,276,104,13,13,46,35,39,8,85,10,18,38,9,21,20,11,7,2,3,2,24,9,0,0,1,13,3,2,1,0,0,1,2,0,7,0,0,0,0,0,0,0,3,0,0,0,0,0,0,0,0,0,0,18,4,8,1,7,2,3,0,0,0,0,0,0,0,0,0,2,0,0,0,12,0,1,2,3,4,1,0,0,0,0,0,0,7,0
11 - Πέλλας,117 E.T. Δήμου Έδεσσας,535,270,6,3,9,261,64,9,2,20,22,17,1,111,14,18,49,12,20,13,14,7,2,7,0,18,8,0,1,0,13,1,9,0,0,0,3,4,1,4,1,0,0,0,0,0,0,0,0,0,0,0,0,0,0,0,0,0,19,3,8,1,4,1,1,0,0,0,0,0,0,1,0,0,0,0,0,0,9,1,0,1,2,5,6,3,0,1,0,0,0,6,3
11 - Πέλλας,118 E.T. Δήμου Έδεσσας,423,285,2,1,3,282,84,6,0,21,25,50,6,93,19,9,50,7,17,23,3,0,0,0,0,53,33,3,2,3,31,3,12,0,1,0,1,9,5,4,0,0,0,0,0,0,0,1,0,0,0,0,0,0,0,0,0,0,19,5,5,1,7,0,2,0,0,0,0,0,0,0,0,0,0,0,0,0,8,0,1,0,3,4,1,0,0,0,0,0,0,4,0
11 - Πέλλας,119 E.T. Δήμου Έδεσσας,410,254,3,2,5,249,95,10,7,25,30,62,1,90,5,10,69,5,26,15,7,5,3,3,0,25,8,0,3,3,18,2,3,1,0,0,1,1,0,3,1,1,0,0,0,0,0,0,0,0,0,0,0,0,0,0,0,0,11,5,3,2,1,2,2,0,0,0,0,0,0,3,1,1,0,0,0,0,8,1,1,1,2,5,3,1,2,1,0,0,0,1,1
11 - Πέλλας,120 E.T. Δήμου Έδεσσας,372,226,1,1,2,224,102,7,13,25,31,61,1,63,5,9,40,4,23,4,4,2,1,0,2,21,9,0,1,1,6,2,5,1,1,1,0,2,0,3,0,0,0,0,0,0,0,0,0,0,0,0,0,0,0,0,0,0,17,3,8,1,5,1,2,0,0,0,0,0,0,1,0,0,0,0,0,0,4,1,1,0,0,2,2,0,0,0,0,0,0,2,0
11 - Πέλλας,121 E.T. Δήμου Έδεσσας,381,229,0,1,1,228,93,7,9,12,28,65,0,72,4,9,48,1,13,12,6,1,1,1,0,13,3,0,1,1,10,1,7,0,0,0,1,3,1,2,0,0,0,1,0,0,0,0,0,0,0,1,1,0,0,0,0,0,9,3,1,1,1,2,2,0,0,0,0,0,0,2,0,0,1,1,0,1,18,0,2,4,5,6,1,1,0,0,1,0,0,3,2
11 - Πέλλας,122 E.T. Δήμου Έδεσσας,311,124,0,0,0,124,31,3,2,8,4,23,0,77,25,6,65,6,13,7,2,0,0,0,0,8,2,0,0,1,4,1,0,0,0,0,0,0,0,1,0,0,0,0,0,0,0,0,0,0,0,0,0,0,0,0,0,0,2,0,0,0,2,0,0,0,0,0,0,0,0,0,0,0,0,0,0,0,2,1,0,1,0,0,0,0,0,0,0,0,0,1,0
11 - Πέλλας,123 E.T. Δήμου Έδεσσας,350,144,3,1,4,140,64,0,3,6,14,51,1,56,18,4,35,4,19,4,6,4,1,1,0,9,1,0,2,0,8,1,1,0,1,0,0,1,0,2,0,0,0,0,0,0,0,0,0,0,0,0,0,0,0,0,0,0,2,1,1,0,0,0,0,0,0,0,0,0,0,0,0,0,0,0,0,0,0,0,0,0,0,0,0,0,0,0,0,0,0,0,0
11 - Πέλλας,124 E.T. Δήμου Έδεσσας,342,212,3,1,4,208,64,5,2,6,13,48,2,97,26,12,57,3,22,14,11,5,2,2,1,18,3,0,4,3,13,1,4,0,1,1,0,1,1,0,0,0,0,0,0,0,0,2,0,0,0,0,0,0,0,0,0,0,6,4,1,0,0,2,1,0,0,0,0,0,0,1,0,0,0,0,0,0,3,0,2,1,0,0,0,0,0,0,0,0,0,2,0
11 - Πέλλας,125 E.T. Δήμου Έδεσσας,419,250,0,4,4,246,84,4,3,11,32,67,1,110,31,9,74,9,20,10,7,0,2,4,2,22,2,0,3,2,15,5,3,1,1,0,0,1,0,3,0,0,0,0,0,0,0,0,0,0,0,0,0,0,0,0,0,0,6,1,2,1,0,1,1,0,0,0,0,0,0,0,0,0,2,0,0,0,7,1,0,1,0,5,1,0,0,0,0,0,0,1,0
11 - Πέλλας,126 E.T. Δήμου Έδεσσας,299,208,3,1,4,204,95,7,6,13,24,80,1,58,12,7,30,3,14,9,2,0,0,0,0,16,3,0,0,11,8,0,15,1,1,1,1,6,2,2,0,0,0,0,0,0,0,0,0,0,0,0,0,0,0,0,0,0,4,2,1,1,0,1,0,0,0,0,0,0,0,0,0,0,0,0,0,0,12,0,0,1,6,3,0,0,0,0,0,0,0,0,0
11 - Πέλλας,127 E.T. Δήμου Έδεσσας,292,201,2,2,4,197,59,7,2,6,12,50,1,73,27,7,46,1,19,9,4,1,0,1,1,25,4,0,0,10,11,0,2,0,0,0,0,1,0,6,1,1,1,0,0,0,0,2,0,2,0,0,0,0,0,0,0,0,11,6,4,2,1,1,3,0,0,0,0,0,0,0,0,0,1,1,0,0,12,0,0,4,2,1,0,0,0,0,0,0,0,2,1
11 - Πέλλας,128 E.T. Δήμου Έδεσσας,396,252,2,0,2,250,54,6,2,9,16,37,1,130,34,19,85,3,30,13,14,0,0,0,0,25,11,0,0,4,19,1,1,0,0,0,0,0,0,2,0,0,0,0,0,0,0,0,0,0,0,1,0,0,0,0,0,0,16,5,5,1,3,0,0,0,0,0,0,0,0,1,0,0,0,0,0,0,5,0,0,0,0,0,1,0,0,0,0,0,0,0,0
11 - Πέλλας,129 E.T. Δήμου Έδεσσας,369,221,0,3,3,218,91,2,8,20,17,60,1,63,20,10,36,2,9,9,10,10,1,3,1,19,6,9,3,0,10,1,1,1,0,0,0,0,0,4,0,0,0,0,0,0,0,3,0,0,0,0,0,0,0,0,0,0,16,4,4,0,4,2,1,0,0,0,0,0,0,0,0,0,2,0,0,0,5,0,0,0,0,1,4,0,0,0,0,0,0,0,0
11 - Πέλλας,130 E.T. Δήμου Έδεσσας,435,301,1,1,2,299,96,6,6,27,18,67,0,97,19,13,46,2,32,12,11,4,2,5,1,32,15,0,1,3,17,3,4,2,0,1,0,2,1,5,0,0,0,0,0,0,0,5,0,0,0,0,0,0,0,0,0,0,34,6,7,2,21,4,3,0,0,0,0,0,0,1,0,0,0,0,0,0,11,0,1,1,2,3,1,0,0,0,0,0,0,2,0
11 - Πέλλας,131 E.T. Δήμου Έδεσσας,363,192,1,3,4,188,68,5,1,2,11,53,0,84,18,6,71,2,22,8,3,1,0,2,0,8,4,0,0,0,7,0,2,0,1,0,0,1,0,3,0,1,1,0,0,0,0,0,0,0,0,0,0,0,0,0,0,0,8,0,0,0,0,3,0,0,0,0,0,0,0,3,0,0,0,0,0,0,6,0,0,0,2,1,0,0,0,0,0,0,0,3,0
11 - Πέλλας,132 E.T. Δήμου Έδεσσας,358,179,2,2,4,175,57,5,1,1,15,44,3,79,45,4,48,1,11,8,2,1,0,1,0,11,8,0,0,2,1,0,2,1,1,1,1,0,0,1,0,0,0,0,0,0,0,0,0,0,0,3,0,0,0,0,0,0,7,2,1,0,0,0,2,0,0,0,0,0,0,0,0,0,0,0,0,0,9,0,1,0,2,4,0,0,0,0,0,0,0,4,0
11 - Πέλλας,133 E.T. Δήμου Έδεσσας,496,363,3,0,3,360,155,6,9,16,23,129,1,78,21,9,43,2,17,12,10,1,2,3,1,39,14,1,0,5,22,1,19,0,0,0,2,5,0,11,3,1,1,1,0,0,0,1,0,1,0,1,0,1,1,0,0,0,25,1,9,1,2,1,0,0,0,0,0,0,0,0,0,0,2,2,0,0,9,0,1,1,1,3,2,0,0,0,0,0,0,8,2
11 - Πέλλας,134 E.T. Δήμου Έδεσσας,416,267,3,1,4,263,96,2,6,16,18,57,9,94,17,8,39,10,21,30,5,3,3,4,0,14,12,1,0,1,1,1,5,0,1,0,0,2,1,6,0,0,0,0,0,0,0,1,0,0,0,0,0,0,0,0,0,0,12,1,2,3,1,1,5,2,0,0,0,0,0,1,0,0,0,0,0,0,16,1,3,1,6,6,5,0,0,0,0,0,0,6,0
11 - Πέλλας,135 E.T. Δήμου Έδεσσας,435,239,3,2,5,234,95,7,2,11,19,57,10,73,10,3,22,10,18,13,7,2,3,3,1,17,10,0,1,0,4,0,6,0,0,0,0,4,3,5,0,0,0,0,0,2,0,0,0,0,0,0,0,0,0,0,0,0,12,2,4,3,2,1,0,0,0,0,0,0,0,0,0,0,0,0,0,0,11,2,0,0,6,3,6,0,0,0,0,0,0,0,0
11 - Πέλλας,136 E.T. Δήμου Έδεσσας,467,291,3,3,6,285,110,10,16,23,28,56,10,67,12,5,25,8,14,15,10,4,1,5,2,37,23,5,0,1,17,3,12,0,0,0,2,7,6,6,0,0,0,0,0,0,0,1,0,0,0,0,0,0,0,0,0,0,14,2,3,2,3,0,3,3,0,0,0,0,0,0,0,0,0,0,0,0,17,1,0,2,13,1,3,0,0,0,0,0,0,5,0
11 - Πέλλας,137 E.T. Δήμου Έδεσσας,429,239,2,2,4,235,117,10,1,11,27,86,3,70,15,12,28,7,27,14,5,4,0,3,0,10,7,0,0,1,9,1,7,0,0,1,0,3,1,3,0,0,0,0,0,0,0,4,0,0,0,0,0,0,0,0,0,0,13,3,4,2,1,3,0,0,0,0,0,0,0,0,0,0,0,0,0,0,2,0,1,1,0,0,2,0,0,0,0,0,0,2,0
11 - Πέλλας,138 E.T. Δήμου Έδεσσας,478,266,5,5,10,256,99,1,8,12,17,76,4,95,43,11,37,5,32,12,6,0,2,4,0,26,5,0,3,3,15,0,4,0,0,2,0,2,2,1,0,0,0,0,0,0,0,4,0,0,0,0,0,0,0,0,0,0,8,3,2,0,3,2,1,0,0,0,0,0,0,0,0,0,1,0,0,0,10,1,0,2,2,6,0,0,0,0,0,0,0,2,0
11 - Πέλλας,139 E.T. Δήμου Έδεσσας,260,175,1,0,1,174,65,2,1,13,31,41,0,71,3,29,22,0,43,7,8,6,3,1,3,5,1,0,0,0,3,0,3,0,1,0,0,1,0,4,1,0,0,0,1,0,0,4,0,4,0,0,0,0,0,0,0,0,7,1,3,0,1,0,0,2,0,0,0,0,0,0,0,0,1,0,1,0,3,0,0,0,1,2,1,0,0,0,0,0,0,0,0
11 - Πέλλας,140 E.T. Δήμου Έδεσσας,399,272,3,3,6,266,85,1,10,18,32,58,4,121,37,6,77,6,23,18,5,3,1,2,0,17,6,3,3,1,7,2,9,1,0,2,1,5,6,1,0,0,0,0,0,0,0,4,0,0,0,0,0,0,0,0,0,0,10,5,4,2,2,1,2,1,1,1,0,0,0,1,0,0,0,0,0,0,7,1,0,0,1,6,2,0,0,0,0,0,0,3,0
11 - Πέλλας,141 E.T. Δήμου Έδεσσας,344,228,2,0,2,226,95,11,12,20,29,70,1,65,19,4,37,5,18,10,1,0,1,0,0,23,12,1,2,3,11,0,16,0,0,2,0,11,6,1,0,0,0,0,0,0,0,0,0,0,0,0,0,0,0,0,0,0,11,1,6,0,2,3,2,1,0,0,0,0,0,0,0,0,1,0,0,0,6,0,2,1,1,3,3,0,0,0,0,0,0,3,0
11 - Πέλλας,142 E.T. Δήμου Έδεσσας,320,237,3,4,7,230,53,1,1,0,11,37,0,88,10,8,61,3,29,8,4,1,2,0,0,64,2,1,0,1,61,2,0,0,0,0,0,0,0,0,0,0,0,0,0,0,0,1,0,0,0,0,0,0,0,0,0,0,14,3,3,0,0,1,1,0,0,0,0,0,0,0,0,0,0,0,0,0,4,0,0,0,2,0,1,0,0,0,0,0,0,1,0
11 - Πέλλας,143 E.T. Δήμου Πέλλας,540,305,11,3,14,291,81,5,8,2,18,35,30,128,28,19,39,3,63,41,11,0,0,0,0,24,4,6,0,2,2,13,11,2,2,5,0,0,9,6,0,0,0,0,0,0,0,0,0,0,0,4,0,0,0,0,0,0,16,2,4,3,6,1,3,0,0,0,0,0,0,0,0,0,1,0,0,0,4,1,2,0,2,0,1,0,0,0,0,0,0,4,0
11 - Πέλλας,144 E.T. Δήμου Πέλλας,570,332,4,0,4,328,102,10,16,10,20,41,35,124,43,10,44,3,75,14,13,6,3,3,3,34,6,15,3,3,4,17,10,0,5,4,1,0,2,8,6,2,3,0,0,0,0,0,0,0,0,2,1,0,0,1,0,0,13,7,4,1,1,0,3,0,0,0,0,0,0,1,1,1,0,0,0,0,5,0,2,2,1,0,7,4,0,3,0,0,0,9,5
11 - Πέλλας,145 E.T. Δήμου Πέλλας,562,339,3,80,83,256,149,9,18,3,13,33,26,15,32,20,41,7,85,38,40,4,2,7,1,12,5,15,2,2,2,34,6,1,3,2,0,0,7,0,2,0,1,0,0,0,0,3,1,0,0,0,0,0,0,0,0,0,14,3,4,1,4,1,3,0,0,0,0,0,0,0,0,0,0,0,0,0,2,1,1,1,0,1,8,8,1,0,0,0,0,7,4
11 - Πέλλας,146 E.T. Δήμου Πέλλας,535,318,1,0,1,317,79,3,14,3,18,47,23,126,32,16,36,2,84,34,5,0,0,0,0,38,10,18,5,4,2,18,19,0,8,8,0,2,10,9,0,0,0,0,0,0,0,1,0,0,0,0,0,0,0,0,0,0,19,6,6,1,3,0,2,0,0,0,0,0,0,2,0,0,1,0,0,0,10,1,1,4,2,1,4,0,0,0,0,0,0,4,0
11 - Πέλλας,147 E.T. Δήμου Πέλλας,563,331,7,0,7,324,80,11,13,6,13,42,36,147,26,21,37,5,83,28,8,3,0,3,1,28,8,10,2,0,3,20,9,0,1,6,0,0,8,5,3,0,2,1,1,0,0,2,1,2,1,0,0,0,0,0,0,0,20,8,8,3,3,1,1,0,0,0,0,0,0,0,0,0,0,0,0,0,11,1,5,4,2,1,8,7,1,4,0,0,0,6,3
11 - Πέλλας,148 E.T. Δήμου Πέλλας,570,357,3,2,5,352,85,3,16,3,14,39,31,165,39,19,44,1,83,45,11,0,0,0,0,34,6,12,0,2,1,27,12,0,1,6,0,0,8,8,0,0,0,0,0,0,0,0,0,0,0,0,0,0,0,0,0,0,14,3,3,3,3,1,4,1,0,0,0,0,0,0,0,0,0,0,0,0,15,0,5,7,7,2,2,0,0,0,0,0,0,5,0
11 - Πέλλας,149 E.T. Δήμου Πέλλας,531,296,2,4,6,290,68,3,9,5,7,35,18,141,44,23,56,4,47,20,14,0,0,0,0,18,3,4,1,0,0,9,11,0,0,1,5,0,7,5,0,0,0,0,0,0,0,0,0,0,0,0,0,0,0,0,0,0,21,6,6,1,8,4,2,1,0,0,0,0,0,2,0,0,0,0,0,0,4,0,0,2,2,0,1,0,0,0,0,0,0,4,0
11 - Πέλλας,150 E.T. Δήμου Πέλλας,544,317,4,0,4,313,97,5,23,6,15,50,23,144,27,24,34,3,77,46,3,0,0,0,0,19,5,4,4,0,2,10,8,0,2,6,0,1,6,4,0,0,0,0,0,0,0,1,0,0,0,0,0,0,0,0,0,0,11,3,5,4,0,1,1,0,0,0,0,0,0,2,0,0,0,0,0,0,9,2,2,3,3,1,9,0,0,0,0,0,0,6,0
11 - Πέλλας,151 E.T. Δήμου Πέλλας,566,324,1,1,2,322,81,5,24,8,18,39,16,145,28,39,50,2,62,36,9,2,6,6,1,24,7,3,1,1,4,14,8,1,2,2,0,0,3,8,4,2,0,2,0,0,0,0,0,0,0,2,0,0,0,0,1,0,14,3,9,4,1,3,1,1,1,1,0,0,0,3,1,1,1,0,0,0,15,2,2,5,3,1,3,3,0,1,0,0,0,8,4
11 - Πέλλας,152 E.T. Δήμου Πέλλας,553,304,5,2,7,297,107,11,21,8,12,87,16,114,35,15,42,2,59,24,8,0,0,0,0,13,2,6,2,0,0,11,13,0,4,4,1,0,6,5,0,0,0,0,0,0,0,0,0,0,0,1,0,0,0,0,0,0,11,1,2,3,3,0,3,2,0,0,0,0,0,0,0,0,1,0,0,0,5,0,0,1,1,0,10,0,0,0,0,7,0,0,0
11 - Πέλλας,153 E.T. Δήμου Πέλλας,531,298,2,3,5,293,98,5,20,3,19,40,30,113,25,27,23,4,56,28,4,1,0,4,2,6,3,0,0,1,1,4,10,0,2,4,0,0,5,4,1,0,0,0,0,0,0,0,0,0,0,6,0,0,0,1,6,0,21,3,5,2,3,0,6,1,0,0,1,0,0,2,0,0,1,1,1,0,7,2,0,3,3,0,6,3,1,2,0,0,0,14,4
11 - Πέλλας,154 E.T. Δήμου Πέλλας,554,350,4,3,7,343,89,5,24,5,13,43,34,126,30,38,29,5,62,15,19,3,8,11,4,30,2,11,4,2,5,12,13,0,2,7,0,0,10,10,5,3,1,1,0,0,0,1,1,0,0,0,0,0,0,0,0,0,21,2,7,2,3,0,2,1,0,0,1,0,0,3,2,2,1,0,0,0,14,4,3,1,1,1,5,4,0,0,3,0,0,10,2
11 - Πέλλας,155 E.T. Δήμου Πέλλας,557,327,8,1,9,318,84,7,19,5,13,32,22,143,39,24,45,2,67,31,7,1,3,5,1,27,3,10,5,0,1,20,10,1,1,4,1,0,5,10,3,3,2,2,0,0,0,1,0,0,0,1,0,0,0,0,0,0,16,6,5,2,4,1,3,0,0,0,0,0,0,2,1,1,2,0,1,1,9,1,1,3,4,1,2,1,1,0,1,0,0,4,2
11 - Πέλλας,156 E.T. Δήμου Πέλλας,547,297,3,1,4,293,95,7,23,10,6,44,25,112,23,22,33,7,55,21,6,0,0,0,0,26,5,9,2,0,0,14,18,2,6,6,2,0,9,4,0,0,0,0,0,0,0,1,0,0,0,0,0,0,0,0,0,0,11,1,4,0,1,1,0,0,0,0,0,0,0,1,0,0,0,0,0,0,9,1,1,0,2,0,6,0,0,0,0,0,0,4,0
11 - Πέλλας,157 E.T. Δήμου Πέλλας,567,335,3,3,6,329,115,11,21,9,19,55,32,130,25,19,37,2,81,29,5,0,0,0,0,27,8,8,2,1,1,18,13,2,1,5,2,2,4,5,0,0,0,0,0,0,0,1,0,0,0,0,0,0,0,0,0,0,17,4,4,2,3,2,1,0,0,0,0,0,0,1,0,0,0,0,0,0,8,3,3,2,0,2,2,0,0,0,0,0,0,5,0
11 - Πέλλας,158 E.T. Δήμου Πέλλας,550,313,5,0,5,308,80,1,22,2,9,35,25,132,25,19,44,1,71,32,18,0,7,12,1,27,7,10,0,1,2,17,6,0,3,1,0,0,3,6,3,1,2,0,1,0,0,0,0,0,0,3,0,0,0,0,0,0,13,3,2,1,2,1,0,2,0,0,1,0,0,0,0,0,0,0,0,0,12,4,1,2,2,1,5,2,0,0,1,0,0,4,3
11 - Πέλλας,159 E.T. Δήμου Πέλλας,570,340,4,2,6,334,90,12,25,3,15,33,33,152,39,32,56,0,55,38,18,8,4,8,3,25,5,10,2,0,0,19,11,0,3,6,0,0,9,7,5,0,1,0,1,0,0,0,0,0,0,1,0,0,0,0,0,0,14,5,9,3,2,0,1,0,0,0,0,0,0,1,1,1,0,0,0,0,5,1,2,2,1,0,5,4,1,1,1,0,0,5,2
11 - Πέλλας,160 E.T. Δήμου Πέλλας,559,342,3,5,8,334,79,8,14,6,18,34,24,160,29,38,61,3,79,43,15,0,0,0,0,23,12,5,3,1,0,15,9,1,1,3,0,0,6,6,0,0,0,0,0,0,0,2,0,0,0,0,0,0,0,0,0,0,15,4,7,2,1,3,6,0,0,0,0,0,0,1,0,0,0,0,0,0,12,3,3,2,2,1,5,0,0,0,0,0,0,7,0
11 - Πέλλας,161 E.T. Δήμου Πέλλας,540,338,3,4,7,331,106,7,27,5,22,42,41,138,25,18,42,3,77,41,17,5,6,7,2,22,8,6,1,0,0,16,13,1,1,3,0,0,11,1,0,0,0,0,0,0,0,0,0,0,0,1,1,0,0,1,0,0,6,1,1,1,0,0,1,1,0,0,0,0,0,1,1,0,1,0,1,1,10,0,4,2,5,2,8,6,0,0,0,0,0,6,3
11 - Πέλλας,162 E.T. Δήμου Πέλλας,545,334,6,1,7,327,99,6,16,2,8,50,25,131,46,14,53,3,60,25,14,1,1,7,4,28,5,7,2,0,1,22,12,0,3,8,0,0,7,4,1,1,1,0,0,0,0,3,2,0,1,0,0,0,0,0,0,0,15,3,4,2,5,4,0,0,0,0,0,0,0,1,0,0,0,0,0,0,14,3,1,3,4,2,4,1,0,0,0,0,0,2,2
11 - Πέλλας,163 E.T. Δήμου Πέλλας,520,305,3,2,5,300,105,6,18,5,16,42,34,130,40,16,35,2,55,36,4,0,0,0,0,21,6,8,1,0,0,13,8,0,0,3,1,0,3,0,0,0,0,0,0,0,0,1,0,0,0,0,0,0,0,0,0,0,19,2,9,0,1,0,2,0,0,0,0,0,0,0,0,0,0,0,0,0,1,0,0,0,1,0,7,0,0,0,0,0,0,4,0
11 - Πέλλας,164 E.T. Δήμου Πέλλας,541,331,8,3,11,320,92,5,24,6,15,59,18,135,27,20,51,6,61,34,9,0,0,0,0,18,1,11,0,2,0,15,3,0,1,0,0,0,2,8,0,0,0,0,0,0,0,1,0,0,0,2,0,0,0,0,0,0,29,7,10,8,4,5,6,0,0,0,0,0,0,0,0,0,1,0,0,0,5,0,2,1,1,0,8,0,0,0,0,0,0,9,0
11 - Πέλλας,165 E.T. Δήμου Πέλλας,515,295,0,2,2,293,90,8,17,7,18,37,27,122,31,12,48,8,63,27,8,0,3,7,0,23,6,11,1,0,1,12,4,0,1,1,1,0,3,6,2,0,2,1,0,1,0,2,0,0,0,0,0,0,1,0,1,2,13,5,5,1,1,3,3,1,0,0,0,0,0,2,0,0,2,0,0,0,5,0,0,0,2,2,6,5,0,3,1,0,0,8,5
11 - Πέλλας,166 E.T. Δήμου Πέλλας,512,276,5,3,8,268,113,8,23,4,27,63,30,85,22,5,27,3,39,18,8,0,0,0,0,15,5,6,0,0,1,7,6,0,3,2,0,0,3,6,0,0,0,0,0,0,0,1,0,0,0,0,0,0,0,0,0,0,13,3,8,0,1,1,1,1,0,0,0,0,0,0,0,0,0,0,0,0,4,0,0,0,0,0,4,0,0,0,0,0,0,12,0
11 - Πέλλας,167 E.T. Δήμου Πέλλας,511,305,4,0,4,301,68,6,22,6,16,32,22,146,34,22,63,6,77,27,5,0,1,3,1,26,4,5,5,0,2,18,12,0,1,8,0,0,6,7,5,0,2,2,0,0,0,0,0,0,0,3,0,0,3,0,3,0,14,2,6,5,3,2,2,0,0,0,0,0,0,0,0,0,0,0,0,0,6,1,3,0,1,0,10,4,1,2,0,0,0,4,3
11 - Πέλλας,168 E.T. Δήμου Πέλλας,511,285,3,0,3,282,91,5,19,12,15,44,26,124,28,25,45,6,59,30,5,0,3,2,1,24,10,4,5,1,2,11,4,0,1,2,1,1,0,4,1,1,0,2,0,0,0,0,0,0,0,0,0,0,0,0,0,0,10,2,5,1,1,3,1,0,0,0,0,0,0,2,1,0,1,0,0,0,6,3,3,0,3,0,7,3,2,0,1,0,0,4,1
11 - Πέλλας,169 E.T. Δήμου Πέλλας,513,298,5,2,7,291,97,6,23,11,18,46,21,111,22,11,48,2,60,30,7,5,2,2,3,18,1,8,0,1,2,11,8,1,2,2,2,0,5,8,4,1,1,5,0,0,0,1,0,1,1,0,0,0,0,0,0,0,17,4,6,1,3,2,3,0,0,0,0,0,0,0,0,0,0,0,0,0,14,3,6,1,2,3,4,3,1,1,1,0,0,6,4
11 - Πέλλας,170 E.T. Δήμου Πέλλας,513,351,3,0,3,348,97,10,19,5,20,44,30,159,29,13,45,4,73,41,10,4,2,4,1,34,4,11,3,2,2,19,5,0,1,3,0,0,5,14,4,3,0,4,2,0,0,1,1,0,1,2,0,1,1,0,1,1,8,0,3,1,2,1,1,0,0,0,0,0,0,2,1,1,1,0,0,0,5,2,2,1,1,0,9,7,1,1,0,0,0,1,0
11 - Πέλλας,171 E.T. Δήμου Πέλλας,413,280,3,0,3,277,75,1,10,1,49,26,5,147,62,49,54,8,51,23,4,0,1,2,0,13,5,2,0,0,0,3,2,0,1,1,0,1,0,2,1,0,1,0,0,0,0,0,0,0,0,1,1,0,0,0,0,0,20,5,3,1,2,3,3,0,0,0,0,0,0,4,2,2,0,0,0,0,1,0,0,0,0,0,6,5,0,2,0,0,0,2,2
11 - Πέλλας,172 E.T. Δήμου Πέλλας,217,122,1,0,1,121,18,1,1,1,7,9,8,78,38,13,28,4,21,19,5,0,0,0,0,2,1,1,0,0,0,2,0,0,0,0,0,0,0,0,0,0,0,0,0,0,0,0,0,0,0,1,0,0,0,0,0,0,10,2,6,0,2,1,2,0,0,0,0,0,0,0,0,0,0,0,0,0,4,0,0,0,0,0,0,0,0,0,0,0,0,3,0
11 - Πέλλας,173 E.T. Δήμου Πέλλας,521,203,7,0,7,196,51,4,8,4,16,21,17,97,26,9,22,4,54,22,3,0,0,0,0,14,1,7,1,1,0,11,12,2,2,4,0,0,9,7,0,0,0,0,0,0,0,0,0,0,0,0,0,0,0,0,0,0,6,2,1,2,0,1,1,0,0,0,0,0,0,0,0,0,0,0,0,0,2,0,2,2,0,0,1,0,0,0,0,0,0,3,0
11 - Πέλλας,174 E.T. Δήμου Πέλλας,539,252,1,1,2,250,85,5,17,7,19,41,28,93,17,23,28,4,50,26,4,0,0,0,0,33,5,13,2,3,3,24,11,0,0,0,0,0,0,2,0,0,0,0,0,0,0,1,0,0,0,1,0,0,0,0,0,0,9,2,8,2,2,0,0,0,0,0,0,0,0,1,0,0,0,0,0,0,3,1,1,0,0,0,2,0,0,0,0,0,0,5,0
11 - Πέλλας,175 E.T. Δήμου Πέλλας,524,239,0,1,1,238,65,6,16,6,12,27,17,110,24,21,35,2,55,34,9,4,4,5,1,22,2,6,1,1,3,16,8,1,1,3,1,0,3,1,0,0,0,0,0,0,0,0,0,0,0,0,0,0,0,0,0,0,7,1,3,1,2,1,0,0,0,0,0,0,0,0,0,0,0,0,0,0,9,1,1,1,1,0,3,1,2,1,0,0,0,4,1
11 - Πέλλας,176 E.T. Δήμου Πέλλας,520,249,2,3,5,244,81,9,24,6,29,39,25,85,0,10,24,2,55,24,4,0,0,0,0,23,3,6,1,3,2,18,13,2,3,5,0,0,8,3,0,0,0,0,0,0,0,0,0,0,0,0,0,0,0,0,0,0,13,3,6,1,0,3,3,0,0,0,0,0,0,0,0,0,1,0,0,0,9,0,3,2,1,2,5,0,0,0,0,0,0,7,0
11 - Πέλλας,177 E.T. Δήμου Πέλλας,522,247,1,1,2,245,68,5,21,5,14,31,17,93,18,14,36,2,39,27,9,0,0,0,0,31,5,6,1,2,6,26,1,0,0,1,0,0,1,6,0,0,0,0,0,0,0,0,0,0,0,2,0,0,0,0,0,0,13,4,3,3,1,0,1,1,0,0,0,0,0,0,0,0,1,0,0,0,7,1,4,2,0,0,1,0,0,0,0,0,0,12,0
11 - Πέλλας,178 E.T. Δήμου Πέλλας,522,256,3,0,3,253,67,3,22,2,8,26,22,91,26,10,19,1,52,18,12,0,0,0,0,20,5,3,2,0,0,16,14,1,1,7,0,1,7,6,0,0,0,0,0,0,0,3,0,0,0,0,0,0,0,0,0,0,17,4,6,4,0,1,1,2,0,0,0,0,0,1,0,0,1,0,0,0,8,1,2,2,3,0,5,0,0,0,0,0,0,6,0
11 - Πέλλας,179 E.T. Δήμου Πέλλας,520,225,6,3,9,216,64,7,15,4,10,31,22,90,21,20,32,3,45,15,6,0,0,0,0,18,2,8,2,2,4,12,6,1,0,2,0,0,3,6,0,0,0,0,0,0,0,1,0,0,0,0,0,0,0,0,0,0,12,5,4,4,0,2,0,0,0,0,0,1,0,0,0,0,0,0,0,0,7,2,1,0,0,0,3,0,0,0,0,0,0,2,0
11 - Πέλλας,180 E.T. Δήμου Πέλλας,527,244,6,0,6,238,77,1,19,2,16,42,23,96,31,23,34,1,40,21,6,1,2,2,1,23,2,5,1,1,0,21,6,0,0,4,0,1,5,4,0,0,0,0,0,0,0,1,0,0,0,0,0,0,0,0,0,0,7,4,3,0,1,1,0,1,0,0,1,0,0,0,0,0,0,0,0,0,7,1,1,4,2,2,7,2,0,0,0,0,0,3,1
11 - Πέλλας,181 E.T. Δήμου Πέλλας,553,236,4,1,5,231,65,3,12,3,10,42,14,102,24,19,34,2,52,24,4,0,1,2,0,19,5,8,1,0,0,15,5,0,0,3,0,0,3,3,2,1,0,1,0,0,0,0,0,0,0,1,0,0,0,0,0,0,14,4,6,0,1,2,1,1,0,1,0,1,1,0,0,0,8,0,0,0,3,0,2,0,1,0,0,1,1,2,0,5,0,0,5
11 - Πέλλας,182 E.T. Δήμου Πέλλας,548,222,3,2,5,217,83,10,19,3,15,35,23,81,16,14,33,2,39,17,5,0,0,0,0,13,2,7,1,0,0,7,9,0,0,5,0,0,4,4,0,0,0,0,0,0,0,1,0,0,0,0,0,0,0,0,0,0,7,2,2,1,0,0,1,0,0,0,0,0,0,0,0,0,0,0,0,0,7,1,1,2,0,0,3,0,0,0,0,0,0,4,0
11 - Πέλλας,183 E.T. Δήμου Πέλλας,552,276,2,1,3,273,75,6,22,4,15,31,22,105,20,13,33,2,53,32,9,0,0,0,0,39,5,11,5,1,0,31,4,1,1,1,0,0,3,5,0,0,0,0,0,0,0,1,0,0,0,0,0,0,0,0,0,0,13,2,8,2,2,1,1,1,0,0,0,1,0,1,0,0,0,0,0,0,9,1,1,2,2,2,7,0,0,0,0,0,0,3,0
11 - Πέλλας,184 E.T. Δήμου Πέλλας,182,119,4,1,5,114,44,3,13,4,10,23,5,47,6,13,23,1,22,13,1,0,0,0,0,7,0,0,1,0,1,6,3,1,2,1,0,0,0,0,0,0,0,0,0,0,0,0,0,0,0,0,0,0,0,0,0,0,6,1,5,0,3,1,2,0,0,0,0,0,0,0,0,0,0,0,0,0,0,0,0,0,0,0,5,0,0,0,0,0,0,1,0
11 - Πέλλας,185 E.T. Δήμου Πέλλας,387,190,2,1,3,187,46,0,10,1,12,19,11,90,40,3,34,0,27,30,10,0,0,0,0,14,3,0,2,2,0,13,1,0,0,0,1,0,0,0,0,0,0,0,0,0,0,0,0,0,0,0,0,0,0,0,0,0,16,4,4,7,2,0,0,0,0,0,0,0,0,0,0,0,1,0,0,0,3,0,0,2,0,0,1,0,0,0,0,0,0,5,0
11 - Πέλλας,186 E.T. Δήμου Πέλλας,417,255,0,1,1,254,72,9,12,8,20,28,28,115,63,5,65,2,32,22,9,0,0,0,0,26,6,2,1,4,2,17,5,1,0,2,0,0,4,4,0,0,0,0,0,0,0,0,0,0,0,0,0,0,0,0,0,0,10,3,3,5,0,2,1,0,0,0,0,0,0,0,0,0,0,0,0,0,7,1,6,2,1,1,2,0,0,0,0,0,0,4,0
11 - Πέλλας,187 E.T. Δήμου Πέλλας,463,267,5,2,7,260,75,4,29,8,18,28,19,124,42,6,0,0,60,34,9,0,0,0,0,23,0,3,2,2,1,13,4,1,2,1,0,0,1,3,0,0,0,0,0,0,0,0,0,0,0,0,0,0,0,0,0,0,11,0,5,2,2,1,2,0,0,0,0,0,0,2,0,0,1,0,0,0,4,1,1,0,0,0,2,0,0,0,0,0,0,2,0
11 - Πέλλας,188 E.T. Δήμου Πέλλας,562,316,6,2,8,308,87,6,18,5,15,33,24,129,43,18,45,1,53,27,14,0,0,0,0,24,5,7,1,0,4,15,6,0,0,0,0,0,1,5,0,0,0,0,0,0,0,0,0,0,0,0,0,0,0,0,0,0,17,2,3,4,2,0,0,0,0,0,0,0,0,2,0,0,0,0,0,0,8,1,1,1,0,0,7,0,0,0,0,0,0,9,0
11 - Πέλλας,189 E.T. Δήμου Πέλλας,568,322,1,1,2,320,90,5,4,3,18,52,22,156,27,18,59,3,65,43,11,3,3,6,2,13,6,3,0,0,2,9,6,0,1,2,0,0,2,3,1,1,2,1,0,0,0,0,0,0,0,1,0,0,0,1,0,0,21,4,8,4,2,1,5,0,0,0,0,0,0,0,0,0,0,0,0,0,4,0,1,1,2,1,12,7,2,0,0,0,0,3,0
11 - Πέλλας,190 E.T. Δήμου Πέλλας,569,331,2,2,4,327,63,6,11,1,13,32,16,168,42,27,62,2,72,28,5,0,0,3,0,36,7,9,6,1,3,25,3,1,0,1,0,0,1,7,1,0,2,1,0,1,0,1,0,0,1,0,0,0,0,0,0,0,18,3,6,5,2,1,3,1,0,0,1,0,0,2,2,2,0,0,0,0,7,1,0,3,0,0,8,7,3,1,0,0,0,7,4
11 - Πέλλας,191 E.T. Δήμου Πέλλας,567,310,4,2,6,304,91,10,13,8,20,37,32,117,21,30,52,7,54,28,8,2,2,3,2,24,5,10,1,3,0,13,9,2,0,6,3,0,6,5,0,0,2,1,0,1,0,1,0,1,0,0,0,0,0,0,0,0,20,2,5,3,2,2,5,0,0,0,0,0,0,4,4,1,1,1,0,0,9,1,2,3,3,3,10,10,0,0,0,0,0,4,1
11 - Πέλλας,192 E.T. Δήμου Πέλλας,565,319,3,2,5,314,86,8,22,5,17,29,23,112,22,18,55,1,57,27,14,0,0,0,0,26,8,5,6,0,3,12,13,1,3,3,0,0,4,5,0,0,0,0,0,0,0,2,0,0,0,0,0,0,0,0,0,0,22,1,10,2,4,3,3,1,0,0,0,0,0,0,0,0,1,0,0,0,12,2,4,2,1,0,12,0,0,0,0,0,0,8,0
11 - Πέλλας,193 E.T. Δήμου Πέλλας,532,282,5,2,7,275,60,6,7,3,5,34,16,124,24,29,59,2,61,19,14,2,4,8,3,28,6,2,0,1,2,17,10,0,3,4,0,0,6,1,0,0,0,0,0,0,0,0,0,0,0,0,0,0,0,0,0,0,20,4,10,1,5,2,3,1,1,1,0,1,0,0,0,0,0,0,0,0,5,1,0,1,0,2,7,7,0,1,1,0,0,4,3
11 - Πέλλας,194 E.T. Δήμου Πέλλας,564,308,7,2,9,299,103,4,16,7,19,40,34,97,23,16,27,1,42,16,7,2,2,2,2,29,9,12,4,0,0,19,7,1,0,0,1,2,2,4,0,1,0,0,0,0,0,0,0,0,0,0,0,0,0,0,0,0,23,4,9,4,3,1,4,0,0,0,0,0,0,2,1,0,0,0,0,0,17,2,3,4,1,0,2,1,0,0,0,0,0,2,5
11 - Πέλλας,195 E.T. Δήμου Πέλλας,554,321,8,1,9,312,68,7,6,4,17,41,23,150,30,36,27,5,74,25,15,0,0,0,0,26,9,4,3,0,2,17,7,0,0,6,1,1,4,9,0,0,0,0,0,0,0,0,0,0,0,0,0,0,0,0,0,0,17,4,11,2,4,1,3,1,0,0,0,0,0,2,0,0,0,0,0,0,5,0,1,2,0,1,5,0,0,0,0,0,0,7,0
11 - Πέλλας,196 E.T. Δήμου Πέλλας,31,16,0,0,0,16,6,0,4,1,1,4,1,8,2,1,5,0,2,4,0,0,0,0,0,1,1,0,0,0,0,1,0,0,0,0,0,0,0,0,0,0,0,0,0,0,0,0,0,0,0,0,0,0,0,0,0,0,1,0,0,0,0,0,0,0,0,0,0,0,0,0,0,0,0,0,0,0,0,0,0,0,0,0,0,0,0,0,0,0,0,0,0
11 - Πέλλας,197 E.T. Δήμου Πέλλας,27,16,0,0,0,16,2,0,0,0,1,2,0,8,0,5,5,0,2,0,0,0,0,0,0,0,0,0,0,0,0,0,0,0,0,0,0,0,0,0,0,0,0,0,0,0,0,0,0,0,0,0,0,0,0,0,0,0,1,0,0,0,0,0,0,1,0,0,1,0,0,0,0,0,0,0,0,0,3,0,1,1,0,0,0,0,0,0,0,0,0,1,0
11 - Πέλλας,198 E.T. Δήμου Πέλλας,495,298,3,1,4,294,97,4,37,8,13,56,30,89,29,13,26,2,33,15,12,0,0,0,0,35,10,13,1,4,0,19,7,1,2,5,1,0,4,8,0,0,0,0,0,0,0,0,0,0,0,0,0,0,0,0,0,0,22,2,8,1,4,1,3,2,0,0,0,0,0,0,0,0,0,0,0,0,8,1,2,2,1,1,10,0,0,0,0,0,0,4,0
11 - Πέλλας,199 E.T. Δήμου Πέλλας,437,288,1,1,2,286,88,6,22,1,27,54,24,117,28,13,41,2,56,27,8,2,2,3,1,28,7,12,0,7,4,16,4,0,3,3,1,0,1,3,1,1,1,2,0,1,1,0,0,0,0,2,1,2,0,0,0,1,10,3,5,2,3,1,3,0,0,0,0,0,0,1,1,1,1,1,0,1,12,1,3,7,1,3,5,4,1,1,0,0,0,6,2
11 - Πέλλας,200 E.T. Δήμου Πέλλας,555,378,4,4,8,370,175,1,92,0,38,111,6,113,18,46,0,45,7,0,8,0,0,0,0,24,1,1,2,0,5,17,17,2,7,7,0,0,14,1,0,0,0,0,0,0,0,0,0,0,0,0,0,0,0,0,0,0,14,3,2,0,1,4,2,8,0,0,0,0,0,0,0,0,0,0,0,0,5,1,1,2,1,0,0,0,0,0,0,0,0,5,0
11 - Πέλλας,201 E.T. Δήμου Πέλλας,545,359,5,3,8,351,124,0,57,1,14,85,3,150,48,24,76,0,60,25,6,0,0,0,0,25,2,0,1,2,13,14,9,0,2,5,0,0,5,5,0,0,0,0,0,0,0,0,0,0,0,0,0,0,0,0,0,0,11,1,4,1,2,2,1,9,0,0,0,0,0,1,0,0,1,0,0,0,3,0,0,1,2,0,0,0,0,0,0,0,0,7,0
11 - Πέλλας,202 E.T. Δήμου Πέλλας,477,246,4,2,6,240,98,0,59,3,22,57,8,93,16,17,37,6,48,29,8,0,0,0,0,13,2,2,0,0,0,10,5,1,0,2,0,0,4,0,0,0,0,0,0,0,0,0,0,0,0,0,0,0,0,0,0,0,10,4,1,0,6,1,1,0,0,0,0,0,0,1,0,0,0,0,0,0,5,1,1,2,1,0,3,0,0,0,0,0,0,4,0
11 - Πέλλας,203 E.T. Δήμου Πέλλας,356,206,11,0,11,195,109,1,66,4,22,60,6,51,14,5,31,1,15,8,4,0,1,3,0,14,1,5,0,1,0,10,1,0,0,0,0,0,0,1,0,0,0,0,0,0,0,0,0,0,0,0,0,0,0,0,0,0,9,5,5,0,0,1,1,0,0,0,0,0,0,1,0,0,0,0,0,0,1,0,0,0,0,0,3,2,0,0,2,0,0,1,1
11 - Πέλλας,204 E.T. Δήμου Πέλλας,359,192,4,1,5,187,82,3,54,2,4,44,4,53,12,5,23,1,26,16,4,0,0,0,0,18,3,6,0,1,1,10,2,0,0,2,0,0,1,1,0,0,0,0,0,0,0,2,0,0,0,2,0,0,0,0,0,0,11,7,4,4,1,0,0,0,0,0,0,0,0,0,0,0,0,0,0,0,4,1,1,0,0,0,2,0,0,0,0,0,0,6,0
11 - Πέλλας,205 E.T. Δήμου Πέλλας,547,248,4,1,5,243,65,8,5,12,18,22,28,120,32,11,56,8,27,55,9,0,0,0,0,13,9,4,4,0,0,1,7,0,1,4,0,0,4,1,0,0,0,0,0,0,0,0,0,0,0,0,0,0,0,0,0,0,16,1,12,3,1,0,2,4,0,0,0,0,0,1,0,0,0,0,0,0,3,0,1,1,0,0,1,0,0,0,0,0,0,3,0
11 - Πέλλας,206 E.T. Δήμου Πέλλας,541,274,3,0,3,271,42,2,7,5,7,27,14,157,48,20,89,5,32,64,13,0,0,0,0,17,6,4,10,1,1,2,1,0,0,0,0,0,0,4,0,0,0,0,0,0,0,0,0,0,0,8,0,0,0,0,0,0,23,1,21,0,0,0,0,0,0,0,0,0,0,1,0,0,1,0,0,0,2,0,0,0,0,0,1,0,0,0,0,0,0,1,0
11 - Πέλλας,207 E.T. Δήμου Πέλλας,530,286,5,1,6,280,60,6,1,6,10,35,13,146,44,16,71,7,26,61,13,0,0,0,0,17,9,1,4,1,3,5,4,0,0,2,1,1,2,1,0,0,0,0,0,0,0,2,0,0,0,3,0,0,0,0,0,0,16,4,8,1,2,4,3,0,0,0,0,3,0,2,0,0,3,0,0,0,3,0,0,0,0,0,0,0,0,0,0,7,0,0,0
11 - Πέλλας,208 E.T. Δήμου Πέλλας,532,232,5,2,7,225,54,4,4,5,11,21,15,97,29,9,35,4,31,44,14,0,0,0,0,8,1,1,3,0,1,3,7,1,0,2,1,1,5,2,0,0,0,0,0,0,0,0,0,0,0,3,0,0,0,0,0,0,30,2,23,1,2,3,1,0,0,0,0,0,0,4,0,0,1,0,0,0,3,0,0,0,0,0,1,0,0,0,0,0,0,1,0
11 - Πέλλας,209 E.T. Δήμου Πέλλας,512,269,4,2,6,263,56,8,8,5,12,26,18,116,19,20,61,11,37,53,12,0,0,0,0,25,9,1,8,1,5,13,11,1,1,6,0,0,6,4,0,0,0,0,0,0,0,1,0,0,0,1,0,0,0,0,0,0,13,0,13,0,0,0,0,0,0,0,0,0,0,1,0,0,0,0,0,0,12,2,4,5,0,1,1,0,0,0,0,0,0,10,0
11 - Πέλλας,210 E.T. Δήμου Πέλλας,515,267,4,0,4,263,42,10,4,5,13,18,8,152,55,14,111,14,34,60,9,0,0,0,0,11,1,1,6,1,0,0,10,1,3,5,1,1,3,2,0,0,0,0,0,1,0,0,0,0,0,2,0,0,0,0,0,0,20,1,17,1,0,3,4,0,0,0,0,0,0,1,0,0,0,0,0,0,7,2,0,2,1,3,3,0,0,0,0,0,0,3,0
11 - Πέλλας,211 E.T. Δήμου Πέλλας,514,229,6,1,7,222,56,10,3,4,7,33,11,123,50,9,55,2,26,49,8,0,0,0,0,9,4,4,2,0,1,2,5,0,0,1,0,0,1,1,0,0,0,0,0,0,0,0,0,0,0,0,0,0,0,0,0,0,16,3,13,2,2,0,0,0,0,0,0,0,0,0,0,0,0,0,0,0,1,0,0,0,0,0,2,0,0,0,0,0,0,1,0
11 - Πέλλας,212 E.T. Δήμου Πέλλας,510,246,4,1,5,241,60,6,11,4,15,25,17,98,25,8,29,0,33,31,18,0,0,0,0,9,2,0,5,2,1,6,4,0,0,0,0,0,0,2,0,0,0,0,0,0,0,2,0,0,0,1,0,0,0,0,0,0,20,1,14,1,1,1,4,1,0,0,0,0,0,0,0,0,2,0,0,0,11,1,2,1,0,2,6,0,0,0,0,0,0,7,0
11 - Πέλλας,213 E.T. Δήμου Πέλλας,530,245,5,5,10,235,43,4,5,7,6,17,13,128,43,13,52,5,38,42,11,0,0,0,0,11,7,3,2,0,0,5,5,0,0,2,0,1,1,2,0,0,0,0,0,0,0,0,0,0,0,2,0,0,0,0,0,0,20,4,15,1,1,0,0,0,0,0,0,0,0,1,0,0,1,0,0,0,5,0,0,0,0,0,4,0,0,0,0,0,0,2,0
11 - Πέλλας,214 E.T. Δήμου Πέλλας,513,250,2,2,4,246,43,4,6,5,7,23,13,149,36,22,78,5,37,53,18,0,0,0,0,6,2,0,3,0,2,1,0,0,0,0,0,0,0,1,0,0,0,0,0,0,0,0,0,0,0,2,0,0,0,0,0,0,17,0,15,0,1,0,0,0,0,0,0,0,0,0,0,0,0,0,0,0,3,1,1,0,0,1,2,0,0,0,0,0,0,5,0
11 - Πέλλας,215 E.T. Δήμου Πέλλας,515,242,3,1,4,238,43,4,4,3,6,20,15,120,43,10,70,5,28,41,7,0,1,7,1,23,13,0,8,3,1,10,8,0,2,3,0,0,5,3,2,2,0,1,1,0,0,1,1,0,1,0,0,0,0,0,0,0,17,2,14,2,0,0,3,0,0,0,0,0,0,0,0,0,1,1,0,0,6,1,3,3,2,0,6,6,0,1,0,0,0,3,0
11 - Πέλλας,216 E.T. Δήμου Πέλλας,554,286,5,0,5,281,52,2,6,4,9,30,17,163,68,12,57,6,36,69,16,0,0,0,0,15,8,3,2,0,1,5,3,0,0,2,0,0,2,4,0,0,0,0,0,0,0,0,0,0,0,0,0,0,0,0,0,0,19,3,15,1,3,2,1,0,0,0,0,0,0,0,0,0,0,0,0,0,4,0,0,1,0,0,1,0,0,0,0,0,0,4,0
11 - Πέλλας,217 E.T. Δήμου Πέλλας,403,241,5,2,7,234,53,4,5,8,4,27,12,107,26,26,51,8,36,23,18,0,0,0,0,20,14,2,9,0,2,5,1,0,0,1,0,0,0,4,0,0,0,0,0,0,0,2,0,0,0,0,0,0,0,0,0,0,25,3,16,3,3,2,5,0,0,0,0,0,0,0,0,0,1,0,0,0,1,0,0,0,0,0,0,0,0,0,0,0,0,2,0
11 - Πέλλας,218 E.T. Δήμου Πέλλας,401,233,2,2,4,229,69,4,4,1,10,28,31,108,28,15,50,4,34,33,7,0,0,3,1,23,4,2,6,6,0,15,3,1,1,0,1,0,2,3,0,0,0,0,0,0,0,0,0,0,0,0,0,0,0,0,0,0,11,2,6,3,1,1,1,0,0,0,0,0,0,0,0,0,1,0,0,0,3,0,2,0,0,0,1,0,0,0,0,0,0,0,0
11 - Πέλλας,219 E.T. Δήμου Πέλλας,411,257,1,1,2,255,53,3,4,4,5,22,32,148,32,16,80,4,48,44,14,1,1,1,3,15,6,0,3,3,1,9,1,0,0,1,0,0,1,1,0,0,0,0,0,0,0,1,0,0,0,0,0,0,0,0,0,0,15,2,2,1,0,0,4,0,0,0,0,0,0,3,0,0,0,0,0,0,1,0,1,1,0,0,0,0,0,0,0,0,0,3,0
11 - Πέλλας,220 E.T. Δήμου Πέλλας,478,225,3,3,6,219,66,3,2,7,22,28,10,104,20,19,52,2,40,21,8,0,2,7,2,19,12,2,3,0,0,8,6,0,0,1,0,2,2,1,0,0,0,0,0,0,0,0,0,0,0,0,0,0,0,0,0,0,8,0,4,2,1,0,2,0,0,0,0,0,0,0,0,0,0,0,0,0,4,0,0,2,2,1,0,0,0,0,0,0,0,3,0
11 - Πέλλας,221 E.T. Δήμου Πέλλας,450,192,2,0,2,190,50,6,3,11,12,17,11,102,19,9,54,3,28,40,3,0,2,1,0,4,3,0,1,0,0,0,10,0,1,3,0,1,5,2,0,0,0,0,0,0,0,1,0,0,0,1,0,0,0,0,0,0,8,1,5,1,1,0,2,0,0,0,0,0,0,1,0,0,1,0,0,0,4,0,1,1,0,0,0,0,0,0,0,0,0,3,0
11 - Πέλλας,222 E.T. Δήμου Πέλλας,460,200,4,1,5,195,47,6,3,6,20,17,3,103,21,11,51,2,34,30,6,1,0,3,0,6,2,0,5,0,3,1,5,0,0,3,0,1,3,2,0,0,0,0,0,0,0,0,0,0,0,0,0,0,0,0,0,0,19,4,10,1,3,2,2,0,0,0,0,0,0,1,0,0,1,0,0,0,2,1,0,0,0,0,1,0,0,0,0,0,0,2,0
11 - Πέλλας,223 E.T. Δήμου Πέλλας,396,260,0,1,1,259,78,7,16,5,8,57,7,124,35,32,28,13,53,32,5,4,1,0,3,13,6,1,1,1,0,7,2,0,0,1,0,0,1,10,4,0,1,1,1,0,0,0,0,0,0,3,0,3,0,3,0,0,12,2,10,0,2,0,1,0,0,0,0,0,0,0,0,0,0,0,0,0,5,2,1,1,2,2,3,3,1,0,0,0,0,4,4
11 - Πέλλας,224 E.T. Δήμου Πέλλας,483,323,1,2,3,320,66,4,11,5,17,47,4,204,5,53,90,12,73,18,15,0,0,0,0,6,3,0,0,0,0,4,2,0,0,0,0,0,1,2,0,0,0,0,0,0,0,0,0,0,0,0,0,0,0,0,0,0,14,1,9,1,1,0,0,1,0,0,0,0,0,2,0,0,0,0,0,0,3,1,1,1,1,1,4,0,0,0,0,0,0,1,0
11 - Πέλλας,225 E.T. Δήμου Πέλλας,479,334,1,0,1,333,140,5,14,7,11,101,6,128,38,15,85,5,37,73,6,0,0,0,0,22,14,2,0,5,5,3,9,2,1,0,1,0,2,2,0,0,0,0,0,0,0,1,0,0,0,1,0,0,0,0,0,0,12,0,0,0,0,0,0,0,0,0,0,0,0,2,0,0,0,0,0,0,7,1,3,2,0,1,1,0,0,0,0,0,0,2,0
11 - Πέλλας,226 E.T. Δήμου Πέλλας,536,288,3,1,4,284,78,4,9,6,17,35,13,115,28,8,45,1,62,23,8,0,0,0,0,27,17,2,2,0,6,8,4,0,1,1,1,0,4,2,0,0,0,0,0,0,0,0,0,0,0,1,0,0,0,0,0,0,28,6,11,2,6,1,3,0,0,0,0,0,0,2,0,0,0,0,0,0,7,1,0,5,0,2,7,0,0,0,0,0,0,5,0
11 - Πέλλας,227 E.T. Δήμου Πέλλας,541,319,6,0,6,313,50,3,11,3,9,23,11,142,40,12,55,4,65,39,18,0,0,0,0,47,21,8,3,5,6,14,1,0,0,1,0,0,1,5,0,0,0,0,0,0,0,0,0,0,0,2,0,0,0,0,0,0,29,7,9,1,6,6,5,0,0,0,0,1,0,0,0,0,0,0,0,0,6,2,1,0,1,3,4,0,0,0,0,0,0,8,0
11 - Πέλλας,228 E.T. Δήμου Πέλλας,512,283,4,3,7,276,77,9,7,5,20,45,10,117,23,15,38,2,59,32,12,0,0,0,0,23,16,6,1,0,5,5,2,0,0,0,0,0,0,6,0,0,0,0,0,0,0,0,0,0,0,0,0,0,0,0,0,0,25,6,6,2,5,3,4,0,0,0,0,0,0,0,0,0,0,0,0,0,8,1,3,1,1,0,5,0,0,0,0,0,0,1,0
11 - Πέλλας,229 E.T. Δήμου Πέλλας,551,293,2,2,4,289,68,4,13,2,10,41,10,123,19,17,47,3,60,41,10,0,0,0,0,30,5,5,1,0,4,19,2,0,0,0,0,0,1,1,0,0,0,0,0,0,0,2,0,0,0,0,0,0,0,0,0,0,37,4,10,4,3,1,3,0,0,0,0,0,0,0,0,0,0,0,0,0,6,0,4,1,1,0,7,0,0,0,0,0,0,3,0
11 - Πέλλας,230 E.T. Δήμου Πέλλας,562,344,4,4,8,336,82,12,18,5,23,38,17,161,78,17,48,8,56,22,5,0,2,3,1,54,47,7,4,0,3,5,7,0,2,1,1,1,3,2,1,0,1,0,0,0,0,3,0,1,1,0,0,0,0,0,0,0,13,7,6,0,2,2,1,0,0,0,0,0,0,1,0,0,0,0,0,0,3,0,1,1,0,0,0,0,0,0,0,0,0,5,3
11 - Πέλλας,231 E.T. Δήμου Πέλλας,561,358,2,2,4,354,81,9,12,2,41,39,14,189,82,29,63,6,75,28,9,0,0,0,0,50,40,3,4,2,2,10,5,0,0,3,0,0,4,3,0,0,0,0,0,0,0,1,0,0,0,0,0,0,0,0,0,0,12,5,3,1,3,2,2,0,0,0,0,0,0,0,0,0,0,0,0,0,1,0,0,0,0,0,2,0,0,0,0,0,0,1,0
11 - Πέλλας,232 E.T. Δήμου Πέλλας,569,387,1,0,1,386,88,6,12,5,28,42,17,194,73,32,55,8,81,32,14,0,0,0,0,47,39,10,7,1,0,2,0,0,0,0,0,0,0,2,0,0,0,0,0,0,0,2,0,0,0,1,0,0,0,0,0,0,23,5,9,3,7,4,2,0,0,0,0,0,0,1,0,0,0,0,0,0,3,1,0,0,0,0,9,0,0,0,0,0,0,2,0
11 - Πέλλας,233 E.T. Δήμου Πέλλας,284,177,1,1,2,175,55,0,9,0,12,37,6,78,15,16,35,2,23,27,4,0,0,0,0,13,3,1,1,0,2,7,3,0,0,1,0,0,0,3,0,0,0,0,0,0,0,0,0,0,0,1,0,0,0,0,0,0,4,0,1,0,0,2,0,0,0,0,0,0,0,1,0,0,0,0,0,0,5,0,0,1,0,5,4,0,0,0,0,0,0,4,0
11 - Πέλλας,234 E.T. Δήμου Πέλλας,336,187,7,1,8,179,35,2,12,1,2,21,5,94,17,16,49,3,36,25,6,0,0,0,0,15,10,3,2,0,1,9,5,0,1,2,0,0,1,0,0,0,0,0,0,0,0,0,0,0,0,4,0,0,0,0,0,0,10,1,6,3,0,1,3,0,0,0,0,0,0,0,0,0,0,0,0,0,1,0,0,0,0,0,1,0,0,0,0,0,0,8,0
11 - Πέλλας,235 E.T. Δήμου Πέλλας,416,292,5,2,7,285,67,7,15,4,13,48,4,136,73,26,66,0,37,21,14,0,0,0,0,28,15,8,7,6,0,5,2,1,0,0,1,0,0,1,0,0,0,0,0,0,0,1,0,0,0,2,0,0,0,0,0,0,18,5,5,1,2,4,0,0,0,0,0,0,0,3,0,0,0,0,0,0,5,1,1,1,1,0,4,0,0,0,0,0,0,4,0
11 - Πέλλας,236 E.T. Δήμου Πέλλας,520,258,5,0,5,253,69,8,25,8,19,26,21,100,28,11,49,5,40,26,7,0,0,0,0,33,13,10,2,0,6,17,3,0,0,2,0,0,0,4,0,0,0,0,0,0,0,1,0,0,0,1,0,0,0,0,0,0,20,6,6,2,5,2,1,0,0,0,0,0,0,1,0,0,0,0,0,0,3,1,0,1,1,0,6,0,0,0,0,0,0,5,0
11 - Πέλλας,237 E.T. Δήμου Πέλλας,525,286,2,0,2,284,86,10,29,4,29,38,10,124,45,14,53,2,39,50,4,0,0,0,0,22,9,3,2,1,6,14,3,1,1,2,0,0,0,11,0,0,0,0,0,0,0,0,0,0,0,3,0,0,0,0,0,0,15,9,7,2,4,3,0,0,0,0,0,0,0,2,0,0,0,0,0,0,5,0,0,0,0,0,5,0,0,0,0,0,0,4,0
11 - Πέλλας,238 E.T. Δήμου Πέλλας,532,261,6,1,7,254,93,5,20,5,30,48,18,92,27,16,38,0,55,16,8,0,0,0,0,27,12,7,3,4,3,9,2,0,0,0,0,0,0,6,0,0,0,0,0,0,0,0,0,0,0,2,0,0,0,0,0,0,11,2,5,0,5,0,2,0,0,0,0,1,0,1,0,0,1,0,0,0,4,1,0,0,0,0,4,0,0,0,0,0,0,2,0
11 - Πέλλας,239 E.T. Δήμου Πέλλας,561,295,2,1,3,292,119,4,38,2,45,54,24,82,25,16,29,2,34,25,4,0,0,0,0,32,14,6,5,3,4,14,5,1,1,2,0,0,2,8,0,0,0,0,0,0,0,1,0,0,0,2,0,0,0,0,0,0,23,3,3,6,3,4,3,0,0,0,0,0,0,1,0,0,0,0,0,0,9,2,1,2,2,1,3,0,0,0,0,0,0,3,0
11 - Πέλλας,240 E.T. Δήμου Πέλλας,565,279,2,0,2,277,90,2,22,3,40,44,13,104,22,34,50,2,45,20,6,0,0,0,0,36,18,4,8,2,8,14,3,0,0,2,0,0,3,4,0,0,0,0,0,0,0,0,0,0,0,0,0,0,0,0,0,0,20,4,6,5,6,4,3,0,0,0,0,0,0,1,0,0,0,0,0,0,2,1,1,0,0,0,7,0,0,0,0,0,0,4,0
11 - Πέλλας,241 E.T. Δήμου Πέλλας,446,310,2,2,4,306,86,4,21,1,29,49,8,134,35,15,70,4,57,30,9,0,0,0,0,32,21,6,1,2,1,5,3,0,0,2,0,0,2,3,0,0,0,0,0,0,0,0,0,0,0,3,0,0,0,0,0,0,19,1,6,1,7,2,1,1,0,0,0,1,0,0,0,0,0,0,0,0,1,0,0,0,0,0,7,0,0,0,0,0,0,7,0
11 - Πέλλας,242 E.T. Δήμου Πέλλας,428,294,1,0,1,293,62,6,13,4,23,42,8,153,33,30,78,5,64,25,14,0,0,0,0,16,10,6,0,0,0,6,12,0,1,4,0,1,5,5,0,0,0,0,0,0,0,1,0,0,0,0,0,0,0,0,0,0,17,5,10,1,3,0,1,1,0,0,0,1,0,0,0,0,0,0,0,0,1,0,1,0,0,0,5,0,0,0,0,0,0,5,0
11 - Πέλλας,243 E.T. Δήμου Πέλλας,446,277,3,2,5,272,78,3,44,3,11,47,4,105,25,8,49,1,67,54,15,0,0,0,0,40,38,4,1,0,3,19,0,0,0,0,0,0,0,5,0,0,0,0,0,0,0,2,0,0,0,0,0,0,0,0,0,0,16,5,3,1,3,1,1,1,0,0,0,0,0,1,0,0,3,0,0,0,3,0,1,0,0,1,0,0,0,0,0,0,0,3,0
11 - Πέλλας,244 E.T. Δήμου Πέλλας,305,216,0,1,1,215,46,2,11,2,10,12,10,106,47,16,49,4,38,8,8,0,0,0,0,28,4,0,3,1,1,26,5,0,0,0,3,0,3,2,0,0,0,0,0,0,0,0,0,0,0,0,0,0,0,0,0,0,11,0,5,2,1,0,0,0,0,0,0,0,0,1,0,0,0,0,0,0,1,1,0,0,0,0,1,0,0,0,0,0,0,6,0
11 - Πέλλας,245 E.T. Δήμου Πέλλας,482,300,5,3,8,292,83,4,16,5,26,42,27,119,35,20,62,4,38,25,17,0,0,0,0,36,20,1,1,3,3,28,6,0,0,3,1,0,3,9,0,0,0,0,0,0,0,1,0,0,0,3,0,0,0,0,0,0,7,0,3,2,1,0,0,1,0,0,0,0,0,1,0,0,2,0,0,0,5,1,1,2,0,1,1,0,0,0,0,0,0,1,0
11 - Πέλλας,246 E.T. Δήμου Πέλλας,482,319,2,4,6,313,87,5,10,2,21,62,21,143,33,10,65,4,69,32,10,3,1,7,5,34,22,2,3,3,5,18,5,2,1,1,0,0,0,1,0,0,0,0,0,0,0,0,0,0,0,0,0,0,0,0,0,0,24,9,7,1,3,1,0,0,0,0,0,0,0,4,3,3,1,0,0,0,3,0,1,1,0,0,0,0,0,0,0,0,0,1,1
11 - Πέλλας,247 E.T. Δήμου Πέλλας,480,326,6,0,6,320,107,0,25,2,41,66,20,128,33,13,63,4,37,41,9,3,1,5,2,26,11,1,1,1,4,14,8,1,0,5,0,0,1,6,2,1,2,2,1,0,0,1,0,0,0,1,1,0,1,0,0,0,16,1,3,1,1,3,2,0,0,0,0,0,0,1,1,0,0,0,0,0,8,2,1,0,1,1,2,1,0,0,0,0,0,7,4
11 - Πέλλας,248 E.T. Δήμου Πέλλας,484,338,3,0,3,335,120,5,27,8,41,78,22,121,25,18,67,5,60,19,12,4,1,7,5,45,24,0,0,7,6,29,0,0,0,0,0,0,0,14,4,0,3,2,1,0,0,1,1,0,1,1,0,1,1,0,0,0,9,2,2,4,2,3,1,0,0,0,0,0,0,2,2,2,0,0,0,0,8,0,1,3,3,1,1,0,1,1,0,0,0,1,0
11 - Πέλλας,249 E.T. Δήμου Πέλλας,275,165,0,1,1,164,30,2,8,3,5,10,3,85,33,12,44,1,23,10,3,0,0,0,0,18,13,1,1,1,0,4,4,0,0,0,2,0,1,1,0,0,0,0,0,0,0,1,1,0,0,0,0,0,0,0,0,0,9,2,2,1,2,1,0,0,0,0,0,0,0,1,1,0,2,1,1,0,0,0,0,0,0,0,7,2,1,1,1,0,0,3,1
11 - Πέλλας,250 E.T. Δήμου Πέλλας,318,206,2,1,3,203,66,5,5,4,11,43,10,72,21,17,38,3,21,7,8,0,0,0,0,32,18,2,3,2,3,14,4,0,1,0,1,0,1,3,0,0,0,0,0,0,0,1,0,0,0,0,0,0,0,0,0,0,4,2,1,0,0,1,0,2,0,0,0,0,0,0,0,0,1,0,0,0,4,1,1,2,1,0,3,0,0,0,0,0,0,3,0
11 - Πέλλας,251 E.T. Δήμου Πέλλας,497,320,4,1,5,315,69,6,12,7,16,29,14,170,33,19,98,12,59,38,15,4,2,9,3,14,9,3,0,0,1,5,2,0,0,2,0,0,2,6,1,2,1,0,1,0,0,1,0,0,1,9,0,8,1,0,0,0,11,4,2,1,3,1,1,0,0,0,0,0,0,2,1,0,1,0,1,0,5,1,2,1,0,1,5,2,0,1,0,0,0,5,3
11 - Πέλλας,252 E.T. Δήμου Πέλλας,499,345,5,4,9,336,78,4,16,5,26,37,18,190,44,32,95,16,71,48,20,0,0,0,0,11,6,2,2,2,1,5,0,0,0,0,0,0,0,2,0,0,0,0,0,0,0,0,0,0,0,2,0,0,0,0,0,0,14,1,3,1,3,1,0,1,0,0,0,1,0,1,0,0,0,0,0,0,8,3,4,0,1,1,2,0,0,0,0,0,0,6,0
11 - Πέλλας,253 E.T. Δήμου Πέλλας,510,281,1,0,1,280,61,3,13,4,18,34,9,149,22,18,88,4,52,31,10,1,1,6,4,20,10,2,0,1,4,10,2,0,0,0,0,0,0,2,1,0,0,0,1,0,0,0,0,0,0,0,0,0,0,0,0,0,14,4,5,1,4,2,3,1,0,0,0,0,0,2,1,1,0,0,0,0,12,0,9,1,0,2,4,4,0,3,0,0,0,3,1
11 - Πέλλας,254 E.T. Δήμου Πέλλας,514,321,3,0,3,318,100,2,29,4,28,32,23,145,22,11,72,9,55,42,22,6,5,15,3,9,7,0,1,0,3,3,4,1,1,2,0,0,1,5,0,0,2,0,0,0,0,0,0,0,0,2,0,2,0,0,0,0,15,8,5,0,2,2,3,0,0,0,0,0,0,2,1,0,0,0,0,0,8,1,4,0,4,0,1,0,0,0,0,0,0,5,2
11 - Πέλλας,255 E.T. Δήμου Πέλλας,510,314,2,3,5,309,64,1,15,2,17,34,4,150,39,4,100,10,55,20,6,2,0,2,2,28,15,4,2,4,3,10,0,0,0,0,0,0,0,5,2,0,1,1,0,0,0,1,0,0,0,1,0,0,1,0,0,0,38,2,19,2,9,0,5,0,0,0,0,0,0,3,3,2,0,0,0,0,4,0,0,1,1,2,1,1,0,0,0,0,0,8,3
11 - Πέλλας,256 E.T. Δήμου Πέλλας,413,289,0,2,2,287,66,3,10,4,15,43,10,156,31,27,83,10,65,22,15,0,0,0,0,12,7,1,0,2,1,4,13,0,2,9,3,0,10,3,0,0,0,0,0,0,0,1,0,0,0,0,0,0,0,0,0,0,12,3,4,1,1,2,0,0,0,0,0,0,0,3,0,0,1,0,0,0,1,0,0,0,0,0,4,0,0,0,0,0,0,0,0
11 - Πέλλας,257 E.T. Δήμου Πέλλας,476,349,4,1,5,344,110,10,12,11,20,76,11,161,28,25,91,12,45,30,14,3,3,5,2,20,14,6,0,3,0,9,12,0,1,4,2,0,5,4,0,0,0,0,0,1,1,1,0,0,0,0,0,0,0,0,0,0,15,5,5,3,0,4,0,0,0,0,0,0,0,0,0,0,1,0,0,0,2,0,0,0,0,0,3,3,0,0,1,0,0,0,0
11 - Πέλλας,258 E.T. Δήμου Πέλλας,404,269,1,1,2,267,78,2,17,5,9,57,9,121,30,23,54,6,45,22,13,0,0,0,0,18,6,0,0,2,6,8,10,0,1,3,1,0,5,3,0,0,0,0,0,0,0,0,0,0,0,0,0,0,0,0,0,0,16,8,4,3,1,2,4,1,0,0,0,0,0,0,0,0,0,0,0,0,5,1,1,0,1,3,0,0,0,0,0,0,0,2,0
11 - Πέλλας,259 E.T. Δήμου Πέλλας,550,346,0,3,3,343,58,3,13,5,9,28,1,165,58,64,90,6,26,31,10,0,0,0,0,55,37,6,3,10,3,21,3,0,0,0,2,0,0,3,0,0,0,0,0,0,0,1,0,0,0,0,0,0,0,0,0,0,20,4,5,2,3,3,4,0,0,0,0,0,0,4,0,0,0,0,0,0,10,2,2,0,1,1,2,0,0,0,0,0,0,12,0
11 - Πέλλας,260 E.T. Δήμου Πέλλας,424,274,2,0,2,272,91,6,34,4,11,0,15,92,16,23,50,6,42,14,7,0,0,0,0,39,21,6,2,0,5,18,7,1,0,0,4,1,3,2,0,0,0,0,0,0,0,1,0,0,0,0,0,0,0,0,0,0,16,4,11,2,3,2,1,0,0,0,0,0,0,1,0,0,0,0,0,0,7,0,2,1,3,1,1,0,0,0,0,0,0,8,0
11 - Πέλλας,261 E.T. Δήμου Πέλλας,490,348,4,3,7,341,139,3,7,3,18,100,14,128,33,12,84,6,32,21,14,0,0,0,0,15,2,10,2,1,2,10,8,1,3,3,0,0,2,6,0,0,0,0,0,0,0,1,0,0,0,0,0,0,0,0,0,0,9,4,3,4,0,0,1,0,0,0,0,1,0,3,0,0,0,0,0,0,4,1,2,2,1,0,2,0,0,0,0,0,0,11,0
11 - Πέλλας,262 E.T. Δήμου Πέλλας,490,335,3,0,3,332,123,5,19,3,9,98,10,146,20,23,92,1,48,20,10,0,0,0,0,15,1,1,1,0,1,4,10,1,2,3,1,1,2,1,0,0,0,0,0,0,0,0,0,0,0,0,0,0,0,0,0,0,13,3,5,0,3,0,0,0,0,0,0,0,0,0,0,0,0,0,0,0,6,2,1,1,1,0,4,0,0,0,0,0,0,4,0
11 - Πέλλας,263 E.T. Δήμου Πέλλας,488,337,2,3,5,332,103,6,16,4,69,11,11,154,25,15,93,4,50,32,10,0,0,0,0,17,2,4,2,0,1,10,8,1,3,2,0,0,4,3,0,0,0,0,0,0,0,2,0,0,0,1,0,0,0,0,0,0,18,6,6,0,1,3,2,2,0,0,0,0,0,0,0,0,0,0,0,0,8,0,1,2,1,1,1,0,0,0,0,0,0,5,0
11 - Πέλλας,264 E.T. Δήμου Πέλλας,481,310,1,1,2,308,129,18,10,7,13,99,16,110,14,22,64,2,49,15,14,0,0,0,0,26,3,8,2,0,3,13,9,2,3,4,1,0,6,2,0,0,0,0,0,0,0,1,0,0,0,0,0,0,0,0,0,0,6,0,0,0,0,0,0,0,0,0,0,0,0,1,0,0,0,0,0,0,2,0,2,1,1,0,3,0,0,0,0,0,0,5,0
11 - Πέλλας,265 E.T. Δήμου Πέλλας,491,338,1,2,3,335,126,2,8,6,7,100,12,144,20,16,94,9,50,19,8,0,0,0,0,10,0,7,1,0,2,1,9,0,0,1,1,0,5,10,0,0,0,0,0,0,0,2,0,0,0,0,0,0,0,0,0,0,10,1,3,2,0,2,1,0,0,0,0,0,0,0,0,0,1,0,0,0,7,2,0,1,0,0,0,0,0,0,0,0,0,8,0
11 - Πέλλας,266 E.T. Δήμου Πέλλας,526,289,3,3,6,283,80,9,6,5,14,46,5,103,27,9,34,3,39,19,20,0,0,0,0,15,11,0,2,0,1,4,21,4,2,5,0,0,4,9,0,0,0,0,0,0,0,0,0,0,0,0,0,0,0,0,0,0,22,5,2,0,1,0,3,0,0,0,0,1,0,1,0,0,0,0,0,0,7,0,3,2,0,0,2,0,0,0,0,0,0,2,0
11 - Πέλλας,267 E.T. Δήμου Πέλλας,510,331,1,2,3,328,107,18,22,8,22,51,11,128,30,12,58,7,36,34,23,7,4,15,2,14,4,5,2,0,1,9,19,2,1,7,2,0,6,4,0,0,0,1,1,0,0,0,0,0,0,0,0,0,0,0,0,0,9,3,2,0,1,1,0,1,0,0,0,1,0,1,0,0,2,1,1,0,8,1,3,4,1,1,5,0,0,0,0,0,0,6,0
11 - Πέλλας,268 E.T. Δήμου Πέλλας,531,373,2,1,3,370,110,0,0,0,0,0,0,116,0,0,0,0,0,0,30,0,0,0,0,22,0,0,0,0,0,0,24,0,0,0,0,0,0,10,0,0,0,0,0,0,0,0,0,0,0,0,0,0,0,0,0,0,37,0,0,0,0,0,0,2,0,0,0,1,0,2,0,0,1,0,0,0,10,0,0,0,0,0,2,0,0,0,0,0,0,3,0
11 - Πέλλας,269 E.T. Δήμου Πέλλας,407,267,1,1,2,265,62,6,12,3,15,35,17,129,3,21,75,5,43,20,6,3,0,0,0,15,3,4,2,1,1,6,5,0,0,0,0,0,0,2,0,0,0,0,0,0,0,1,0,0,0,2,0,0,0,0,0,0,15,3,2,1,5,4,4,0,0,0,0,0,0,6,0,0,0,0,0,0,9,0,2,3,3,0,3,0,0,0,0,0,0,10,0
11 - Πέλλας,270 E.T. Δήμου Πέλλας,452,291,2,2,4,287,69,3,6,6,7,47,12,124,27,25,52,8,48,14,10,0,0,0,0,32,10,8,1,3,0,19,5,0,0,0,1,0,1,8,0,0,0,0,0,0,0,2,0,0,0,0,0,0,0,0,0,0,20,5,8,4,1,3,1,0,0,0,0,0,0,0,0,0,0,0,0,0,6,3,0,2,1,0,5,0,0,0,0,0,0,6,0
11 - Πέλλας,271 E.T. Δήμου Πέλλας,425,281,3,1,4,277,84,8,8,6,10,48,11,133,39,24,56,11,36,22,6,0,0,0,0,22,7,5,0,5,4,10,4,0,0,1,0,0,1,2,0,0,0,0,0,0,0,1,0,0,0,0,0,0,0,0,0,0,11,1,2,3,2,4,0,0,0,0,0,0,0,1,0,0,0,0,0,0,6,1,1,1,0,0,3,0,0,0,0,0,0,4,0
11 - Πέλλας,272 E.T. Δήμου Πέλλας,433,292,0,1,1,291,77,6,5,6,14,50,8,139,37,17,70,4,47,28,7,0,0,0,0,29,9,0,4,1,3,21,3,1,0,1,0,1,1,7,0,0,0,0,0,0,0,1,0,0,0,2,0,0,0,0,0,0,3,3,1,1,0,0,0,0,0,0,0,0,0,0,0,0,1,0,0,0,14,2,6,4,3,2,3,0,0,0,0,0,0,5,0
11 - Πέλλας,273 E.T. Δήμου Πέλλας,413,253,4,1,5,248,61,6,9,6,9,25,12,107,25,15,28,3,29,43,7,0,0,0,0,29,6,6,3,0,5,15,18,1,8,3,0,4,15,4,0,0,0,0,0,0,0,1,0,0,0,0,0,0,0,0,0,0,11,2,1,1,0,2,1,0,0,0,0,0,0,1,0,0,0,0,0,0,6,1,0,1,0,0,1,0,0,0,0,0,0,2,0
11 - Πέλλας,274 E.T. Δήμου Πέλλας,489,287,4,0,4,283,70,6,13,12,12,37,10,119,27,18,37,6,29,50,14,0,0,0,0,25,7,10,1,3,1,9,9,2,2,4,1,0,5,6,0,0,0,0,0,0,0,1,0,0,0,0,0,0,0,0,0,0,24,5,7,1,5,2,2,0,0,0,0,0,0,1,0,0,0,0,0,0,7,2,0,2,1,1,0,0,0,0,0,0,0,7,0
11 - Πέλλας,275 E.T. Δήμου Πέλλας,304,169,1,0,1,168,52,9,10,3,5,21,24,54,24,2,10,2,24,11,5,0,0,0,0,32,25,6,7,1,2,8,2,0,0,2,0,0,2,7,0,0,0,0,0,0,0,1,0,0,0,0,0,0,0,0,0,0,6,0,1,1,1,0,4,0,0,0,0,0,0,2,0,0,0,0,0,0,2,2,0,1,0,1,4,0,0,0,0,0,0,1,0
11 - Πέλλας,276 E.T. Δήμου Πέλλας,396,233,5,1,6,227,53,8,11,4,10,21,18,94,36,5,24,8,38,23,6,0,0,0,0,45,29,8,17,2,4,7,7,0,0,3,1,0,3,2,0,0,0,0,0,0,0,0,0,0,0,0,0,0,0,0,0,0,11,0,1,3,0,1,4,0,0,0,0,0,0,1,0,0,0,0,0,0,2,2,0,2,0,0,2,0,0,0,0,0,0,4,0
11 - Πέλλας,277 E.T. Δήμου Πέλλας,548,349,4,2,6,343,105,2,17,4,12,42,34,87,19,9,19,3,41,20,8,0,0,0,0,73,21,48,3,0,5,29,7,0,1,3,0,0,1,11,0,0,0,0,0,0,0,2,0,0,0,1,0,0,0,0,0,0,23,5,6,5,4,0,2,1,0,0,0,0,0,1,0,0,1,0,0,0,13,2,3,6,1,0,3,0,0,0,0,0,0,7,0
11 - Πέλλας,278 E.T. Δήμου Σκύδρας,521,336,4,3,7,329,74,10,13,1,19,38,7,126,48,19,68,7,40,11,9,2,1,0,2,40,27,7,0,3,3,4,16,0,2,1,5,0,7,5,0,1,0,0,0,1,0,1,0,0,1,0,0,0,0,0,0,0,33,7,2,5,16,4,4,0,0,0,0,0,0,6,2,1,1,0,0,0,7,1,4,1,0,0,1,0,0,0,0,0,0,9,4
11 - Πέλλας,279 E.T. Δήμου Σκύδρας,476,331,1,1,2,329,93,17,8,4,34,47,4,145,50,13,87,18,46,12,5,3,0,1,0,37,28,1,1,5,4,6,11,3,0,2,7,0,4,3,0,0,0,0,0,0,0,0,0,0,0,5,0,0,0,0,0,0,19,0,4,2,11,1,1,0,0,0,0,0,0,0,0,0,2,0,0,0,8,2,3,1,1,0,1,0,0,0,0,0,0,0,0
11 - Πέλλας,280 E.T. Δήμου Σκύδρας,480,347,3,2,5,342,83,16,4,6,37,37,3,165,50,21,110,10,43,17,9,4,2,1,3,37,28,2,1,2,2,2,10,0,1,1,5,1,2,1,0,0,0,0,0,1,0,8,0,0,0,0,0,0,0,0,0,0,18,5,5,2,5,1,3,0,0,0,0,0,0,1,0,0,0,0,0,0,8,0,4,4,3,1,1,0,0,0,0,0,0,0,0
11 - Πέλλας,281 E.T. Δήμου Σκύδρας,480,348,3,1,4,344,91,11,16,2,33,60,7,154,53,19,100,19,46,9,12,3,2,8,1,42,31,0,0,7,10,5,3,0,0,2,1,0,0,3,0,0,0,0,0,0,0,1,0,0,0,3,0,0,0,0,0,0,16,1,4,1,10,2,0,0,0,0,0,0,0,0,0,0,0,0,0,0,12,1,2,2,3,0,2,0,0,0,0,0,0,5,0
11 - Πέλλας,282 E.T. Δήμου Σκύδρας,389,224,3,3,6,218,61,4,10,1,21,33,5,73,33,9,35,6,16,4,10,1,4,3,3,26,14,4,3,1,2,7,4,1,1,0,1,1,0,1,0,0,0,0,0,0,0,1,0,0,0,0,0,0,0,0,0,0,25,5,2,7,7,1,0,0,0,0,0,0,0,2,0,0,0,0,0,0,4,0,0,1,0,0,1,0,0,0,0,0,0,10,0
11 - Πέλλας,283 E.T. Δήμου Σκύδρας,392,225,4,1,5,220,64,8,8,3,24,34,3,74,43,12,43,6,11,9,10,0,0,0,0,31,25,2,0,0,6,10,9,1,2,2,3,0,4,1,0,0,0,0,0,0,0,1,0,0,0,1,0,0,0,0,0,0,13,2,2,5,3,0,0,1,0,0,0,0,0,2,0,0,0,0,0,0,7,3,1,4,1,0,1,0,0,0,0,0,0,5,0
11 - Πέλλας,284 E.T. Δήμου Σκύδρας,228,139,1,0,1,138,22,2,3,0,9,12,2,63,30,6,22,4,29,12,2,1,2,1,0,29,28,3,0,0,3,1,0,0,0,0,0,0,0,1,0,0,0,0,0,0,0,0,0,0,0,1,0,0,0,0,0,0,11,3,2,5,3,0,2,0,0,0,0,0,0,2,0,0,0,0,0,0,5,1,3,2,1,1,1,0,0,0,0,0,0,1,0
11 - Πέλλας,285 E.T. Δήμου Σκύδρας,415,239,3,0,3,236,49,13,2,6,19,28,4,79,66,2,14,2,9,7,0,0,0,0,0,80,66,46,0,0,2,2,3,0,0,1,1,0,1,1,0,0,0,0,0,0,0,1,0,0,0,0,0,0,0,0,0,0,12,5,2,1,3,1,4,0,0,0,0,0,0,0,0,0,0,0,0,0,6,1,1,0,2,1,2,0,0,0,0,0,0,3,0
11 - Πέλλας,286 E.T. Δήμου Σκύδρας,408,236,1,2,3,233,53,12,5,3,13,32,5,82,73,3,14,4,10,1,4,0,0,3,1,59,42,37,0,0,0,2,7,0,0,0,3,0,2,1,0,0,0,0,0,0,0,1,0,0,0,1,0,0,0,0,0,0,13,4,2,1,0,0,2,1,0,0,0,0,0,1,0,0,0,0,0,0,0,0,0,0,0,0,1,0,0,0,0,0,0,9,0
11 - Πέλλας,287 E.T. Δήμου Σκύδρας,442,281,1,2,3,278,53,11,3,3,18,30,1,94,76,1,17,2,24,9,4,1,0,2,2,98,76,59,1,2,3,6,4,0,0,0,1,0,1,1,0,0,0,0,0,0,0,0,0,0,0,0,0,0,0,0,0,0,16,4,1,1,1,3,3,0,0,0,0,0,0,0,0,0,0,0,0,0,5,2,0,1,0,0,0,0,0,0,0,0,0,3,3
11 - Πέλλας,288 E.T. Δήμου Σκύδρας,358,258,2,1,3,255,64,38,12,2,6,31,1,120,43,12,74,10,37,12,5,0,1,1,0,41,24,0,2,12,21,5,3,0,1,0,1,0,0,0,0,0,0,0,0,1,0,0,0,0,0,1,0,0,0,0,0,0,15,1,3,1,8,0,1,0,0,0,0,0,0,0,0,0,0,0,0,0,2,0,0,0,0,0,1,0,0,0,0,0,0,2,0
11 - Πέλλας,289 E.T. Δήμου Σκύδρας,460,298,0,0,0,298,112,62,13,3,25,53,0,106,36,11,71,5,21,13,5,0,0,0,0,29,18,2,0,2,8,5,11,0,0,0,10,5,2,2,0,0,0,0,0,0,0,0,0,0,0,3,0,0,0,0,0,0,18,2,2,2,7,0,3,0,0,0,0,0,0,0,0,0,4,0,0,0,3,0,1,1,2,2,1,0,0,0,0,0,0,4,0
11 - Πέλλας,290 E.T. Δήμου Σκύδρας,368,267,8,3,11,256,73,29,7,7,30,29,3,114,56,10,70,12,27,14,4,0,3,3,0,26,17,1,2,8,9,0,10,1,0,0,5,0,1,5,0,0,0,0,0,0,0,0,0,0,0,2,0,0,0,0,0,0,11,0,2,1,7,1,2,0,0,0,0,0,0,0,0,0,0,0,0,0,7,0,2,2,0,3,0,0,0,0,0,0,0,4,0
11 - Πέλλας,291 E.T. Δήμου Σκύδρας,525,312,6,3,9,303,94,31,5,17,40,38,6,121,38,18,50,38,30,19,5,4,1,2,0,37,31,2,7,3,8,1,16,0,0,1,10,0,6,4,1,0,0,0,0,0,0,1,0,0,0,2,0,0,0,0,0,0,17,3,7,4,7,2,5,0,0,0,0,0,0,0,0,0,0,0,0,0,1,0,0,0,1,0,2,0,0,0,0,0,0,3,0
11 - Πέλλας,292 E.T. Δήμου Σκύδρας,521,297,3,4,7,290,60,15,3,10,17,18,6,138,34,16,61,37,52,17,13,3,6,8,3,24,16,1,4,3,5,1,5,0,0,2,3,0,1,4,0,0,0,0,0,0,0,0,0,0,0,4,0,0,0,0,0,0,18,2,7,1,11,1,3,1,0,0,0,1,0,1,0,0,1,0,0,0,10,4,3,4,0,0,3,0,0,0,0,0,0,7,0
11 - Πέλλας,293 E.T. Δήμου Σκύδρας,524,294,5,2,7,287,62,6,1,12,26,23,14,116,44,12,46,31,36,10,13,2,5,10,1,21,20,2,0,1,2,6,8,1,0,0,4,0,2,12,3,3,5,2,0,0,0,1,1,0,1,2,0,2,1,0,0,0,22,4,5,1,9,2,3,0,0,0,0,1,1,0,0,0,3,2,2,0,10,2,1,3,3,1,6,2,2,1,3,0,0,10,8
11 - Πέλλας,294 E.T. Δήμου Σκύδρας,522,306,7,10,17,289,70,7,1,10,23,24,5,128,38,11,45,40,45,9,5,1,2,4,1,13,10,1,1,2,0,1,10,2,1,0,2,1,3,6,0,0,0,0,0,0,0,1,0,0,0,2,0,0,0,0,0,0,25,4,7,2,10,3,4,1,0,0,0,0,0,3,0,0,1,0,0,0,13,2,2,5,1,3,5,0,0,0,0,1,0,5,0
11 - Πέλλας,295 E.T. Δήμου Σκύδρας,520,270,3,3,6,264,59,12,10,9,19,21,6,115,35,11,37,37,46,13,5,0,3,1,1,20,16,1,0,4,3,0,10,0,1,0,5,0,4,5,0,0,3,0,0,1,1,1,0,0,0,3,0,2,1,0,0,0,13,2,1,1,10,1,0,0,0,0,0,0,0,2,0,0,0,0,0,0,18,2,3,4,4,5,1,0,0,1,0,1,1,10,4
11 - Πέλλας,296 E.T. Δήμου Σκύδρας,522,319,5,3,8,311,83,15,12,14,27,34,6,127,28,10,45,31,55,21,9,2,0,8,0,26,15,2,4,7,4,2,7,0,0,2,4,0,1,9,0,0,0,0,0,1,0,0,0,0,0,3,0,0,0,0,0,0,27,1,4,5,12,2,5,1,0,0,0,0,0,0,0,0,1,0,0,0,5,1,2,1,0,0,3,0,0,0,0,0,0,9,0
11 - Πέλλας,297 E.T. Δήμου Σκύδρας,524,299,2,3,5,294,79,15,6,10,17,41,4,116,34,8,55,32,34,18,17,6,5,10,3,28,22,1,2,6,4,0,10,0,3,0,9,0,0,4,0,0,0,0,0,0,0,0,0,0,0,1,0,0,0,0,0,0,18,4,3,2,7,1,3,0,0,0,0,0,0,3,0,0,1,0,0,0,8,1,2,4,0,1,3,0,0,0,0,0,0,6,0
11 - Πέλλας,298 E.T. Δήμου Σκύδρας,524,310,1,1,2,308,80,8,6,15,32,42,10,136,42,16,54,37,63,11,3,0,1,2,0,28,21,4,1,1,8,1,8,0,1,0,5,2,4,7,0,0,0,0,0,0,0,1,0,0,0,8,0,0,0,0,0,0,18,2,8,2,8,1,0,0,0,0,0,0,0,2,0,0,0,0,0,0,12,9,1,0,1,1,2,0,0,0,0,0,0,3,0
11 - Πέλλας,299 E.T. Δήμου Σκύδρας,520,302,3,2,5,297,83,15,5,21,31,20,9,127,40,11,51,27,53,17,13,3,4,8,3,25,21,0,1,3,2,2,10,0,0,2,8,1,2,9,0,0,8,0,0,0,0,0,0,0,0,3,0,1,3,1,0,1,8,1,0,1,5,1,1,1,0,0,0,0,0,0,0,0,0,0,0,0,9,0,3,1,1,2,4,2,0,1,1,0,0,5,3
11 - Πέλλας,300 E.T. Δήμου Σκύδρας,466,307,5,2,7,300,67,10,9,15,16,21,3,138,60,18,42,30,56,11,7,1,2,3,3,23,17,2,1,3,2,4,19,0,0,5,9,1,3,17,0,0,0,0,0,0,0,0,0,0,0,0,0,0,0,0,0,0,12,2,2,0,5,0,0,0,0,0,0,1,0,0,0,0,0,0,0,0,9,3,2,3,3,1,2,0,0,0,0,0,0,5,0
11 - Πέλλας,301 E.T. Δήμου Σκύδρας,494,306,10,3,13,293,75,13,26,14,26,25,7,131,38,16,44,40,59,20,14,1,3,10,2,18,14,5,2,3,2,1,9,2,0,0,6,0,6,11,0,0,11,1,0,0,0,0,0,0,0,0,0,0,0,0,0,0,21,1,5,1,13,3,4,0,0,0,0,0,0,0,0,0,0,0,0,0,10,3,3,2,2,1,0,0,0,0,0,0,0,4,4
11 - Πέλλας,302 E.T. Δήμου Σκύδρας,454,270,2,3,5,265,67,12,16,15,16,27,10,92,44,6,28,22,26,8,15,2,4,8,1,26,12,6,3,8,4,6,10,0,1,0,6,0,4,13,0,0,12,0,0,0,0,0,0,0,0,0,0,0,0,0,0,0,13,0,1,1,10,2,3,0,0,0,0,1,1,1,0,1,1,1,0,0,19,0,5,8,8,1,5,5,2,1,1,0,0,2,1
11 - Πέλλας,303 E.T. Δήμου Σκύδρας,546,360,3,1,4,356,82,13,6,8,25,37,3,154,35,43,73,27,46,11,13,4,3,4,1,50,19,0,3,22,5,18,9,0,0,1,4,0,1,2,0,0,0,0,0,0,0,0,0,0,0,0,0,0,0,0,0,0,18,5,3,0,2,0,5,0,0,0,0,0,0,2,0,1,1,1,0,0,11,4,3,1,5,1,2,1,1,0,0,0,0,12,6
11 - Πέλλας,304 E.T. Δήμου Σκύδρας,513,314,2,1,3,311,91,22,8,15,38,34,6,133,37,41,57,31,37,12,21,6,6,6,9,19,11,4,1,7,0,7,6,0,0,0,1,0,1,11,0,0,0,0,0,0,0,0,0,0,0,0,0,0,0,0,0,0,17,4,1,0,8,0,5,0,0,0,0,0,0,0,0,0,1,0,0,0,7,0,2,2,3,1,1,0,0,0,0,0,0,4,0
11 - Πέλλας,305 E.T. Δήμου Σκύδρας,384,225,1,0,1,224,41,2,6,6,13,20,5,83,13,0,39,55,17,4,10,1,2,6,0,48,17,4,1,1,27,5,16,0,0,1,8,1,5,3,0,0,0,0,0,1,0,0,0,0,0,1,0,0,0,0,0,0,9,2,4,1,2,0,2,0,0,0,0,0,0,0,0,0,1,0,0,0,9,0,0,0,5,0,0,0,0,0,0,0,0,2,0
11 - Πέλλας,306 E.T. Δήμου Σκύδρας,418,254,3,2,5,249,51,5,6,15,17,17,7,90,15,3,25,61,27,14,11,3,9,6,2,44,37,10,2,1,12,3,21,1,2,8,8,2,7,3,0,0,0,0,0,0,0,0,0,0,0,13,0,0,0,0,0,0,7,0,1,3,1,1,6,0,0,0,0,0,0,0,0,0,0,0,0,0,4,0,0,2,1,0,0,0,0,0,0,0,0,5,0
11 - Πέλλας,307 E.T. Δήμου Σκύδρας,379,232,5,2,7,225,25,4,0,4,8,10,5,128,11,5,45,103,33,7,8,4,3,4,0,32,26,6,4,3,3,2,3,1,1,1,1,1,1,1,0,0,1,0,0,0,0,0,0,0,0,15,0,1,3,1,0,13,8,2,1,2,1,0,3,0,0,0,0,0,0,0,0,0,1,0,1,0,2,0,0,2,1,0,0,0,0,0,0,0,0,2,1
11 - Πέλλας,308 E.T. Δήμου Σκύδρας,273,139,2,1,3,136,35,10,3,9,16,12,5,58,13,6,27,13,24,11,2,1,1,0,0,11,3,1,1,4,3,3,6,2,0,0,5,0,4,3,0,0,0,0,0,0,0,0,0,0,0,0,0,0,0,0,0,0,6,1,4,0,1,0,4,0,0,0,0,0,0,0,0,0,0,0,0,0,8,0,0,1,3,4,1,0,0,0,0,0,0,6,0
11 - Πέλλας,309 E.T. Δήμου Σκύδρας,479,305,3,1,4,301,90,6,0,9,37,49,1,142,28,36,57,29,52,14,5,1,1,3,0,12,7,1,4,0,5,1,9,0,3,0,8,0,1,4,0,0,0,0,0,0,0,0,0,0,0,0,0,0,0,0,0,0,29,14,1,0,26,0,2,0,0,0,0,1,0,0,0,0,2,0,0,0,2,0,0,0,1,0,1,0,0,0,0,0,0,4,0
11 - Πέλλας,310 E.T. Δήμου Σκύδρας,533,298,2,4,6,292,85,5,2,13,33,43,2,130,37,22,46,19,44,9,12,2,1,5,2,11,9,1,0,1,3,1,14,0,0,0,14,0,5,8,0,0,0,0,0,1,0,0,0,0,0,6,0,0,0,0,0,0,23,1,1,0,16,0,1,0,0,0,0,0,0,0,0,0,0,0,0,0,1,0,0,0,1,0,0,0,0,0,0,0,0,1,0
11 - Πέλλας,311 E.T. Δήμου Σκύδρας,423,305,4,0,4,301,74,17,3,13,35,25,0,161,42,36,84,22,75,10,9,2,4,2,2,24,20,0,2,0,2,0,7,0,1,0,6,0,4,2,0,1,1,1,0,0,0,0,0,0,0,3,0,0,2,0,0,1,17,3,5,1,5,3,4,0,0,0,0,0,0,2,1,0,0,0,0,0,0,0,0,0,0,0,0,0,0,0,0,0,0,2,1
11 - Πέλλας,312 E.T. Δήμου Σκύδρας,450,280,3,2,5,275,67,11,4,15,17,26,5,109,26,19,67,25,42,3,20,6,9,13,4,34,32,1,5,5,1,2,7,2,0,0,5,2,2,2,0,0,0,0,0,0,0,1,0,0,0,9,0,0,0,0,0,0,14,2,4,2,2,1,2,0,0,0,0,0,0,1,0,0,0,0,0,0,4,0,0,0,1,0,0,0,0,0,0,0,0,7,0
11 - Πέλλας,313 E.T. Δήμου Σκύδρας,487,348,3,2,5,343,74,13,4,24,18,34,4,174,35,24,114,25,73,13,12,2,6,4,2,37,30,0,0,4,7,6,13,0,0,0,7,0,6,3,2,0,2,0,0,0,0,0,0,0,0,6,0,0,2,2,0,4,14,3,4,4,1,2,2,0,0,0,0,0,0,0,0,0,2,1,1,0,4,1,2,2,1,0,2,0,0,0,1,0,0,2,0
11 - Πέλλας,314 E.T. Δήμου Σκύδρας,391,259,2,0,2,257,94,11,21,5,32,81,1,108,36,24,69,20,46,21,4,2,0,1,2,35,30,0,1,0,6,5,5,1,4,1,2,0,2,1,0,0,0,0,0,0,0,0,0,0,0,1,0,0,0,0,0,0,3,0,0,0,0,0,0,1,0,0,0,0,0,0,0,0,1,0,0,0,1,0,0,1,1,0,1,0,0,0,0,0,0,2,0
11 - Πέλλας,315 E.T. Δήμου Σκύδρας,376,249,4,1,5,244,74,4,12,4,12,61,0,120,24,16,70,20,55,10,13,3,4,4,4,29,22,1,0,2,4,4,3,0,0,0,3,0,3,0,0,0,0,0,0,0,0,0,0,0,0,1,0,0,0,0,0,0,3,0,0,1,1,1,1,0,0,0,0,0,0,0,0,0,0,0,0,0,1,0,0,0,0,0,0,0,0,0,0,0,0,0,0
11 - Πέλλας,316 E.T. Δήμου Σκύδρας,330,213,5,2,7,206,42,6,6,6,8,23,4,96,27,16,54,12,22,13,9,3,1,5,1,30,17,5,1,1,1,13,3,1,0,1,1,0,1,1,0,0,0,0,0,0,0,0,0,0,0,1,0,0,0,0,0,0,11,2,3,2,3,2,2,0,0,0,0,0,0,1,0,0,0,0,0,0,7,1,0,3,0,0,1,0,0,0,0,0,0,4,0
11 - Πέλλας,317 E.T. Δήμου Σκύδρας,413,262,1,2,3,259,66,9,9,17,12,23,11,100,38,11,5,20,18,25,6,3,0,1,1,38,24,5,13,1,4,13,6,1,1,1,2,0,1,4,0,0,0,0,0,0,0,1,0,0,0,2,0,0,0,0,0,0,24,5,5,4,4,0,5,2,0,0,0,1,0,1,0,0,0,0,0,0,5,1,0,0,0,1,0,0,0,0,0,0,0,3,0
11 - Πέλλας,318 E.T. Δήμου Σκύδρας,516,339,4,0,4,335,73,8,6,2,12,49,5,174,41,24,133,14,46,21,5,0,1,4,3,45,25,1,5,1,10,9,5,0,0,2,4,0,1,4,0,0,0,1,0,0,0,1,1,1,0,0,0,0,0,0,0,0,17,4,7,1,7,0,2,0,0,0,0,0,0,3,2,2,0,0,0,0,7,1,3,1,0,1,0,0,0,0,0,0,0,1,0
11 - Πέλλας,319 E.T. Δήμου Σκύδρας,593,421,3,1,4,417,108,9,2,4,35,33,10,197,33,26,162,14,65,17,23,4,2,16,10,37,31,0,4,4,16,2,11,0,1,5,6,0,5,5,2,1,2,0,0,0,0,0,0,0,0,1,1,0,1,0,0,0,16,0,8,1,13,0,1,0,0,0,0,1,1,0,0,0,0,0,0,0,14,4,3,4,1,3,1,1,0,0,0,0,0,3,3
11 - Πέλλας,320 E.T. Δήμου Σκύδρας,553,325,6,5,11,314,82,15,6,19,27,48,3,142,49,12,95,25,35,18,20,7,7,10,3,20,15,5,0,1,0,1,7,0,0,0,3,2,5,4,1,1,1,0,0,0,0,0,0,0,0,2,1,0,1,0,0,1,16,4,4,1,4,2,1,0,0,0,0,0,0,3,3,0,0,0,0,0,6,3,3,2,3,0,3,3,0,1,0,0,0,9,4
11 - Πέλλας,321 E.T. Δήμου Σκύδρας,515,284,3,2,5,279,106,7,11,23,36,59,3,88,30,9,51,13,21,15,6,1,3,2,1,38,31,1,2,6,2,4,7,1,1,0,3,0,2,7,0,0,0,0,0,0,0,0,0,0,0,4,0,0,0,0,0,0,7,1,2,1,1,0,1,0,0,0,0,0,0,0,0,0,0,0,0,0,4,0,0,2,0,0,6,0,0,0,0,0,0,6,0
11 - Πέλλας,322 E.T. Δήμου Σκύδρας,266,156,3,1,4,152,50,9,6,3,20,26,1,50,5,4,35,9,17,7,12,0,12,3,4,11,9,1,0,1,6,1,1,0,0,0,0,0,1,3,0,0,0,0,0,0,0,0,0,0,0,1,0,0,0,0,0,0,13,1,3,2,6,0,4,0,0,0,0,1,0,0,0,0,0,0,0,0,5,1,2,2,1,0,0,0,0,0,0,0,0,5,0
11 - Πέλλας,323 E.T. Δήμου Σκύδρας,523,317,1,0,1,316,76,15,3,8,49,37,3,137,34,15,77,42,54,23,54,1,53,33,5,10,7,0,2,0,4,1,3,1,0,2,2,0,1,5,0,0,0,0,0,0,0,1,0,0,0,2,0,0,0,0,0,0,22,6,2,5,2,0,8,0,0,0,0,0,0,1,0,0,0,0,0,0,4,2,1,1,0,1,0,0,0,0,0,0,0,1,0
11 - Πέλλας,Ετερ. Πέλλας (από 25ο Ε.Τ. Νομ. Θεσσαλονίκης),351,208,11,1,12,196,52,12,4,17,11,27,7,80,16,17,32,11,17,24,8,2,3,3,3,10,3,4,2,0,2,5,8,1,0,4,1,0,3,5,0,0,0,0,0,0,0,0,0,0,0,0,0,0,0,0,0,0,15,6,3,4,2,1,5,0,0,0,0,0,0,6,0,0,1,0,0,0,10,4,1,2,1,3,0,0,0,0,0,0,0,1,0
11 - Πέλλας,Ετερ. Πέλλας (από Εφετείο Θεσσαλονίκης),49,25,1,0,1,24,10,6,1,3,1,0,2,6,0,0,2,0,4,2,0,0,0,0,0,3,1,0,0,3,1,1,0,0,0,0,0,0,0,0,0,0,0,0,0,0,0,0,0,0,0,0,0,0,0,0,0,0,2,1,0,0,0,0,2,0,0,0,0,0,0,0,0,0,0,0,0,0,0,0,0,0,0,0,2,0,0,0,0,0,0,1,0
11 - Πέλλας,Ετερ. Πέλλας (από 119ο Ε.Τ. Νομ. Αττικής-Αθηνών),354,238,2,1,3,235,61,12,11,19,14,28,7,108,16,24,39,14,39,29,5,0,0,0,0,19,8,4,3,0,4,9,15,3,5,1,4,4,6,1,0,0,0,0,0,0,0,0,0,0,0,0,0,0,0,0,0,0,11,3,5,3,1,2,3,0,0,0,0,0,0,0,0,0,0,0,0,0,6,2,3,4,2,1,3,0,0,0,0,0,0,6,0
11 - Πέλλας,Ετερ. Πέλλας (από Εφετείο Πειραιώς),52,30,0,0,0,30,14,6,1,2,0,8,3,10,2,3,5,1,3,2,0,0,0,0,0,1,1,0,1,0,0,0,1,0,0,0,0,0,0,1,0,0,0,0,0,0,0,1,0,0,0,0,0,0,0,0,0,0,0,0,0,0,0,0,0,0,0,0,0,0,0,0,0,0,0,0,0,0,1,0,1,1,0,0,1,0,0,0,0,0,0,0,0
Σύνολο,,148924,87115,1080,636,1716,85399,24444,2109,3361,2803,7104,12633,2931,36014,8487,5047,16179,2813,13123,7166,3091,592,512,977,370,7928,3342,1093,700,1687,1636,2049,2205,290,223,484,338,326,822,1311,118,74,116,57,28,32,10,259,16,39,27,372,33,26,37,15,26,29,4786,979,1552,534,1058,420,604,103,4,9,8,31,4,355,70,53,150,21,15,4,2128,327,403,437,400,401,818,172,41,51,29,28,1,1338,245
