ΠΕΡΙΦΕΡΕΙΑ,ΕΚΛΟΓΙΚΟ ΤΜΗΜΑ,ΕΓΓΕΓΡΑΜΜΕΝΟΙ,ΨΗΦΙΣΑΝΤΕΣ,ΑΚΥΡΑ,ΛΕΥΚΑ,ΑΚΥΡΑ & ΛΕΥΚΑ,ΕΓΚΥΡΑ,ΣΥΡΙΖΑ,ΑΡΙΣΣΗ ΔΗΜΗΤΡΑ (ΡΟΥΛΑ) του Χρήστου,ΖΑΡΩΤΗΣ ΔΙΟΝΥΣΙΟΣ του Χρήστου,ΚΑΣΤΟΡΗΣ ΑΣΤΕΡΙΟΣ του Νικολάου,ΣΚΟΥΦΑ ΕΛΙΣΣΑΒΕΤ (ΜΠΕΤΤΥ) του Δημητρίου,ΤΖΑΜΑΚΛΗΣ ΧΑΡΙΛΑΟΣ του Γεωργίου,ΤΡΑΠΕΖΑΝΛΙΔΗΣ ΙΩΑΝΝΗΣ του Ευσταθίου,Νέα Δημοκρατία,ΚΟΥΛΚΟΥΔΙΝΑΣ ΣΠΥΡΙΔΩΝ του Ευριπίδη,ΜΑΝΗ-ΠΑΠΑΔΗΜΗΤΡΙΟΥ ΑΝΝΑ του Ευαγγέλου,ΜΠΑΡΑΛΙΑΚΟΣ ΞΕΝΟΦΩΝ (ΦΩΝΤΑΣ) του Ελευθερίου,ΜΠΑΣΔΡΑ ΕΥΘΥΜΙΑ (ΕΦΗ) του Κωνσταντίνου,ΤΟΝΑΣ ΘΕΟΔΩΡΟΣ του Παντελή,ΧΙΟΝΙΔΗΣ ΣΑΒΒΑΣ του Γεωργίου,Λαϊκός Σύνδεσμος - Χρυσή Αυγή,ΚΑΤΣΑΝΤΩΝΗΣ ΑΛΕΞΑΝΔΡΟΣ του Αθανασίου,ΚΥΡΙΑΚΙΔΗΣ ΔΗΜΗΤΡΙΟΣ του Κωνσταντίνου,ΝΙΚΟΛΟΠΟΥΛΟΥ ΚΩΝΣΤΑΝΤΙΝΑ του Νικολάου,ΠΑΠΑΔΟΠΟΥΛΟΥ ΑΛΕΞΑΝΔΡΑ του Δημητρίου,ΤΣΙΤΛΑΚΙΔΗΣ ΧΑΡΑΛΑΜΠΟΣ του Ιωάννη,ΧΡΥΣΟΜΑΛΛΗΣ ΝΙΚΟΛΑΟΣ του Αποστόλου,Κίνημα Αλλαγής,ΚΟΣΜΑΔΑΚΗΣ ΕΜΜΑΝΟΥΗΛ του Μιχαήλ,ΜΙΧΟΥ ΜΑΡΙΑ του Κωνσταντίνου,ΝΙΚΟΛΟΠΟΥΛΟΣ ΚΩΝΣΤΑΝΤΙΝΟΣ του Νικολάου,ΠΑΤΡΑ ΟΥΡΑΝΙΑ του Παναγιώτη,ΤΡΙΑΝΤΑΦΥΛΛΟΥ ΓΕΩΡΓΙΟΣ (ΠΟΥΘΕΝΑΣ) του Αθανασίου,ΤΣΑΚΙΡΙΔΗΣ ΝΙΚΟΛΑΟΣ του Σταύρου,Κ.Κ.Ε.,ΖΑΧΑΡΟΠΟΥΛΟΣ ΑΧΙΛΛΕΑΣ του Αθανασίου,ΝΙΚΟΛΑΟΥ ΣΤΕΛΛΑ του Αντωνίου,ΝΤΟΤΣΙΚΑΣ ΧΑΡΑΛΑΜΠΟΣ (ΜΠΑΜΠΗΣ) του Ανδρέα,ΡΟΥΤΣΑΣ ΑΛΕΞΑΝΔΡΟΣ (ΑΛΕΚΟΣ) του Κωνσταντίνου,ΣΚΟΥΦΑΣ ΙΩΑΝΝΗΣ του Κωνσταντίνου,ΤΗΛΕΓΡΑΦΟΥ ΑΝΑΣΤΑΣΙΑ (ΤΑΣΟΥΛΑ) του Παντελή,Ένωση Κεντρώων,ΛΑΛΑΠΑΝΟΥ ΜΑΡΙΑ του Γεωργίου,ΝΟΥΦΡΑΚΗ ΑΘΑΝΑΣΙΑ (ΝΑΝΣΥ) του Σπυρίδωνος,ΠΑΝΤΕΛΗΣ ΗΛΙΑΣ του Παρασκευά,ΠΗΛΙΔΗΣ ΗΛΙΑΣ του Ευαγγέλου,Ο.Κ.Δ.Ε.,ΦΟΥΡΝΟΤΖΗΣ ΑΓΓΕΛΟΣ του Μιχαήλ,ΑΝΤ.ΑΡ.ΣΥ.Α.,ΦΟΥΝΤΟΥΛΑΚΗ ΑΡΓΥΡΩ του Γεωργίου,Ελλήνων Συνέλευσις,ΚΑΤΕΛΑΣ ΑΠΟΣΤΟΛΟΣ του Γεωργίου,ΚΟΣΜΑΣ ΚΩΝΣΤΑΝΤΙΝΟΣ του Ελευθερίου,ΚΥΒΩΤΙΔΟΥ ΔΟΜΝΙΚΗ του Παναγιώτη,ΣΙΔΗΡΟΠΟΥΛΟΣ ΑΝΕΣΤΗΣ του Θεοχάρη,ΧΙΩΤΕΛΛΗ ΕΥΑΓΓΕΛΙΑ του Αλεξάνδρου,Ελληνική Λύση - Κ. Βελόπουλος,ΑΡΒΑΝΙΤΙΔΟΥ ΕΙΡΗΝΗ του Μιλτιάδη,ΓΙΑΜΟΥΖΗΣ ΑΘΑΝΑΣΙΟΣ του Σπυρίδωνος,ΖΕΪΜΠΕΚΗΣ ΝΙΚΟΛΑΟΣ του Κυριάκου,ΤΣΙΑΚΙΡΗΣ ΠΑΝΤΕΛΕΗΜΩΝ του Ευθυμίου,ΤΣΟΜΠΑΝΟΠΟΥΛΟΥ ΕΥΑΓΓΕΛΙΑ του Πέτρου,Κ.Κ.Ε. (μ-λ),ΜΑΝΙΚΑΣ ΙΩΑΝΝΗΣ του Ηλία,Μ-Λ Κ.Κ.Ε.,ΚΑΡΒΑΓΙΩΤΗΣ ΔΗΜΗΤΡΙΟΣ του Παντελή,Ε.ΠΑ.Μ - Α.Κ.Κ.ΕΛ,ΑΓΓΕΛΙΔΟΥ ΣΟΦΙΑ του Ηλία,ΒΑΖΑΚΑΣ ΓΕΩΡΓΙΟΣ του Αστερίου,ΠΕΤΣΑ ΚΑΝΕΛΛΑ του Δημητρίου,ΤΣΑΚΜΑΚΗΣ ΙΩΑΝΝΗΣ του Σταύρου,Λαϊκή Ενότητα,ΑΝΤΩΝΙΑΔΗΣ ΑΛΚΙΒΙΑΔΗΣ (ΑΛΚΗΣ) του Ρήγα,ΠΑΝΤΕΛΙΑΔΗΣ ΝΙΚΟΛΑΟΣ του Γεωργίου,ΧΑΤΖΗΝΙΚΟΛΑΟΥ ΔΕΣΠΟΙΝΑ του Αθανασίου,ΜέΡΑ25,ΚΟΥΤΣΟΥΡΑΣ ΣΩΤΗΡΙΟΣ του Κυριάκου,ΠΑΠΟΥΛΙΑ ΚΕΡΑΣΙΑ του Ευαγγέλου,ΧΑΪΔΑΛΗΣ ΘΕΟΛΟΓΟΣ του Κωνσταντίνου,Δημιουργία ξανά - Θ. Τζήμερος,ΑΘΑΝΑΣΙΑΔΗΣ ΑΡΓΥΡΙΟΣ του Μιχαήλ,ΑΘΑΝΑΣΙΑΔΟΥ ΟΛΓΑ του Κυριάκου,ΠΙΝΑΚΑΣ ΑΝΤΩΝΙΟΣ του Γεωργίου,ΣΑΒΒΙΔΟΥ ΕΛΕΝΗ του Ιεροκλή,Πλεύση Ελευθερίας - Ζωή Κωνστ.,ΠΑΠΑΪΩΑΝΝΟΥ ΑΡΕΤΗ του Ιωάννη
13 - Πιερίας,1 E.T. Δήμου Δίου - Ολύμπου,480,290,2,2,4,286,57,18,4,8,18,15,5,147,33,34,48,52,18,50,11,4,3,3,1,2,2,14,0,2,2,2,2,2,9,1,0,0,0,4,7,5,2,3,1,0,0,0,0,0,4,4,0,0,0,0,20,4,1,8,3,2,0,0,0,0,1,0,0,0,0,4,2,1,1,9,3,4,1,3,1,0,1,0,2,2
13 - Πιερίας,2 E.T. Δήμου Δίου - Ολύμπου,490,263,4,2,6,257,67,21,7,13,15,19,4,121,26,22,41,24,30,27,7,0,0,0,0,0,0,16,2,12,0,1,2,3,12,4,2,3,0,2,6,10,0,0,0,0,0,0,0,0,5,0,0,0,0,0,11,4,3,2,4,1,0,0,0,0,2,0,0,0,0,1,0,0,0,2,0,0,0,2,0,0,0,0,1,0
13 - Πιερίας,3 E.T. Δήμου Δίου - Ολύμπου,493,261,2,1,3,258,65,23,9,5,15,15,4,112,29,20,38,29,17,36,10,2,0,2,0,2,2,16,3,7,1,2,4,6,10,1,2,0,0,4,5,1,0,0,0,0,0,0,0,0,6,0,0,0,0,0,14,3,1,6,4,1,0,0,0,0,7,0,0,0,0,3,0,0,0,9,2,5,1,1,0,0,0,0,4,0
13 - Πιερίας,4 E.T. Δήμου Δίου - Ολύμπου,518,288,2,1,3,285,69,15,14,21,26,13,5,126,33,26,48,50,23,38,6,0,0,0,0,0,0,26,5,26,2,8,3,6,9,2,1,2,0,2,6,7,0,0,0,0,0,0,0,0,1,0,0,0,0,0,27,13,5,9,2,5,0,0,0,0,1,0,0,0,0,1,0,0,0,3,3,1,0,7,0,0,0,0,2,0
13 - Πιερίας,5 E.T. Δήμου Δίου - Ολύμπου,520,296,1,1,2,294,84,20,11,12,29,23,8,112,33,22,44,33,16,37,15,11,5,5,2,0,1,27,3,14,2,4,2,3,11,3,0,0,2,1,3,3,0,1,1,1,0,0,1,1,1,1,0,0,0,0,19,8,4,5,5,1,1,0,0,0,2,2,1,0,0,0,0,0,0,14,3,7,3,2,0,0,0,0,2,2
13 - Πιερίας,6 E.T. Δήμου Δίου - Ολύμπου,557,336,7,5,12,324,76,18,14,17,31,14,10,147,85,32,44,41,15,53,19,5,5,3,2,1,3,20,4,7,9,4,2,3,15,3,1,1,3,4,8,7,2,1,3,0,0,0,1,0,0,0,0,0,0,0,24,14,4,7,3,1,0,0,0,0,1,1,0,0,1,0,0,0,0,7,3,1,1,3,0,0,1,0,4,2
13 - Πιερίας,7 E.T. Δήμου Δίου - Ολύμπου,557,354,6,1,7,347,82,24,16,8,29,12,7,163,43,39,50,43,26,58,22,7,3,5,3,5,7,29,1,22,2,9,3,7,9,1,1,0,1,3,4,3,0,0,0,0,0,0,0,0,2,0,0,0,0,0,16,9,2,4,1,3,2,0,0,0,2,0,0,0,0,0,0,0,0,10,3,5,3,3,0,0,0,0,4,0
13 - Πιερίας,8 E.T. Δήμου Δίου - Ολύμπου,413,247,1,2,3,244,70,29,5,11,37,9,1,73,8,10,23,20,10,26,6,4,1,2,1,1,0,20,3,10,1,8,6,1,42,4,2,14,12,12,17,1,0,0,0,0,0,0,0,0,0,0,0,0,0,0,14,4,0,4,1,1,0,0,0,0,2,0,0,0,0,1,0,0,0,6,2,1,1,2,0,0,0,0,7,0
13 - Πιερίας,9 E.T. Δήμου Δίου - Ολύμπου,395,221,3,3,6,215,68,23,4,16,32,15,3,65,7,19,24,24,8,20,4,0,0,0,0,0,0,19,0,9,0,11,7,3,37,6,4,11,6,13,11,1,0,0,0,0,0,0,1,0,0,0,0,0,0,0,12,2,3,4,2,1,0,0,0,0,2,0,0,0,0,0,0,0,0,2,2,1,0,1,0,0,0,0,3,0
13 - Πιερίας,10 E.T. Δήμου Δίου - Ολύμπου,398,269,6,2,8,261,65,33,8,13,33,16,8,77,10,35,29,18,13,25,5,3,1,0,0,1,0,38,1,23,1,14,5,12,58,7,1,32,21,7,22,2,0,0,0,0,0,0,0,0,0,0,0,0,0,0,8,6,4,1,2,1,0,0,0,0,2,0,0,0,0,0,0,0,0,2,1,1,0,3,0,0,0,0,1,0
13 - Πιερίας,11 E.T. Δήμου Δίου - Ολύμπου,468,310,11,5,16,294,74,56,9,4,15,18,1,112,35,30,35,21,13,35,11,0,0,0,0,0,0,15,2,6,0,4,2,2,32,14,5,15,3,3,3,1,0,0,0,0,0,0,2,0,3,0,0,0,0,0,23,5,4,2,9,2,0,0,0,0,0,0,0,0,0,0,0,0,0,12,3,4,4,2,0,0,0,0,7,0
13 - Πιερίας,12 E.T. Δήμου Δίου - Ολύμπου,491,299,5,3,8,291,109,74,19,9,29,24,6,104,39,17,27,32,24,29,8,4,1,2,0,0,1,11,2,3,0,0,0,6,16,2,4,10,2,1,5,4,0,0,0,0,0,0,2,0,1,0,0,0,0,0,17,6,2,4,2,1,0,0,1,0,1,0,0,0,0,1,0,0,0,9,3,5,0,3,0,0,0,0,4,0
13 - Πιερίας,13 E.T. Δήμου Δίου - Ολύμπου,474,277,0,1,1,276,88,65,15,6,18,18,3,99,24,20,22,31,12,41,7,3,1,1,2,0,1,20,0,12,2,3,3,3,13,2,1,2,2,3,5,1,1,0,0,0,0,0,2,2,8,6,5,0,1,0,15,4,3,1,9,3,0,0,0,0,3,1,1,1,1,0,0,0,0,15,3,5,1,3,0,0,3,1,2,1
13 - Πιερίας,14 E.T. Δήμου Δίου - Ολύμπου,387,233,8,1,9,224,46,21,3,2,14,4,3,107,19,12,40,29,28,19,17,0,0,0,0,0,0,6,1,1,0,0,1,1,6,0,1,0,0,1,1,6,0,0,0,0,0,0,0,0,2,0,0,0,0,0,20,10,5,5,0,5,1,0,0,0,1,0,0,0,0,0,0,0,0,10,2,3,0,0,0,0,0,0,2,0
13 - Πιερίας,15 E.T. Δήμου Δίου - Ολύμπου,353,209,1,3,4,205,34,20,1,0,13,10,5,111,17,24,36,26,48,34,9,2,0,3,0,1,1,6,1,3,0,3,0,1,12,1,0,6,0,5,1,2,1,0,1,0,0,0,0,0,3,1,0,0,1,0,20,9,1,4,5,7,0,0,0,0,0,0,0,0,0,0,0,0,0,5,3,2,1,0,0,0,0,0,3,1
13 - Πιερίας,16 E.T. Δήμου Δίου - Ολύμπου,390,238,2,2,4,234,48,21,5,9,9,8,2,116,26,32,36,40,26,30,13,4,1,2,3,2,2,13,3,4,0,4,7,4,7,0,1,2,2,3,0,4,0,0,0,0,0,0,0,0,5,0,0,0,0,0,14,4,2,2,4,3,0,0,0,0,0,0,0,0,0,0,0,0,0,9,5,2,1,1,0,0,0,0,4,0
13 - Πιερίας,17 E.T. Δήμου Δίου - Ολύμπου,523,257,7,1,8,249,61,6,15,4,10,7,1,118,20,13,29,44,11,39,10,0,0,0,0,0,0,23,2,13,5,4,2,5,4,0,1,3,3,0,0,3,0,0,0,0,0,0,0,0,1,0,0,0,0,0,11,8,1,2,3,2,0,0,0,0,1,0,0,0,0,0,0,0,0,6,1,3,0,11,0,0,0,0,0,0
13 - Πιερίας,18 E.T. Δήμου Δίου - Ολύμπου,524,259,5,3,8,251,52,21,5,4,15,9,5,117,19,20,31,30,21,42,8,3,0,3,2,0,0,16,1,6,0,0,1,6,6,0,0,1,1,0,1,7,2,1,1,2,0,0,0,0,0,0,0,0,0,0,20,9,5,5,3,4,0,0,1,0,4,0,0,0,1,0,0,0,0,5,2,1,1,9,0,0,5,0,6,3
13 - Πιερίας,19 E.T. Δήμου Δίου - Ολύμπου,519,305,5,4,9,296,86,23,10,9,20,11,5,137,28,30,29,34,37,34,18,0,0,0,0,0,0,9,0,5,0,1,2,0,6,1,3,1,2,1,0,5,0,0,0,0,0,0,1,0,0,0,0,0,0,0,14,4,2,1,2,1,0,0,0,0,2,0,0,0,0,0,0,0,0,7,2,1,0,9,0,0,0,0,2,0
13 - Πιερίας,20 E.T. Δήμου Δίου - Ολύμπου,477,309,0,2,2,307,74,5,13,21,24,33,3,153,20,50,51,68,20,29,19,6,2,3,2,3,3,21,4,12,1,3,12,5,3,1,0,0,1,1,0,3,0,0,0,0,0,0,1,0,0,0,0,0,0,0,17,7,2,3,4,3,0,0,0,0,4,0,0,0,0,1,0,0,0,5,2,2,1,2,0,0,0,0,4,0
13 - Πιερίας,21 E.T. Δήμου Δίου - Ολύμπου,484,258,4,1,5,253,55,5,5,18,29,22,1,133,25,32,54,37,26,31,2,0,0,2,0,0,2,19,2,10,0,1,7,3,8,0,1,0,1,6,1,5,0,1,0,0,0,0,2,2,0,0,0,0,0,0,15,3,4,6,1,2,0,0,0,0,2,0,0,1,1,1,1,0,0,7,2,3,5,3,1,0,0,0,1,1
13 - Πιερίας,22 E.T. Δήμου Δίου - Ολύμπου,479,302,4,1,5,297,89,13,17,21,40,24,6,150,37,48,64,39,17,40,8,3,1,2,3,0,2,17,1,4,0,3,13,2,4,2,0,0,0,1,0,1,0,0,0,0,0,0,0,0,2,0,0,0,0,0,9,3,2,0,2,2,0,0,0,0,0,0,0,0,0,1,0,0,0,11,6,2,2,1,0,0,0,0,4,0
13 - Πιερίας,23 E.T. Δήμου Δίου - Ολύμπου,510,306,3,1,4,302,73,21,11,13,31,25,11,161,50,63,68,40,22,43,9,5,1,2,2,0,1,27,1,12,1,5,16,9,2,1,0,0,1,1,1,4,0,1,0,0,0,0,1,0,1,1,0,1,0,0,8,8,1,1,1,2,0,0,0,0,0,0,0,0,0,2,1,1,1,6,5,4,0,3,1,2,1,2,5,4
13 - Πιερίας,24 E.T. Δήμου Δίου - Ολύμπου,531,347,1,3,4,343,45,11,6,11,15,10,4,232,67,117,25,58,22,48,19,0,0,0,0,0,0,26,1,15,1,2,12,9,2,0,2,0,0,1,1,4,0,0,0,0,0,0,0,0,0,0,0,0,0,0,10,4,2,5,1,1,1,0,0,0,2,0,0,0,0,0,0,0,0,1,1,1,0,0,0,0,0,0,1,0
13 - Πιερίας,25 E.T. Δήμου Δίου - Ολύμπου,533,346,1,3,4,342,64,10,8,19,26,11,6,230,61,107,86,51,33,52,11,3,9,0,0,2,2,17,0,10,1,0,10,10,5,2,1,1,0,3,0,2,0,0,1,0,0,0,0,0,0,0,0,0,0,0,8,2,1,3,2,1,0,0,0,0,1,0,1,0,0,1,0,0,1,1,0,0,0,2,0,0,0,0,0,0
13 - Πιερίας,26 E.T. Δήμου Δίου - Ολύμπου,533,350,4,1,5,345,50,7,4,13,19,13,5,250,58,109,108,63,31,70,12,0,0,0,0,0,0,12,1,11,0,2,5,4,2,0,0,1,0,1,2,1,0,0,0,0,0,0,0,0,1,0,0,0,0,0,9,3,2,4,0,2,0,0,0,0,1,0,0,0,0,0,0,0,0,3,0,2,1,0,0,0,0,0,4,0
13 - Πιερίας,27 E.T. Δήμου Δίου - Ολύμπου,429,302,4,1,5,297,111,14,21,47,43,19,3,109,16,36,33,35,28,31,20,3,7,3,1,8,10,30,1,15,0,0,12,11,17,2,5,1,9,3,1,1,0,0,0,0,0,0,0,0,0,0,0,0,0,0,5,1,1,1,2,1,0,0,0,0,0,0,0,0,0,0,0,0,0,0,0,0,0,0,0,0,0,0,4,2
13 - Πιερίας,28 E.T. Δήμου Δίου - Ολύμπου,423,290,2,2,4,286,66,7,7,27,22,12,6,155,32,57,38,54,34,31,14,1,1,1,0,0,2,18,3,10,0,3,6,3,6,1,0,0,1,3,1,2,0,0,0,0,0,0,0,0,0,0,0,0,0,0,15,3,2,3,7,2,0,0,0,0,1,0,0,0,0,0,0,0,0,3,2,1,2,2,0,0,0,0,4,0
13 - Πιερίας,29 E.T. Δήμου Δίου - Ολύμπου,482,307,2,2,4,303,57,7,12,18,18,10,6,189,45,81,53,70,39,33,12,7,1,4,1,0,3,16,0,7,0,2,11,7,7,2,0,1,4,3,0,2,1,0,1,0,0,0,0,0,0,0,0,0,0,0,13,7,4,3,4,1,0,0,0,0,2,1,1,0,2,2,0,1,0,2,1,1,0,0,0,0,0,0,1,1
13 - Πιερίας,30 E.T. Δήμου Δίου - Ολύμπου,481,310,4,0,4,306,81,15,7,23,31,34,8,149,47,64,28,54,17,31,9,1,0,0,2,1,2,35,0,15,0,8,14,17,12,6,1,2,5,0,2,1,0,0,0,0,0,0,1,0,1,0,0,0,0,0,8,0,1,3,1,0,0,0,0,0,0,0,0,0,0,2,0,0,0,4,1,4,1,2,0,0,0,0,1,0
13 - Πιερίας,31 E.T. Δήμου Δίου - Ολύμπου,475,298,0,2,2,296,71,8,6,18,35,18,6,144,34,60,56,45,13,17,5,2,2,0,0,0,1,21,1,11,2,1,11,2,10,6,2,0,1,3,1,4,1,0,0,0,0,0,1,0,0,0,0,0,0,0,20,1,1,10,6,1,2,1,0,0,0,0,0,0,0,2,0,1,1,8,2,1,1,1,0,0,0,0,7,4
13 - Πιερίας,32 E.T. Δήμου Δίου - Ολύμπου,507,362,2,1,3,359,60,3,11,15,10,25,7,189,29,40,106,50,16,71,6,1,0,2,1,1,2,70,1,38,4,9,20,31,7,3,2,0,2,4,1,2,0,0,0,0,0,0,2,0,0,0,0,0,0,0,5,1,1,1,1,2,0,0,0,0,1,0,0,0,0,0,0,0,0,9,4,5,1,2,0,0,0,0,6,0
13 - Πιερίας,33 E.T. Δήμου Δίου - Ολύμπου,503,347,3,2,5,342,48,7,6,7,8,23,4,236,20,63,128,50,40,87,2,1,2,0,0,0,1,28,0,15,0,2,12,9,7,0,2,0,0,2,0,2,1,0,0,2,0,0,0,0,0,0,0,0,0,0,14,1,0,9,6,0,0,0,0,0,0,0,0,0,0,0,0,0,0,3,0,1,1,0,0,0,0,0,2,1
13 - Πιερίας,34 E.T. Δήμου Δίου - Ολύμπου,510,332,1,2,3,329,69,11,10,10,19,31,8,190,34,43,99,55,10,79,3,0,0,0,1,0,0,41,5,18,0,4,16,22,3,0,1,0,1,2,1,1,0,1,0,0,1,0,0,0,1,0,0,1,1,0,9,1,1,3,2,2,0,0,0,0,0,0,0,0,0,0,0,0,0,5,4,2,0,0,0,0,0,0,6,3
13 - Πιερίας,35 E.T. Δήμου Δίου - Ολύμπου,528,355,6,3,9,346,68,11,16,25,18,23,4,195,38,99,85,62,52,51,13,3,6,2,2,0,2,40,2,19,1,3,21,19,1,0,0,0,0,0,0,1,1,0,1,0,0,0,0,0,5,0,0,0,5,5,13,5,8,3,0,2,0,0,0,0,3,3,1,1,1,0,0,0,0,3,0,2,0,3,0,1,0,1,1,0
13 - Πιερίας,36 E.T. Δήμου Δίου - Ολύμπου,539,365,0,0,0,365,105,12,20,42,18,37,1,186,70,63,103,38,39,54,11,7,2,1,0,1,0,27,0,9,0,1,22,10,2,0,0,0,0,0,0,3,1,1,1,1,0,0,0,0,0,0,0,0,0,0,15,5,4,4,3,5,0,0,0,0,3,1,1,0,2,0,0,0,0,9,2,3,5,0,0,0,0,0,4,4
13 - Πιερίας,37 E.T. Δήμου Δίου - Ολύμπου,528,336,4,2,6,330,49,6,6,12,18,14,2,195,44,53,101,41,29,64,6,2,1,0,1,1,1,23,0,12,1,6,6,6,2,0,1,0,1,0,0,6,2,3,1,0,0,0,0,0,3,0,0,0,3,3,30,3,4,10,10,1,1,0,0,0,1,0,1,0,1,0,0,0,0,8,3,4,1,1,0,1,0,1,5,3
13 - Πιερίας,38 E.T. Δήμου Δίου - Ολύμπου,553,371,6,0,6,365,85,9,23,27,16,32,5,197,30,60,78,55,43,63,7,3,4,1,0,3,1,47,2,31,0,3,15,26,4,1,2,0,1,1,1,3,0,0,0,0,0,0,0,0,1,0,0,0,0,0,10,4,1,4,2,1,0,0,0,0,0,0,0,0,0,0,0,0,0,9,4,5,2,1,0,0,0,0,1,0
13 - Πιερίας,39 E.T. Δήμου Δίου - Ολύμπου,482,255,0,3,3,252,61,8,7,19,24,11,2,112,35,35,29,30,16,25,7,1,1,0,1,3,1,34,5,17,0,6,8,12,3,0,0,0,2,0,1,1,0,0,1,1,0,0,0,0,0,0,0,0,0,0,23,6,4,18,1,1,1,1,0,0,1,0,0,0,1,2,2,2,0,4,3,4,0,0,0,0,0,0,3,3
13 - Πιερίας,40 E.T. Δήμου Δίου - Ολύμπου,480,299,4,0,4,295,74,10,14,22,25,22,7,131,54,44,45,35,14,24,10,3,0,2,1,3,3,38,3,24,2,7,15,3,4,0,0,1,0,3,0,4,1,0,3,2,0,0,0,0,0,0,0,0,0,0,19,5,2,9,4,2,1,1,0,0,1,1,0,0,1,0,0,0,0,10,1,2,3,0,0,0,0,0,3,2
13 - Πιερίας,41 E.T. Δήμου Δίου - Ολύμπου,458,275,1,4,5,270,64,10,3,26,26,14,4,116,41,44,39,40,14,20,10,4,1,2,2,3,1,26,0,16,0,0,9,15,7,3,2,0,0,1,1,4,1,0,1,2,0,0,1,0,2,0,0,1,1,0,19,5,2,7,8,5,0,0,1,1,2,1,1,0,0,1,1,0,1,6,2,2,3,5,4,2,3,0,6,5
13 - Πιερίας,42 E.T. Δήμου Δίου - Ολύμπου,455,243,3,1,4,239,54,13,5,19,22,28,5,132,45,43,38,27,24,39,6,2,2,0,1,1,0,9,3,3,1,2,1,2,4,0,2,0,0,1,1,3,2,1,2,0,0,0,1,0,0,0,0,0,0,0,15,6,2,5,6,1,0,0,0,0,4,1,2,1,0,1,1,0,0,7,6,3,1,1,0,0,0,1,2,1
13 - Πιερίας,43 E.T. Δήμου Δίου - Ολύμπου,548,316,3,4,7,309,81,16,14,19,23,32,7,120,23,56,36,41,14,31,11,5,0,2,3,1,2,14,1,7,2,6,2,2,34,6,3,4,4,6,32,2,0,0,0,0,0,0,0,0,2,0,0,0,0,0,16,9,5,5,1,2,0,0,0,0,2,0,0,0,0,1,0,0,0,14,2,7,1,4,0,0,0,0,8,0
13 - Πιερίας,44 E.T. Δήμου Δίου - Ολύμπου,530,327,8,1,9,318,82,14,6,17,26,25,3,118,21,36,27,58,17,24,13,5,2,4,0,1,1,17,2,9,1,4,2,2,41,7,1,11,2,4,38,5,3,0,2,1,0,0,2,2,0,0,0,0,0,0,18,8,2,2,5,2,0,0,0,0,1,0,1,0,1,0,0,0,0,11,4,3,4,3,0,1,0,0,7,5
13 - Πιερίας,45 E.T. Δήμου Δίου - Ολύμπου,521,337,1,4,5,332,94,18,13,18,28,31,6,134,16,44,31,58,15,42,6,4,0,1,0,1,2,15,1,8,1,0,1,6,36,2,3,0,7,9,32,2,0,0,0,0,0,0,1,0,0,0,0,0,0,0,22,11,8,5,4,2,0,0,0,0,3,0,0,0,0,1,0,0,0,12,2,3,0,2,0,0,0,0,4,0
13 - Πιερίας,46 E.T. Δήμου Δίου - Ολύμπου,528,346,4,4,8,338,81,25,14,10,29,42,3,143,21,52,29,66,26,35,16,7,4,3,3,1,4,22,2,14,2,5,3,7,38,8,3,7,2,8,20,4,0,0,0,0,0,0,1,0,1,0,0,0,0,0,11,4,1,2,2,2,2,0,0,0,1,0,0,0,0,1,0,0,0,8,2,1,1,3,0,0,0,0,6,0
13 - Πιερίας,47 E.T. Δήμου Δίου - Ολύμπου,563,307,6,2,8,299,88,12,22,18,35,42,1,95,7,34,14,43,16,24,12,2,2,3,5,3,1,36,3,22,3,6,5,4,27,2,3,4,4,4,25,6,0,0,0,0,0,0,1,0,0,0,0,0,0,0,16,7,1,5,4,2,1,0,0,0,4,0,0,0,0,0,0,0,0,6,1,2,1,1,0,0,0,0,6,0
13 - Πιερίας,48 E.T. Δήμου Δίου - Ολύμπου,516,344,7,2,9,335,82,21,9,9,26,32,5,127,22,36,31,51,8,36,10,3,1,3,1,1,1,23,1,15,0,3,5,7,50,7,1,7,7,15,40,1,0,0,0,0,0,0,2,0,0,0,0,0,0,0,24,5,10,7,1,3,0,0,0,0,0,0,0,0,0,0,0,0,0,10,3,5,2,2,0,0,0,0,4,0
13 - Πιερίας,49 E.T. Δήμου Δίου - Ολύμπου,532,345,9,2,11,334,82,14,6,15,31,24,4,130,9,55,45,54,18,28,12,0,0,0,0,0,0,27,1,15,3,6,5,4,45,4,3,3,4,18,39,2,0,0,0,0,0,0,3,0,3,0,0,0,0,0,12,3,3,1,4,4,0,0,0,0,2,0,0,0,0,1,0,0,0,10,3,5,0,3,0,0,0,0,2,0
13 - Πιερίας,50 E.T. Δήμου Δίου - Ολύμπου,531,315,5,2,7,308,73,14,9,10,26,36,5,107,11,45,23,39,10,38,9,4,0,1,3,1,3,30,2,23,0,9,5,12,49,4,2,7,10,8,46,6,0,0,0,0,0,0,1,0,0,0,0,0,0,0,12,5,0,1,1,2,0,0,0,0,0,0,0,0,0,1,0,0,0,13,3,5,2,3,0,0,0,0,4,0
13 - Πιερίας,51 E.T. Δήμου Δίου - Ολύμπου,541,326,6,3,9,317,95,19,8,13,38,38,1,100,14,24,26,44,21,22,4,0,1,2,0,0,0,22,1,13,2,4,1,8,57,2,1,5,9,11,51,5,0,0,0,0,0,0,1,0,0,0,0,0,0,0,13,3,1,1,1,1,0,0,0,0,0,0,0,0,0,2,0,0,0,9,1,4,1,2,0,0,0,0,7,0
13 - Πιερίας,52 E.T. Δήμου Δίου - Ολύμπου,516,320,3,2,5,315,106,15,12,23,29,45,7,109,12,33,24,42,10,38,10,0,0,0,0,0,0,9,0,2,0,0,0,2,29,1,1,16,1,2,24,5,0,0,0,0,0,0,1,0,1,0,0,0,0,0,25,8,6,7,4,3,0,0,1,0,5,0,0,0,0,2,0,0,0,9,2,6,2,1,0,0,0,0,2,0
13 - Πιερίας,53 E.T. Δήμου Δίου - Ολύμπου,532,292,4,3,7,285,89,16,10,7,20,35,6,85,5,35,21,34,13,16,6,0,0,0,0,0,0,17,1,10,1,2,6,1,43,2,2,5,12,6,41,8,0,0,0,0,0,0,1,0,1,0,0,0,0,0,14,6,1,2,2,1,0,0,2,0,2,0,0,0,0,0,0,0,0,9,2,5,1,4,0,0,0,0,4,0
13 - Πιερίας,54 E.T. Δήμου Δίου - Ολύμπου,521,343,2,2,4,339,75,13,8,15,28,32,6,127,9,47,20,59,27,38,13,0,0,0,0,0,0,26,0,14,2,6,5,10,49,4,1,7,5,8,45,1,0,0,0,0,0,0,0,0,0,0,0,0,0,0,23,11,5,7,2,7,0,0,0,0,4,0,0,0,0,1,0,0,0,9,3,5,1,5,0,0,0,0,6,0
13 - Πιερίας,55 E.T. Δήμου Δίου - Ολύμπου,532,326,5,2,7,319,76,7,5,11,21,32,3,125,11,48,28,51,8,23,8,0,1,1,0,2,3,17,2,9,1,4,3,6,36,3,2,3,2,5,33,4,1,2,1,0,0,0,2,0,2,2,0,0,1,1,22,9,1,3,6,2,0,0,0,0,0,0,0,0,0,1,0,0,0,15,2,6,1,0,0,0,0,0,11,7
13 - Πιερίας,56 E.T. Δήμου Κατερίνης,512,274,5,1,6,268,59,9,16,17,12,13,9,115,49,27,24,29,30,35,8,3,2,2,0,4,3,40,4,21,0,4,8,25,4,0,4,0,3,1,0,2,0,0,0,0,0,0,0,0,0,0,0,0,0,0,27,7,8,6,8,3,0,0,0,0,3,0,0,0,0,0,0,0,0,8,4,3,0,0,0,0,0,0,2,0
13 - Πιερίας,57 E.T. Δήμου Κατερίνης,281,186,4,0,4,182,39,9,4,15,10,14,3,101,15,36,24,36,9,43,3,2,2,0,0,0,0,23,1,19,0,1,4,10,3,0,1,0,0,1,1,0,0,0,0,0,0,0,0,0,0,0,0,0,0,0,6,4,2,3,2,0,0,0,0,0,0,0,0,0,0,1,0,0,1,5,2,3,1,1,0,0,0,1,0,0
13 - Πιερίας,58 E.T. Δήμου Κατερίνης,384,266,5,2,7,259,53,9,6,13,12,23,3,118,38,48,18,52,9,41,6,0,0,0,0,0,0,46,3,33,2,3,8,22,6,1,1,0,1,1,1,2,0,0,0,0,0,0,0,0,0,0,0,0,0,0,21,8,4,4,5,1,1,0,0,0,0,0,0,0,0,0,0,0,0,2,0,0,1,1,0,0,0,0,3,0
13 - Πιερίας,59 E.T. Δήμου Κατερίνης,385,191,0,0,0,191,43,7,4,12,6,7,10,80,28,24,26,9,16,32,8,0,0,0,0,0,0,15,0,6,0,1,5,9,9,3,2,1,3,5,1,2,0,0,0,0,0,0,0,0,1,0,0,0,0,0,24,18,0,5,3,3,0,0,0,0,0,0,0,0,0,0,0,0,0,4,3,0,1,2,0,0,0,0,3,0
13 - Πιερίας,60 E.T. Δήμου Κατερίνης,355,151,1,2,3,148,40,8,1,9,13,15,10,55,21,25,14,7,5,21,3,1,1,0,0,0,0,11,1,5,0,2,1,5,5,4,1,0,0,1,0,0,0,0,0,0,0,0,0,0,1,0,0,0,0,0,30,28,1,9,3,1,0,0,0,0,0,0,0,0,0,0,0,0,0,1,0,0,0,1,0,0,0,0,1,0
13 - Πιερίας,61 E.T. Δήμου Κατερίνης,394,187,4,0,4,183,48,9,8,10,21,11,5,70,13,24,21,10,8,28,7,2,3,0,1,1,3,19,2,6,0,10,8,3,8,3,0,0,2,2,2,5,3,1,1,3,0,0,0,0,0,0,0,0,0,0,16,14,1,4,2,0,0,0,0,0,1,0,0,0,0,0,0,0,0,8,3,6,3,0,0,0,0,0,1,1
13 - Πιερίας,62 E.T. Δήμου Κατερίνης,254,138,0,1,1,137,35,3,2,5,10,23,10,64,28,16,15,8,4,27,1,1,0,0,0,0,0,20,0,20,0,0,2,6,4,0,0,0,1,3,4,0,0,0,0,0,0,0,0,0,0,0,0,0,0,0,5,3,2,1,2,1,0,0,0,0,2,2,0,1,0,0,0,0,0,4,0,1,2,2,0,0,0,0,0,0
13 - Πιερίας,63 E.T. Δήμου Κατερίνης,265,189,3,0,3,186,45,0,16,7,8,16,11,97,43,34,14,11,14,40,9,0,0,0,0,0,0,14,1,9,0,1,2,5,3,1,1,0,1,1,0,3,0,0,0,0,0,0,0,0,0,0,0,0,0,0,5,2,0,1,1,1,0,0,0,0,1,0,0,0,0,1,0,0,0,4,3,3,0,0,0,0,0,0,4,0
13 - Πιερίας,64 E.T. Δήμου Κατερίνης,345,224,3,0,3,221,49,7,16,13,8,8,7,114,49,22,33,28,29,30,7,0,0,0,0,0,0,24,2,13,0,2,1,8,3,2,0,0,0,2,0,1,0,0,0,0,0,0,0,0,0,0,0,0,0,0,17,9,5,1,4,0,0,0,0,0,0,0,0,0,0,1,0,0,0,2,0,1,1,2,0,0,0,0,1,0
13 - Πιερίας,65 E.T. Δήμου Κατερίνης,362,221,0,1,1,220,32,5,6,4,12,12,4,154,27,37,63,23,24,56,5,0,0,0,0,0,0,12,1,11,0,0,0,1,1,1,1,0,0,0,0,2,0,0,0,0,0,0,0,0,0,0,0,0,0,0,10,4,1,4,1,1,0,0,0,0,0,0,0,0,0,0,0,0,0,1,0,0,0,1,0,0,0,0,2,0
13 - Πιερίας,66 E.T. Δήμου Κατερίνης,399,258,4,2,6,252,50,12,3,9,11,12,7,146,41,51,50,37,36,36,4,0,0,0,0,0,0,22,0,20,0,0,1,2,2,0,0,0,0,0,0,3,0,0,0,0,0,0,1,0,1,0,0,0,0,0,12,3,1,4,1,1,0,0,0,0,1,0,0,0,0,0,0,0,0,5,1,4,1,0,0,0,0,0,5,0
13 - Πιερίας,67 E.T. Δήμου Κατερίνης,263,121,2,0,2,119,40,6,2,21,5,14,2,41,8,19,18,3,2,18,6,0,0,0,0,0,0,12,0,10,0,2,2,0,3,0,1,0,0,0,0,0,0,0,0,0,0,0,0,0,0,0,0,0,0,0,9,2,4,2,2,1,0,0,0,0,0,0,0,0,0,0,0,0,0,5,4,0,0,0,0,0,0,0,3,0
13 - Πιερίας,68 E.T. Δήμου Κατερίνης,456,295,2,1,3,292,50,5,4,18,10,24,7,177,68,55,76,41,26,33,14,5,3,7,2,0,6,24,0,21,0,1,1,3,1,1,0,0,0,1,0,3,1,0,0,0,0,0,0,0,0,0,0,0,0,0,17,6,3,7,5,2,0,0,0,0,0,0,0,0,0,0,0,0,0,2,1,1,0,1,0,0,0,0,3,0
13 - Πιερίας,69 E.T. Δήμου Κατερίνης,471,298,2,0,2,296,38,8,1,14,11,16,2,165,50,55,63,36,14,55,16,4,2,1,1,2,1,40,0,34,0,3,2,7,6,1,0,0,1,2,0,3,1,0,0,0,0,0,0,0,0,0,0,0,0,0,19,3,1,8,6,2,0,0,0,0,0,0,0,0,0,0,0,0,0,2,0,2,0,4,2,1,0,2,3,2
13 - Πιερίας,70 E.T. Δήμου Κατερίνης,423,245,3,1,4,241,56,9,5,12,22,9,3,112,48,43,31,20,12,29,11,4,4,5,2,0,1,15,0,9,0,2,1,6,2,0,1,0,0,0,0,2,1,2,0,1,0,0,0,0,1,0,0,0,0,0,28,1,2,6,17,3,0,0,0,0,1,0,0,0,0,0,0,0,0,8,3,0,2,2,0,0,0,0,3,0
13 - Πιερίας,71 E.T. Δήμου Κατερίνης,447,272,4,4,8,264,59,12,11,15,16,13,5,136,46,45,31,30,14,39,11,6,3,3,2,3,0,17,1,15,0,0,0,4,4,1,0,0,1,3,0,3,0,0,0,0,0,0,0,0,0,0,0,0,0,0,24,8,3,7,10,1,1,0,0,0,0,0,0,0,0,0,0,0,0,5,3,2,0,0,0,0,0,0,4,0
13 - Πιερίας,72 E.T. Δήμου Κατερίνης,551,285,6,2,8,277,45,6,3,9,13,10,7,133,67,27,28,23,16,41,8,0,0,0,0,0,0,51,13,6,1,14,3,35,13,7,4,0,7,0,1,3,0,0,0,0,0,0,1,0,0,0,0,0,0,0,15,6,3,7,5,2,2,0,1,0,0,0,0,0,0,1,0,0,0,4,0,2,2,0,0,0,0,0,0,0
13 - Πιερίας,73 E.T. Δήμου Κατερίνης,555,224,4,0,4,220,30,5,3,11,16,4,2,110,38,23,30,20,18,46,13,4,4,0,1,1,3,37,2,7,1,3,0,32,7,5,0,0,1,0,1,5,0,0,0,0,0,0,0,0,0,0,0,0,0,0,6,1,1,2,2,1,1,0,0,0,1,0,0,0,0,1,0,0,0,4,1,2,0,1,0,0,0,0,4,0
13 - Πιερίας,74 E.T. Δήμου Κατερίνης,546,261,4,2,6,255,60,7,13,16,14,10,10,113,22,37,29,20,0,40,9,2,1,1,0,2,0,20,0,13,3,4,1,7,12,2,3,0,1,4,1,4,1,0,1,1,0,0,0,0,0,0,0,0,0,0,16,3,0,3,4,1,0,0,2,0,1,1,0,0,1,1,0,0,0,9,4,4,1,3,0,0,0,0,5,0
13 - Πιερίας,75 E.T. Δήμου Κατερίνης,536,306,3,3,6,300,86,10,16,25,23,28,11,140,29,33,43,50,15,53,3,0,0,0,0,0,0,16,1,7,1,2,0,8,16,7,2,0,5,8,3,3,0,0,0,0,0,0,0,0,0,0,0,0,0,0,8,1,1,4,2,0,0,0,0,0,5,0,0,0,0,1,0,0,0,11,1,3,2,5,0,0,0,0,6,0
13 - Πιερίας,76 E.T. Δήμου Κατερίνης,539,332,8,3,11,321,82,12,19,22,25,15,8,152,32,43,46,33,22,62,5,1,1,2,1,1,1,18,3,10,0,2,2,11,10,5,2,0,5,2,1,5,0,0,0,0,0,0,1,0,0,0,0,0,0,0,16,6,2,6,1,1,0,0,0,0,1,0,0,0,0,1,0,0,0,8,2,3,0,8,0,0,0,0,14,0
13 - Πιερίας,77 E.T. Δήμου Κατερίνης,551,338,5,0,5,333,81,10,9,13,14,26,8,159,30,56,50,28,31,52,6,0,0,0,0,0,0,26,1,16,2,5,5,8,14,6,1,1,1,1,0,4,0,0,0,0,0,0,0,0,0,0,0,0,0,0,19,4,4,2,7,2,0,0,1,0,0,0,0,0,0,1,0,0,0,12,4,6,0,4,0,0,0,0,6,0
13 - Πιερίας,78 E.T. Δήμου Κατερίνης,530,285,9,4,13,272,63,6,13,12,19,21,6,139,38,31,51,42,25,45,15,4,4,1,0,0,4,16,3,7,0,2,3,9,5,2,1,0,1,2,1,5,0,0,0,0,0,0,0,0,0,0,0,0,0,0,16,3,2,5,5,1,0,0,0,0,0,0,0,0,0,0,0,0,0,5,0,2,0,1,0,0,0,0,7,0
13 - Πιερίας,79 E.T. Δήμου Κατερίνης,530,283,2,1,3,280,53,8,13,13,18,21,8,134,28,33,45,27,28,57,10,4,5,4,0,1,5,24,3,18,0,0,4,10,12,4,3,0,1,6,0,5,0,0,0,0,0,0,0,0,0,0,0,0,0,0,23,8,3,9,8,3,0,0,0,0,0,0,0,0,0,1,0,0,0,8,6,3,3,4,0,0,0,0,6,0
13 - Πιερίας,80 E.T. Δήμου Κατερίνης,551,307,6,3,9,298,76,7,9,16,31,21,13,147,30,37,54,45,33,44,10,0,0,0,0,0,0,24,0,11,0,2,4,15,14,3,4,1,2,6,2,6,0,0,0,0,0,0,1,0,0,0,0,0,0,0,9,1,0,7,2,0,1,0,0,0,1,0,0,0,0,0,0,0,0,4,3,1,2,2,0,0,0,0,3,0
13 - Πιερίας,81 E.T. Δήμου Κατερίνης,532,272,1,2,3,269,67,10,12,13,22,19,9,117,16,22,55,33,19,35,9,3,2,1,2,4,4,27,1,15,1,5,0,13,16,7,2,0,5,6,3,6,0,0,0,0,0,0,0,0,0,0,0,0,0,0,15,3,5,3,5,0,0,0,0,0,0,0,0,0,0,0,0,0,0,7,1,1,1,2,0,0,0,0,3,0
13 - Πιερίας,82 E.T. Δήμου Κατερίνης,565,341,5,2,7,334,83,5,13,20,29,24,10,149,27,34,52,36,29,49,11,4,1,2,1,1,0,23,3,8,2,3,7,9,17,5,2,1,8,6,2,10,0,0,0,0,0,0,1,0,0,0,0,0,0,0,11,2,1,3,3,0,0,0,1,0,3,0,0,0,0,0,0,0,0,15,4,9,5,4,0,0,0,0,6,0
13 - Πιερίας,83 E.T. Δήμου Κατερίνης,534,267,5,4,9,258,79,13,12,15,19,23,10,104,17,28,37,41,19,29,8,1,0,1,0,0,1,25,7,11,0,3,2,13,13,4,5,0,4,3,2,1,1,0,0,0,0,0,0,0,2,1,1,0,2,0,13,4,1,1,6,4,0,0,0,0,1,0,0,0,0,0,0,0,0,7,2,1,0,1,0,1,0,0,4,2
13 - Πιερίας,84 E.T. Δήμου Κατερίνης,557,314,6,5,11,303,82,20,17,19,25,23,12,149,41,38,44,29,29,44,8,0,5,0,2,2,1,14,1,8,0,0,2,11,5,4,1,0,0,2,0,7,2,3,3,0,0,0,0,0,0,0,0,0,0,0,17,6,4,6,8,1,1,0,0,0,3,0,0,0,0,2,0,0,0,9,2,3,0,4,0,0,0,0,2,0
13 - Πιερίας,85 E.T. Δήμου Κατερίνης,561,327,2,3,5,322,84,10,16,25,32,16,12,150,27,27,42,39,31,89,9,0,0,0,0,0,0,19,1,9,1,4,3,8,11,1,3,0,5,5,2,7,0,0,0,0,0,0,0,0,1,0,0,0,0,0,12,3,0,5,5,0,4,0,0,0,2,0,0,0,0,1,0,0,0,6,2,2,1,6,0,0,0,0,10,0
13 - Πιερίας,86 E.T. Δήμου Κατερίνης,559,293,1,2,3,290,70,14,12,14,21,32,6,140,27,49,48,43,15,44,7,3,3,1,0,1,2,24,1,16,3,1,5,3,7,3,3,0,2,3,1,7,0,0,0,0,0,0,2,0,0,0,0,0,0,0,17,4,3,6,3,0,1,0,0,0,2,0,0,0,0,1,0,0,0,8,6,5,2,1,0,0,0,0,3,0
13 - Πιερίας,87 E.T. Δήμου Κατερίνης,568,311,8,2,10,301,56,7,10,12,14,16,5,149,37,40,56,29,35,39,4,0,0,0,0,0,0,32,3,19,0,1,7,13,15,4,7,0,6,2,4,5,0,0,0,0,0,0,0,0,0,0,0,0,0,0,21,6,0,7,7,0,0,0,0,0,1,0,0,0,0,0,0,0,0,10,1,1,1,5,0,0,0,0,3,0
13 - Πιερίας,88 E.T. Δήμου Κατερίνης,534,290,2,0,2,288,63,7,7,16,22,18,10,142,19,40,50,45,21,31,1,0,0,0,0,0,0,17,1,12,0,2,1,5,19,6,0,1,6,8,1,7,0,0,0,0,0,0,0,0,0,0,0,0,0,0,16,1,1,7,6,1,0,0,0,0,0,0,0,0,0,0,0,0,0,14,5,3,4,2,0,0,0,0,7,0
13 - Πιερίας,89 E.T. Δήμου Κατερίνης,536,320,4,2,6,314,63,6,12,13,17,23,8,171,42,40,68,54,25,44,6,1,3,3,1,0,1,21,1,13,1,3,1,10,15,8,4,0,4,3,2,5,0,0,0,0,0,0,2,0,0,0,0,0,0,0,11,6,2,0,4,5,0,0,0,0,1,0,0,0,0,0,0,0,0,13,3,7,4,0,0,0,0,0,6,0
13 - Πιερίας,90 E.T. Δήμου Κατερίνης,548,316,5,4,9,307,50,7,11,13,13,16,7,156,47,36,50,45,30,52,6,0,0,0,0,0,0,25,1,7,0,6,11,3,21,2,8,0,6,7,3,7,0,0,0,0,0,0,0,0,0,0,0,0,0,0,15,2,4,4,4,3,0,0,0,0,1,0,0,0,0,2,0,0,0,16,7,8,4,5,0,0,0,0,3,0
13 - Πιερίας,91 E.T. Δήμου Κατερίνης,545,326,6,1,7,319,55,2,6,12,19,19,5,131,28,18,54,47,21,36,14,5,3,2,3,0,5,35,1,28,0,1,6,8,16,6,0,2,3,3,3,3,0,0,0,0,0,0,0,0,0,0,0,0,0,0,35,8,2,9,15,2,1,0,0,0,0,0,0,0,0,5,0,0,0,16,2,8,3,2,0,0,0,0,6,0
13 - Πιερίας,92 E.T. Δήμου Κατερίνης,530,321,6,7,13,308,61,2,7,14,15,25,10,171,39,48,59,52,25,55,3,0,0,1,0,0,0,28,2,12,2,1,7,11,10,3,2,0,1,1,1,4,0,0,0,0,0,0,0,0,0,0,0,0,0,0,16,1,3,5,4,3,0,0,0,0,0,0,0,0,0,0,0,0,0,9,4,3,2,1,0,0,0,0,5,0
13 - Πιερίας,93 E.T. Δήμου Κατερίνης,530,306,2,2,4,302,65,9,6,10,14,16,10,164,22,41,61,67,33,45,6,0,0,2,1,1,1,16,1,9,2,2,1,9,12,3,4,0,6,3,0,7,1,1,2,2,0,0,2,1,0,0,0,0,0,0,17,3,2,3,6,1,0,0,0,0,1,0,0,0,0,0,0,0,0,5,3,3,2,2,0,2,0,1,5,4
13 - Πιερίας,94 E.T. Δήμου Κατερίνης,532,289,4,0,4,285,65,11,14,14,26,20,10,128,31,32,49,30,29,38,8,0,2,2,0,1,2,24,4,14,1,4,2,14,25,11,7,0,9,6,3,0,0,0,0,0,0,0,2,0,0,0,0,0,0,0,11,6,4,2,1,3,1,0,1,0,0,0,0,0,0,1,0,0,0,15,5,6,3,1,0,0,0,0,3,0
13 - Πιερίας,95 E.T. Δήμου Κατερίνης,532,277,5,2,7,270,63,16,9,13,22,25,13,124,24,23,37,31,17,80,8,2,2,3,3,1,0,22,2,11,0,5,7,11,16,6,6,2,4,6,1,0,0,0,0,0,0,0,1,1,0,0,0,0,0,0,11,2,2,2,3,3,1,1,0,0,1,1,0,1,0,1,1,0,1,12,5,6,4,5,3,2,1,2,5,5
13 - Πιερίας,96 E.T. Δήμου Κατερίνης,532,293,3,3,6,287,56,9,19,10,20,22,8,140,26,46,43,36,26,50,14,2,1,3,2,6,5,23,4,15,0,2,5,10,9,4,1,0,1,1,2,7,0,0,0,0,0,0,0,0,0,0,0,0,0,0,11,8,1,3,2,4,0,0,0,0,3,0,0,0,0,2,0,0,0,16,6,7,3,4,0,0,0,0,2,0
13 - Πιερίας,97 E.T. Δήμου Κατερίνης,555,312,2,3,5,307,74,11,12,17,21,32,8,144,29,38,41,55,22,56,5,2,1,1,1,1,1,42,3,20,0,7,12,9,12,3,3,1,4,1,1,4,0,0,0,0,0,0,1,0,1,0,0,0,0,0,13,1,3,6,3,1,0,0,0,0,1,0,0,0,0,0,0,0,0,4,3,1,0,0,0,0,0,0,6,0
13 - Πιερίας,98 E.T. Δήμου Κατερίνης,530,279,4,3,7,272,65,6,14,16,19,19,7,131,36,21,40,25,35,39,6,2,1,1,2,1,0,22,1,14,0,4,1,9,16,8,5,0,4,5,0,5,1,0,1,2,0,0,1,0,1,0,0,1,1,0,10,4,0,3,0,2,0,0,0,0,2,0,0,0,0,0,0,0,0,9,2,0,0,1,1,0,0,1,3,3
13 - Πιερίας,99 E.T. Δήμου Κατερίνης,537,298,4,0,4,294,58,4,7,7,18,14,9,145,25,34,54,40,34,47,7,0,1,2,0,1,2,30,1,15,2,5,2,15,17,10,3,1,4,5,0,3,0,0,0,0,0,0,0,0,1,0,0,0,0,0,16,5,3,4,6,3,1,0,0,0,0,0,0,0,0,0,0,0,0,7,2,3,2,7,0,0,0,0,2,0
13 - Πιερίας,100 E.T. Δήμου Κατερίνης,534,299,3,1,4,295,83,9,11,19,31,21,10,116,31,25,34,26,22,39,7,0,2,0,0,1,2,29,6,12,0,3,7,11,13,7,1,0,2,10,1,4,0,0,0,0,0,0,1,0,0,0,0,0,0,0,19,6,1,3,6,3,0,0,0,0,3,0,0,0,0,0,0,0,0,8,2,3,1,5,0,0,0,0,7,0
13 - Πιερίας,101 E.T. Δήμου Κατερίνης,540,298,0,1,1,297,63,10,15,14,23,12,18,137,38,36,43,39,18,47,10,2,3,4,2,1,4,28,1,23,1,6,3,10,10,2,2,2,0,3,1,5,0,0,0,0,0,0,0,0,1,0,0,0,0,0,13,7,2,4,4,3,0,0,0,0,2,0,0,0,0,1,0,0,0,15,4,5,4,6,0,0,0,0,6,0
13 - Πιερίας,102 E.T. Δήμου Κατερίνης,251,114,3,0,3,111,23,4,2,5,9,4,4,56,15,11,20,13,6,28,1,1,1,0,0,0,0,9,0,4,0,0,0,8,1,1,0,0,0,0,0,3,0,0,0,0,0,0,0,0,1,0,0,0,0,0,10,5,1,4,1,0,0,0,0,0,0,0,0,0,0,1,0,0,0,1,0,0,0,0,0,0,0,0,5,0
13 - Πιερίας,103 E.T. Δήμου Κατερίνης,318,145,3,1,4,141,34,7,3,5,16,11,5,64,13,16,21,21,6,26,1,0,1,0,0,1,0,19,1,10,0,1,2,10,5,2,1,0,1,1,0,2,0,0,1,0,0,0,0,0,0,0,0,0,0,0,9,3,0,4,3,2,0,0,0,0,1,0,0,0,0,0,0,0,0,2,1,1,1,0,0,0,0,0,4,3
13 - Πιερίας,104 E.T. Δήμου Κατερίνης,510,241,2,1,3,238,51,10,11,19,9,8,9,98,29,14,30,18,13,37,11,4,3,0,0,1,3,28,1,13,0,10,9,10,7,1,1,0,1,3,1,1,0,0,0,0,0,0,0,0,2,0,0,0,0,0,18,6,6,7,10,2,0,0,1,0,3,0,0,0,0,0,0,0,0,7,1,6,3,6,0,0,0,0,5,0
13 - Πιερίας,105 E.T. Δήμου Κατερίνης,501,260,3,2,5,255,77,9,14,17,28,21,13,92,30,16,27,31,13,27,8,0,1,1,0,0,1,13,1,3,0,1,3,8,12,3,1,0,1,9,1,9,0,0,0,0,0,0,0,0,0,0,0,0,0,0,18,4,3,5,5,2,0,0,0,0,1,0,0,0,0,3,0,0,0,11,2,1,3,3,0,0,0,0,8,0
13 - Πιερίας,106 E.T. Δήμου Κατερίνης,505,251,4,1,5,246,82,12,12,21,25,22,15,96,17,19,34,19,20,36,3,0,0,0,0,0,0,18,3,8,0,4,1,9,6,1,2,0,0,3,0,6,0,0,0,0,0,0,2,0,0,0,0,0,0,0,12,5,2,4,2,2,0,0,0,0,4,0,0,0,0,0,0,0,0,9,1,1,0,3,0,0,0,0,5,0
13 - Πιερίας,107 E.T. Δήμου Κατερίνης,513,274,4,2,6,268,86,13,20,20,29,16,11,94,36,20,26,29,14,25,15,2,3,5,2,1,3,32,6,11,1,8,3,15,8,3,3,1,2,4,2,4,0,1,1,2,0,0,0,0,0,0,0,0,0,0,14,6,2,2,5,2,0,0,0,0,0,0,0,0,0,2,1,1,0,6,3,3,3,1,1,0,1,0,6,3
13 - Πιερίας,108 E.T. Δήμου Κατερίνης,499,243,6,0,6,237,58,11,11,17,20,13,12,101,30,15,28,18,16,46,7,0,0,0,0,0,0,27,2,11,1,8,4,10,8,0,0,0,0,0,0,5,0,0,0,0,0,0,0,0,0,0,0,0,0,0,16,4,3,3,9,1,0,0,0,0,3,0,0,0,0,0,0,0,0,6,2,3,2,0,0,0,0,0,6,0
13 - Πιερίας,109 E.T. Δήμου Κατερίνης,500,242,4,1,5,237,41,6,4,11,14,8,13,98,38,28,34,26,8,29,8,3,1,2,1,2,3,22,1,12,2,2,8,13,15,0,6,1,5,6,5,2,1,1,1,1,0,0,1,0,6,0,4,1,4,0,14,3,3,7,7,5,0,0,0,0,2,0,0,1,2,0,0,0,0,15,3,5,3,7,4,1,2,2,6,5
13 - Πιερίας,110 E.T. Δήμου Κατερίνης,503,300,2,2,4,296,70,12,11,11,25,19,10,105,23,23,22,26,49,35,8,0,0,0,0,0,0,50,2,20,1,6,9,19,17,6,7,0,3,2,2,8,0,0,0,0,0,0,1,0,1,0,0,0,0,0,21,4,4,3,6,3,1,0,0,0,0,0,0,0,0,0,0,0,0,7,3,2,0,4,0,0,0,0,3,0
13 - Πιερίας,111 E.T. Δήμου Κατερίνης,495,274,2,2,4,270,78,12,14,24,25,20,19,92,24,23,29,26,9,32,14,2,5,4,4,2,3,30,1,10,1,8,10,14,9,3,3,0,1,4,1,2,1,1,0,2,0,0,0,0,1,0,1,0,0,1,24,6,4,8,14,6,1,1,0,0,3,1,2,0,1,0,0,0,0,9,1,5,1,3,0,1,2,2,4,2
13 - Πιερίας,112 E.T. Δήμου Κατερίνης,501,255,3,2,5,250,87,9,10,21,38,20,16,73,22,13,19,14,14,27,14,0,0,0,0,0,0,19,4,9,1,2,4,6,11,3,3,1,5,5,1,6,0,0,0,0,0,0,0,0,0,0,0,0,0,0,21,9,2,3,8,4,0,0,0,0,2,0,0,0,0,1,0,0,0,8,3,5,1,2,0,0,0,0,6,0
13 - Πιερίας,113 E.T. Δήμου Κατερίνης,509,255,7,0,7,248,72,12,12,17,24,16,14,97,26,17,24,27,25,31,2,0,0,0,0,1,2,24,4,18,0,1,5,8,7,5,1,0,5,1,1,9,0,0,0,0,0,0,0,0,0,0,0,0,0,0,21,8,4,6,5,3,0,0,0,0,1,0,0,0,0,2,0,0,0,3,1,1,2,0,0,0,0,0,10,0
13 - Πιερίας,114 E.T. Δήμου Κατερίνης,511,233,2,0,2,231,64,8,16,17,17,16,12,85,16,21,40,25,16,20,8,1,2,5,0,1,6,25,0,10,1,13,5,10,9,6,1,1,2,2,2,3,1,0,1,0,0,0,0,0,1,0,0,1,1,0,17,7,0,6,9,4,0,0,0,0,2,0,0,0,0,0,0,0,0,9,2,3,1,3,1,0,0,0,5,3
13 - Πιερίας,115 E.T. Δήμου Κατερίνης,506,265,12,4,16,249,64,6,10,19,14,14,10,94,23,11,40,18,20,23,7,1,1,1,1,2,3,24,2,10,0,6,2,8,12,3,2,0,3,4,3,6,3,2,1,1,0,0,1,1,0,0,0,0,0,0,22,7,6,5,6,4,0,0,0,0,0,0,0,0,0,0,0,0,0,14,7,5,4,1,0,0,0,0,4,3
13 - Πιερίας,116 E.T. Δήμου Κατερίνης,436,231,5,1,6,225,63,4,4,20,7,6,41,114,36,26,60,23,7,25,2,1,0,1,1,1,0,9,0,5,0,1,4,6,18,7,6,0,9,6,2,0,0,0,0,0,0,0,2,0,0,0,0,0,0,0,13,3,0,4,4,1,0,0,0,0,1,0,0,0,0,0,0,0,0,1,0,0,0,1,0,0,0,0,1,0
13 - Πιερίας,117 E.T. Δήμου Κατερίνης,549,316,8,1,9,307,82,12,14,25,24,17,22,124,35,31,35,41,22,36,5,2,1,2,0,0,1,27,3,18,1,7,3,9,14,7,4,0,5,1,0,5,2,1,0,1,0,0,2,2,2,0,0,1,2,1,22,6,4,7,11,3,0,0,0,0,0,0,0,0,0,2,0,1,0,9,2,5,1,4,2,1,1,2,9,6
13 - Πιερίας,118 E.T. Δήμου Κατερίνης,554,342,3,4,7,335,84,9,17,25,27,28,8,162,34,38,59,51,34,52,6,2,1,2,1,1,2,20,2,11,1,8,6,4,20,0,3,0,5,8,1,3,0,0,0,0,0,0,0,0,2,0,0,0,0,0,12,3,3,4,4,1,0,0,0,0,1,0,0,0,0,0,0,0,0,15,3,6,3,5,0,0,0,0,5,0
13 - Πιερίας,119 E.T. Δήμου Κατερίνης,565,356,2,0,2,354,95,6,25,29,32,31,9,144,24,35,49,40,29,57,12,3,2,1,2,2,4,33,4,21,0,10,8,6,7,3,3,0,0,5,2,5,0,0,0,0,0,0,0,0,0,0,0,0,0,0,36,7,13,9,11,4,1,0,0,0,0,0,0,0,0,0,0,0,0,13,1,3,2,3,0,0,0,0,5,0
13 - Πιερίας,120 E.T. Δήμου Κατερίνης,536,327,5,0,5,322,79,12,9,27,34,23,12,141,30,39,55,40,24,45,9,3,1,0,1,0,3,40,6,17,0,10,6,18,7,0,0,0,2,3,0,2,2,0,0,0,0,0,1,1,0,0,0,0,0,0,13,6,1,4,2,4,0,0,0,0,2,0,2,0,0,0,0,0,0,24,7,13,9,1,0,0,0,0,3,3
13 - Πιερίας,121 E.T. Δήμου Κατερίνης,567,346,12,1,13,333,81,6,23,12,39,23,10,157,37,30,54,56,31,41,7,2,4,0,0,0,3,28,4,15,0,7,8,11,12,4,5,1,3,6,0,0,0,0,0,0,0,0,3,0,0,0,0,0,0,0,24,9,4,11,7,4,0,0,0,0,0,0,0,0,0,4,0,0,0,8,2,3,4,6,0,0,0,0,3,0
13 - Πιερίας,122 E.T. Δήμου Κατερίνης,531,331,9,1,10,321,97,5,27,29,30,27,8,117,17,32,47,35,19,37,14,2,4,4,3,4,3,32,5,16,1,3,5,20,11,4,1,1,3,6,0,7,3,1,1,1,0,0,0,0,0,0,0,0,0,0,19,6,3,3,12,2,0,0,0,0,0,0,0,0,0,2,0,2,0,14,2,6,12,3,1,0,0,1,5,3
13 - Πιερίας,123 E.T. Δήμου Κατερίνης,566,330,2,5,7,323,86,6,23,21,23,20,14,147,38,30,45,43,23,42,8,4,2,2,1,0,0,31,1,13,0,4,3,14,17,8,9,0,2,4,1,5,1,0,0,0,0,0,0,0,1,0,0,1,1,0,11,3,2,1,5,2,0,0,0,0,0,0,0,0,0,1,1,0,1,15,6,7,1,0,0,0,0,0,1,1
13 - Πιερίας,124 E.T. Δήμου Κατερίνης,530,317,1,2,3,314,105,10,19,23,37,24,16,113,28,24,38,38,15,38,4,2,0,0,0,0,1,44,12,13,0,3,7,29,7,1,0,0,1,1,1,3,0,0,0,0,0,0,0,0,2,0,0,0,0,0,18,5,5,4,7,3,0,0,0,0,2,0,0,0,0,0,0,0,0,4,1,2,1,6,0,0,0,0,6,0
13 - Πιερίας,125 E.T. Δήμου Κατερίνης,560,338,3,4,7,331,87,15,15,22,32,26,14,166,35,37,76,48,23,47,12,1,5,3,0,0,4,29,1,15,0,9,3,8,8,1,1,1,0,0,0,6,1,1,1,1,0,0,0,0,0,0,0,0,0,0,13,3,3,4,4,0,0,0,0,0,2,1,1,0,1,0,0,0,0,6,2,1,0,2,1,0,0,1,0,0
13 - Πιερίας,126 E.T. Δήμου Κατερίνης,531,309,3,3,6,303,74,13,12,17,24,17,6,143,36,43,55,35,30,53,6,0,4,1,1,0,3,28,8,13,1,5,2,13,11,1,3,2,1,2,2,2,0,0,0,0,0,0,0,0,0,0,0,0,0,0,17,5,2,5,6,0,0,0,0,0,4,0,0,0,0,0,0,0,0,11,4,3,1,4,0,0,0,0,3,0
13 - Πιερίας,127 E.T. Δήμου Κατερίνης,565,339,1,3,4,335,83,10,15,19,35,24,12,164,24,39,70,63,30,44,4,1,1,1,1,0,2,27,3,20,0,4,6,5,10,3,1,1,2,4,2,11,0,0,0,0,0,0,1,0,1,0,0,0,0,0,16,2,4,1,3,0,0,0,0,0,0,0,0,0,0,3,0,0,0,12,3,2,1,2,0,0,0,0,1,0
13 - Πιερίας,128 E.T. Δήμου Κατερίνης,564,329,12,3,15,314,81,12,16,18,30,16,8,139,30,29,45,44,26,24,10,3,2,3,2,0,2,30,2,3,0,7,6,12,12,1,0,0,3,5,2,7,2,1,2,2,0,0,1,0,1,1,0,0,0,0,12,5,4,5,4,1,1,0,1,0,4,0,1,0,0,2,0,2,2,8,2,3,3,2,0,0,0,0,3,2
13 - Πιερίας,129 E.T. Δήμου Κατερίνης,539,336,3,1,4,332,93,16,29,16,35,20,8,136,36,35,46,43,30,31,5,0,1,0,2,1,3,36,2,12,1,8,4,20,19,9,2,1,5,4,5,7,0,2,1,5,0,0,1,0,0,0,0,0,0,0,17,8,2,1,12,0,0,0,0,0,0,0,0,0,0,0,0,0,0,11,2,4,1,5,2,1,2,2,2,2
13 - Πιερίας,130 E.T. Δήμου Κατερίνης,564,324,0,1,1,323,91,10,23,29,38,17,11,154,23,38,65,48,18,55,5,3,3,0,0,0,2,26,1,11,2,10,9,6,5,2,1,0,0,1,0,5,0,0,0,0,0,0,0,0,0,0,0,0,0,0,13,3,3,5,7,0,0,0,0,0,2,0,0,0,0,4,0,0,0,11,3,6,3,4,0,0,0,0,3,0
13 - Πιερίας,131 E.T. Δήμου Κατερίνης,565,331,4,2,6,325,74,5,8,16,38,18,10,149,18,30,53,51,32,55,6,0,1,2,2,1,3,29,7,11,1,7,6,10,14,3,2,0,2,5,3,8,0,0,0,0,0,0,0,0,0,0,0,0,0,0,20,6,3,6,12,5,1,0,0,0,2,0,0,0,0,0,0,0,0,11,4,2,2,2,0,0,0,0,9,0
13 - Πιερίας,132 E.T. Δήμου Κατερίνης,561,334,1,1,2,332,92,12,12,17,40,25,22,136,35,17,40,56,24,43,7,1,2,2,2,0,2,28,2,11,1,11,6,16,21,13,7,0,3,5,3,6,1,1,0,2,0,0,0,0,1,0,0,1,1,0,11,1,1,5,2,1,0,0,0,0,2,0,0,0,0,2,0,1,0,12,6,6,6,7,2,2,0,2,7,4
13 - Πιερίας,133 E.T. Δήμου Κατερίνης,565,323,6,0,6,317,72,6,16,16,27,16,12,143,38,31,45,47,13,34,12,0,0,0,0,0,0,26,1,14,0,1,3,8,11,5,5,0,1,3,3,4,0,0,0,0,0,0,0,0,1,0,0,0,0,0,22,9,5,4,4,6,0,0,0,0,1,0,0,0,0,2,0,0,0,11,1,4,2,3,0,0,0,0,9,0
13 - Πιερίας,134 E.T. Δήμου Κατερίνης,560,341,3,1,4,337,71,9,8,21,26,26,17,159,33,46,59,50,31,35,9,0,0,0,0,0,0,40,4,13,1,9,8,18,9,2,1,1,2,3,0,9,0,0,0,0,0,0,2,0,0,0,0,0,0,0,16,6,4,2,5,8,0,0,0,0,2,0,0,0,0,0,0,0,0,12,6,6,2,4,0,0,0,0,4,0
13 - Πιερίας,135 E.T. Δήμου Κατερίνης,566,327,2,4,6,321,85,18,19,21,41,23,8,130,25,27,53,46,22,32,8,1,2,2,0,3,3,38,5,20,0,9,4,19,15,3,3,0,5,9,0,3,1,0,1,2,0,0,1,1,3,2,1,1,0,2,12,5,5,0,4,1,0,0,0,0,4,1,0,0,0,0,0,0,0,16,5,7,5,3,0,1,1,1,3,3
13 - Πιερίας,136 E.T. Δήμου Κατερίνης,568,348,1,3,4,344,93,13,19,14,28,24,12,141,16,38,48,36,28,50,11,1,1,1,1,0,0,23,2,12,0,5,3,9,24,9,5,0,8,8,3,4,0,0,0,0,0,0,0,0,0,0,0,0,0,0,30,7,1,8,9,3,0,0,0,0,2,0,0,0,0,2,0,0,0,7,2,2,3,1,0,0,0,0,6,0
13 - Πιερίας,137 E.T. Δήμου Κατερίνης,568,333,5,2,7,326,74,8,27,9,21,25,7,171,33,43,58,61,34,52,11,3,1,2,1,1,4,20,3,17,0,4,3,6,13,4,4,1,2,4,1,9,0,0,0,0,0,0,0,0,1,0,0,0,0,0,17,2,3,6,5,2,0,0,1,0,1,0,0,0,0,0,0,0,0,6,3,0,2,1,0,0,0,0,1,0
13 - Πιερίας,138 E.T. Δήμου Κατερίνης,547,327,5,2,7,320,92,4,32,24,34,29,11,139,29,48,36,40,29,43,5,2,0,1,1,1,2,27,3,18,0,5,5,6,12,3,0,2,0,3,2,4,2,2,1,0,0,0,1,1,0,0,0,0,0,0,12,2,3,1,5,1,0,0,1,0,1,0,0,0,0,0,0,0,0,14,6,8,3,4,2,2,2,2,8,6
13 - Πιερίας,139 E.T. Δήμου Κατερίνης,547,329,6,1,7,322,80,10,19,21,20,20,11,142,29,43,45,38,26,48,10,0,0,0,0,0,0,30,1,8,1,2,7,20,9,1,2,0,5,6,1,3,0,0,0,0,0,0,0,0,0,0,0,0,0,0,22,8,4,4,12,7,0,0,0,0,4,0,0,0,0,1,0,0,0,13,5,7,1,2,0,0,0,0,6,0
13 - Πιερίας,140 E.T. Δήμου Κατερίνης,530,323,3,1,4,319,67,7,23,9,14,17,9,142,34,38,52,39,21,48,16,0,0,0,0,0,0,28,2,11,1,4,8,12,17,5,2,2,1,13,2,7,0,0,0,0,0,0,0,0,0,0,0,0,0,0,22,8,6,11,4,4,0,0,0,0,2,0,0,0,0,2,0,0,0,7,1,5,4,2,0,0,0,0,7,0
13 - Πιερίας,141 E.T. Δήμου Κατερίνης,530,316,7,2,9,307,73,13,16,11,21,26,8,153,22,55,46,38,35,47,6,2,1,3,0,2,1,19,0,13,0,5,1,6,7,2,2,0,1,1,1,6,0,0,0,0,0,0,1,0,6,0,0,0,0,0,17,2,4,6,4,0,3,0,0,0,2,0,0,0,0,1,0,0,0,8,3,3,0,4,0,0,0,0,1,0
13 - Πιερίας,142 E.T. Δήμου Κατερίνης,530,303,5,1,6,297,96,11,30,23,25,23,10,118,24,39,29,32,34,37,7,1,0,2,1,3,2,27,2,14,1,0,9,7,16,7,2,1,4,8,1,2,0,0,0,0,0,0,0,0,1,0,0,0,0,0,20,7,4,6,4,0,1,0,1,0,1,0,0,0,0,0,0,0,0,4,2,0,1,0,0,0,0,0,3,0
13 - Πιερίας,143 E.T. Δήμου Κατερίνης,561,352,4,5,9,343,83,9,19,10,34,27,11,165,33,58,57,42,32,38,17,0,0,0,0,0,0,28,1,12,1,4,7,10,6,3,1,0,0,1,0,6,0,0,0,0,0,0,2,0,2,0,0,0,0,0,13,3,1,5,3,1,1,0,0,0,0,0,0,0,0,3,0,0,0,8,5,3,0,2,0,0,0,0,7,0
13 - Πιερίας,144 E.T. Δήμου Κατερίνης,552,322,10,0,10,312,59,3,10,13,19,15,8,164,31,38,62,50,22,50,7,1,4,3,2,0,1,24,2,17,0,0,4,5,9,3,2,0,5,3,0,4,0,0,0,0,0,0,0,0,1,0,0,0,0,0,23,8,3,4,8,3,0,0,1,0,2,0,0,0,0,0,0,0,0,8,3,3,3,1,0,0,0,0,9,0
13 - Πιερίας,145 E.T. Δήμου Κατερίνης,568,311,3,2,5,306,69,8,20,17,21,25,6,157,31,46,47,53,23,55,5,0,2,1,1,2,1,25,2,16,0,6,4,12,9,3,1,0,0,4,0,3,1,0,2,0,0,0,0,0,3,0,0,2,3,1,21,5,4,8,12,3,0,0,0,0,2,0,1,0,1,0,0,0,0,7,3,2,1,2,0,1,1,0,3,3
13 - Πιερίας,146 E.T. Δήμου Κατερίνης,557,336,5,0,5,331,71,9,23,9,13,19,7,175,34,47,49,58,36,58,9,1,1,1,1,1,2,20,0,10,0,3,2,0,16,4,4,1,5,5,1,1,0,0,0,0,0,0,2,0,0,0,0,0,0,0,18,2,3,3,4,2,0,0,0,0,2,0,0,0,0,0,0,0,0,7,2,2,2,1,0,0,0,0,9,0
13 - Πιερίας,147 E.T. Δήμου Κατερίνης,567,345,6,3,9,336,65,3,18,9,25,24,5,183,35,60,68,54,34,49,4,1,3,0,1,1,0,27,1,10,1,8,7,10,10,3,0,0,3,3,3,3,0,0,0,0,0,0,0,0,0,0,0,0,0,0,24,8,3,9,6,5,0,0,0,0,2,0,0,0,0,0,0,0,0,8,1,1,2,4,0,0,0,0,6,0
13 - Πιερίας,148 E.T. Δήμου Κατερίνης,552,309,3,2,5,304,105,11,20,21,37,30,12,110,22,22,50,19,17,66,15,6,4,2,3,2,2,23,0,10,0,0,2,14,7,3,2,0,3,3,1,8,0,0,0,0,0,0,0,0,0,0,0,0,0,0,17,1,3,7,4,2,0,0,0,0,4,0,0,0,0,2,0,0,0,8,1,5,4,2,0,0,0,0,3,0
13 - Πιερίας,149 E.T. Δήμου Κατερίνης,543,332,8,2,10,322,76,14,24,19,23,24,5,170,23,55,45,75,26,50,5,1,0,0,0,4,2,19,0,9,0,6,5,8,8,1,0,0,1,3,2,5,0,0,4,1,0,0,1,0,1,0,0,0,0,0,17,4,5,2,8,5,0,0,0,0,0,0,0,0,0,0,0,0,0,13,4,7,3,5,0,0,0,0,2,0
13 - Πιερίας,150 E.T. Δήμου Κατερίνης,539,322,7,1,8,314,85,5,19,20,30,22,7,145,20,43,59,44,26,46,7,2,1,0,2,0,4,24,2,11,0,9,6,7,15,1,2,0,4,6,5,7,0,0,0,0,0,0,2,0,1,0,0,0,0,0,14,4,4,4,4,1,0,0,1,0,2,0,0,0,0,0,0,0,0,3,0,0,0,4,0,0,0,0,4,0
13 - Πιερίας,151 E.T. Δήμου Κατερίνης,536,320,2,1,3,317,87,11,28,20,36,35,4,123,31,22,34,44,31,34,16,4,6,2,3,2,2,23,5,6,0,5,4,14,13,3,3,1,3,4,0,5,0,1,3,1,0,0,1,0,0,0,0,0,0,0,17,7,1,5,3,3,0,0,1,0,0,0,0,0,0,2,0,1,1,17,9,8,1,5,2,2,0,1,7,5
13 - Πιερίας,152 E.T. Δήμου Κατερίνης,552,356,6,2,8,348,80,12,18,14,25,20,10,185,37,47,91,45,31,63,17,6,5,4,4,1,4,29,2,19,0,4,3,16,9,3,1,0,3,3,0,1,0,0,0,0,0,0,1,0,0,0,0,0,0,0,16,5,2,5,3,1,0,0,0,0,1,0,0,0,0,0,0,0,0,3,2,0,1,1,0,0,0,0,5,0
13 - Πιερίας,153 E.T. Δήμου Κατερίνης,563,325,5,3,8,317,90,10,13,13,24,31,12,142,29,42,38,49,36,36,7,2,1,1,2,0,3,14,3,11,0,0,2,3,17,9,4,1,2,2,0,5,2,2,2,2,0,0,2,0,2,1,1,0,0,0,21,3,5,11,5,4,0,0,0,0,0,0,0,0,0,1,0,1,0,11,3,0,0,2,1,1,0,0,3,2
13 - Πιερίας,154 E.T. Δήμου Κατερίνης,569,326,3,0,3,323,85,8,14,21,25,28,8,164,31,45,65,50,34,39,9,0,0,0,0,0,0,17,2,11,0,0,2,9,6,1,1,0,3,3,0,2,0,0,0,0,0,0,0,0,0,0,0,0,0,0,21,6,0,6,8,3,1,0,0,0,2,0,0,0,0,4,0,0,0,8,1,3,1,2,0,0,0,0,2,0
13 - Πιερίας,155 E.T. Δήμου Κατερίνης,564,311,5,2,7,304,69,7,10,7,37,18,7,140,14,41,47,37,43,54,14,3,8,3,3,0,3,29,2,13,0,5,10,12,18,5,2,2,3,13,1,4,2,3,0,1,0,0,1,0,0,0,0,0,0,0,18,7,1,4,11,2,1,1,0,0,1,0,0,0,0,0,0,0,0,4,1,0,1,0,0,0,0,0,5,2
13 - Πιερίας,156 E.T. Δήμου Κατερίνης,556,337,3,2,5,332,84,9,21,6,34,22,7,156,28,40,56,46,32,41,6,0,0,0,0,0,0,33,8,13,1,3,15,12,1,0,0,0,0,0,0,5,0,0,0,0,0,0,0,0,2,0,0,0,0,0,28,8,7,8,11,3,0,0,0,0,0,0,0,0,0,0,0,0,0,13,4,6,3,1,0,0,0,0,3,0
13 - Πιερίας,157 E.T. Δήμου Κατερίνης,562,323,16,2,18,305,85,11,25,9,35,25,7,125,23,39,42,34,23,43,16,4,4,1,0,4,7,24,4,11,0,1,5,9,13,1,0,0,7,6,0,7,2,2,4,4,0,0,1,1,1,1,1,0,0,0,14,3,3,8,4,1,3,2,0,0,0,0,0,0,0,1,0,1,0,6,2,5,1,5,2,2,1,2,4,3
13 - Πιερίας,158 E.T. Δήμου Κατερίνης,569,328,2,5,7,321,74,5,16,21,19,27,7,152,30,40,56,39,37,39,14,4,0,2,2,2,3,26,0,10,3,7,10,8,12,3,2,0,1,4,3,3,0,0,0,0,0,0,1,0,0,0,0,0,0,0,19,4,5,5,6,1,0,0,0,0,3,0,0,0,0,0,0,0,0,6,2,4,0,5,0,0,0,0,6,0
13 - Πιερίας,159 E.T. Δήμου Κατερίνης,564,333,0,3,3,330,94,17,20,17,33,22,17,140,30,33,33,35,27,50,4,1,0,1,2,1,1,28,3,7,0,14,3,15,11,6,3,1,2,2,3,6,0,0,0,0,0,0,1,0,0,0,0,0,0,0,15,2,2,8,4,2,0,0,0,0,5,0,0,0,0,2,0,0,0,10,3,6,3,3,0,0,0,0,11,0
13 - Πιερίας,160 E.T. Δήμου Κατερίνης,561,321,4,3,7,314,87,14,12,21,36,25,8,152,21,40,38,42,37,55,6,2,1,2,1,1,0,22,4,8,0,4,4,10,8,4,1,0,4,0,0,4,0,0,0,0,0,0,1,0,0,0,0,0,0,0,15,4,2,5,6,4,0,0,1,0,1,0,0,0,0,0,0,0,0,11,3,4,2,4,0,0,0,0,2,0
13 - Πιερίας,161 E.T. Δήμου Κατερίνης,554,259,3,1,4,255,28,5,1,5,9,8,9,152,23,25,47,17,24,114,7,2,3,1,0,1,2,28,1,10,0,2,6,19,3,1,1,0,0,0,0,11,4,4,2,3,0,0,0,0,0,0,0,0,0,0,11,1,4,3,7,1,0,0,0,0,1,1,1,0,0,1,0,1,1,6,1,1,0,1,0,0,0,0,6,2
13 - Πιερίας,162 E.T. Δήμου Κατερίνης,545,243,3,5,8,235,36,5,8,6,9,6,3,145,35,39,17,13,44,97,10,0,10,1,1,0,0,8,0,5,0,0,1,4,2,0,1,0,1,0,0,7,2,1,1,2,0,0,1,1,0,0,0,0,0,0,17,3,3,2,5,4,0,0,0,0,1,0,1,1,0,0,0,0,0,5,3,1,0,0,0,0,0,0,3,3
13 - Πιερίας,163 E.T. Δήμου Κατερίνης,360,208,1,2,3,205,53,6,9,11,14,11,8,107,25,30,57,33,7,39,2,0,0,0,0,0,0,19,1,7,0,0,3,10,1,0,0,0,0,0,0,0,0,0,0,0,0,0,0,0,1,0,0,0,0,0,14,2,8,2,2,1,0,0,0,0,0,0,0,0,0,1,0,0,0,3,1,0,0,1,0,0,0,0,3,0
13 - Πιερίας,164 E.T. Δήμου Κατερίνης,430,240,5,0,5,235,54,9,8,13,14,15,5,118,36,47,28,42,6,32,8,2,2,0,0,2,1,10,0,5,1,0,1,6,7,2,3,0,2,2,2,2,0,0,0,0,0,0,0,0,0,0,0,0,0,0,16,7,4,4,7,2,0,0,1,0,1,0,0,0,0,2,0,0,0,4,1,0,1,5,0,0,0,0,7,0
13 - Πιερίας,165 E.T. Δήμου Κατερίνης,402,149,1,2,3,146,22,3,8,2,9,6,1,68,22,21,19,6,11,31,8,0,0,0,0,0,0,21,2,14,2,3,3,13,4,0,1,0,0,2,1,3,0,0,0,0,0,0,0,0,1,0,0,0,0,0,10,4,2,5,0,0,0,0,0,0,2,0,0,0,0,1,0,0,0,3,0,2,0,2,0,0,0,0,1,0
13 - Πιερίας,166 E.T. Δήμου Κατερίνης,404,181,1,1,2,179,28,5,11,4,6,8,3,89,23,17,25,18,12,42,17,0,0,0,0,0,0,14,0,5,0,5,8,7,2,0,0,0,1,1,0,2,0,0,0,0,0,0,0,0,2,0,0,0,0,0,7,3,1,2,1,0,0,0,0,0,2,0,0,0,0,0,0,0,0,3,1,1,0,5,0,0,0,0,8,0
13 - Πιερίας,167 E.T. Δήμου Κατερίνης,432,170,3,2,5,165,42,2,21,8,12,15,11,63,21,16,14,14,17,20,2,0,2,0,0,0,1,21,2,8,3,1,3,16,2,1,1,0,0,0,1,3,1,1,1,0,0,0,0,0,2,0,0,1,2,0,17,4,2,9,5,3,0,0,0,0,2,1,0,0,0,0,0,0,0,4,2,1,1,2,1,1,0,1,5,2
13 - Πιερίας,168 E.T. Δήμου Κατερίνης,536,333,4,1,5,328,80,6,46,9,20,29,13,147,34,49,33,43,33,61,4,2,0,0,0,0,2,50,1,14,0,1,38,10,8,1,2,1,1,2,0,3,0,0,0,0,0,0,0,0,0,0,0,0,0,0,13,3,3,5,7,1,0,0,0,0,1,0,0,0,0,0,0,0,0,10,3,4,3,3,0,0,0,0,9,0
13 - Πιερίας,169 E.T. Δήμου Κατερίνης,553,312,0,0,0,312,102,4,43,19,23,34,8,121,25,29,28,24,50,53,15,0,0,0,0,0,0,32,4,8,0,3,25,10,3,1,0,0,1,3,0,1,0,0,0,0,0,0,0,0,1,0,0,0,0,0,14,1,8,4,3,1,0,0,0,0,2,0,0,0,0,1,0,0,0,10,1,3,4,5,0,0,0,0,5,0
13 - Πιερίας,170 E.T. Δήμου Κατερίνης,566,356,5,3,8,348,60,2,29,6,16,21,2,174,66,70,58,44,17,50,19,4,3,6,3,5,8,48,3,14,0,4,41,11,3,0,0,0,0,1,0,3,0,0,0,0,1,0,1,0,0,0,0,0,0,0,23,5,3,5,9,2,0,0,0,0,1,0,0,0,0,2,0,0,0,8,1,2,1,1,0,0,0,0,4,0
13 - Πιερίας,171 E.T. Δήμου Κατερίνης,555,349,8,0,8,341,50,6,21,6,11,18,5,150,46,68,37,19,23,58,18,4,3,6,3,1,8,72,4,14,1,0,59,18,4,2,1,1,2,2,0,4,4,2,1,1,0,0,0,0,1,0,0,0,0,0,18,5,3,5,8,2,0,0,0,0,0,0,0,0,0,0,0,0,0,15,8,5,3,2,2,0,0,0,7,4
13 - Πιερίας,172 E.T. Δήμου Κατερίνης,528,258,8,4,12,246,57,9,5,10,22,13,11,117,24,45,29,43,22,13,11,2,4,1,3,2,2,20,2,6,0,1,9,9,3,1,0,0,0,0,0,4,0,0,0,0,0,0,0,0,0,0,0,0,0,0,23,6,2,3,9,4,0,0,1,0,1,0,0,0,0,0,0,0,0,6,2,1,0,2,0,0,0,0,1,0
13 - Πιερίας,173 E.T. Δήμου Κατερίνης,540,278,1,0,1,277,75,19,11,15,33,17,11,143,47,53,31,51,25,29,2,0,0,1,1,0,0,7,1,5,0,3,1,2,7,1,2,0,2,2,2,6,0,0,0,0,0,0,2,0,1,0,0,0,0,0,19,7,3,5,10,0,2,0,0,0,0,0,0,0,0,1,0,0,0,8,3,3,3,1,0,0,0,0,3,0
13 - Πιερίας,174 E.T. Δήμου Κατερίνης,542,288,0,1,1,287,76,9,15,13,32,19,20,100,38,27,25,34,12,25,11,0,0,0,0,0,0,39,0,23,0,2,7,22,9,4,2,0,1,6,1,5,0,0,0,0,0,0,0,0,2,0,0,0,0,0,29,12,2,6,12,5,0,0,0,0,1,0,0,0,0,0,0,0,0,7,1,4,3,4,0,0,0,0,4,0
13 - Πιερίας,175 E.T. Δήμου Κατερίνης,543,281,2,2,4,277,63,15,7,14,21,11,11,129,42,43,24,42,17,35,9,2,1,1,1,0,3,13,1,9,0,1,1,7,12,4,4,1,4,2,2,4,0,0,0,0,0,0,1,0,0,0,0,0,0,0,22,12,5,7,4,2,0,0,0,0,0,0,0,0,0,0,0,0,0,15,3,5,3,3,0,2,0,2,6,5
13 - Πιερίας,176 E.T. Δήμου Κατερίνης,534,284,2,1,3,281,73,10,8,23,31,12,13,117,29,47,27,38,17,20,9,3,2,3,3,1,3,27,1,17,0,2,5,9,13,4,1,1,1,4,0,2,0,0,0,0,0,0,0,0,0,0,0,0,0,0,15,5,1,6,4,0,0,0,0,0,3,0,0,0,0,1,0,0,0,14,6,4,2,2,0,0,0,0,5,0
13 - Πιερίας,177 E.T. Δήμου Κατερίνης,540,309,1,1,2,307,71,8,6,18,29,17,11,157,50,34,47,69,16,24,8,2,2,2,0,1,3,13,0,8,0,0,0,7,15,3,4,2,5,2,1,5,3,1,2,1,0,0,2,0,1,0,1,1,0,0,19,6,1,6,6,6,0,0,1,0,2,1,0,0,1,1,1,1,0,7,2,1,0,2,0,0,0,1,3,3
13 - Πιερίας,178 E.T. Δήμου Κατερίνης,526,303,5,2,7,296,71,18,13,5,23,19,23,157,46,52,49,49,22,39,12,0,0,0,0,0,0,27,2,16,0,2,5,11,6,0,0,1,0,3,2,2,0,0,0,0,0,0,0,0,0,0,0,0,0,0,11,4,2,1,6,2,0,0,0,0,0,0,0,0,0,0,0,0,0,9,3,4,0,0,0,0,0,0,1,0
13 - Πιερίας,179 E.T. Δήμου Κατερίνης,517,283,2,0,2,281,57,9,3,13,20,12,10,143,52,60,34,49,13,21,13,1,5,3,2,3,6,19,3,10,0,1,0,7,5,2,1,0,0,2,0,6,1,1,3,1,0,0,0,0,0,0,0,0,0,0,20,4,5,5,6,2,2,1,0,0,1,0,0,0,0,1,0,1,1,7,1,2,2,3,0,0,1,0,4,2
13 - Πιερίας,180 E.T. Δήμου Κατερίνης,531,253,7,1,8,245,41,8,6,13,19,9,9,119,39,50,27,46,10,24,14,2,5,4,5,4,3,27,3,17,1,5,5,11,4,1,0,2,1,2,0,3,1,0,0,1,0,0,1,0,1,1,1,0,0,0,20,10,6,5,8,4,0,0,0,0,2,2,0,0,2,0,0,0,0,4,0,1,0,5,0,0,2,0,4,3
13 - Πιερίας,181 E.T. Δήμου Κατερίνης,553,288,0,1,1,287,76,11,10,16,41,19,11,135,43,45,30,51,18,27,11,3,4,1,2,3,5,13,2,6,0,2,1,5,11,2,6,0,6,2,2,7,0,0,0,0,0,0,0,0,1,0,0,0,0,0,12,5,5,1,5,2,0,0,0,0,2,0,0,0,0,0,0,0,0,8,4,7,0,3,0,0,0,0,8,0
13 - Πιερίας,182 E.T. Δήμου Κατερίνης,415,263,2,2,4,259,57,8,7,11,17,14,13,100,33,25,18,32,14,42,10,0,0,0,0,0,0,29,0,16,1,3,1,9,20,4,5,0,4,8,0,4,0,0,0,0,0,0,1,0,1,0,0,0,0,0,28,2,0,14,6,0,0,0,0,0,2,0,0,0,0,0,0,0,0,3,1,1,0,2,0,0,0,0,2,0
13 - Πιερίας,183 E.T. Δήμου Κατερίνης,381,233,0,1,1,232,52,3,4,14,16,12,13,107,19,21,38,20,17,32,4,0,0,0,1,1,1,15,1,12,0,0,0,4,4,0,2,0,1,1,3,4,0,1,1,1,0,0,1,1,0,0,0,0,0,0,21,4,3,12,7,0,2,2,1,0,0,0,0,0,0,4,2,1,0,9,1,3,4,3,0,0,0,0,5,2
13 - Πιερίας,184 E.T. Δήμου Κατερίνης,377,123,2,0,2,121,23,4,1,8,5,4,3,69,15,22,25,9,14,23,4,1,0,0,0,0,0,4,1,4,0,0,0,2,1,0,0,0,0,0,1,0,0,0,0,0,0,0,0,0,2,0,0,0,0,0,10,1,0,4,3,1,0,0,1,0,0,0,0,0,0,0,0,0,0,4,1,1,0,1,0,0,0,0,2,0
13 - Πιερίας,185 E.T. Δήμου Κατερίνης,375,164,3,0,3,161,24,1,1,7,13,4,7,89,22,21,36,20,33,27,7,0,0,2,1,2,3,22,1,7,0,0,4,16,2,0,0,0,0,0,0,1,0,0,0,0,0,0,0,0,0,0,0,0,0,0,7,2,0,3,2,0,0,0,0,0,1,0,0,0,0,1,0,0,0,5,0,2,1,0,0,0,0,0,2,0
13 - Πιερίας,186 E.T. Δήμου Κατερίνης,299,174,2,0,2,172,27,3,3,16,5,2,6,91,47,24,21,18,11,21,2,1,0,0,0,0,0,19,5,7,0,11,2,8,1,1,0,0,1,0,0,4,0,0,0,0,0,0,0,0,0,0,0,0,0,0,8,3,0,1,4,1,1,0,0,0,4,0,0,0,0,1,0,0,0,4,0,1,0,2,0,0,0,0,8,0
13 - Πιερίας,187 E.T. Δήμου Κατερίνης,404,237,4,3,7,230,45,8,8,14,10,7,12,87,32,33,21,19,15,8,3,0,2,0,0,0,1,38,4,9,2,9,10,21,5,2,1,0,0,1,0,2,1,0,0,1,0,0,0,0,2,0,0,2,2,0,8,2,1,6,1,0,0,0,0,0,10,2,7,1,0,0,0,0,0,15,6,5,3,4,0,0,1,0,11,8
13 - Πιερίας,188 E.T. Δήμου Κατερίνης,413,198,1,4,5,193,30,6,5,8,7,4,7,104,68,13,17,16,11,28,10,0,6,0,1,3,1,22,0,3,0,1,11,18,1,0,0,0,0,1,0,7,0,0,0,0,0,0,1,0,1,0,0,0,0,0,6,2,0,2,1,1,0,0,0,0,1,0,0,0,0,0,0,0,0,4,0,0,0,2,0,0,0,0,4,0
13 - Πιερίας,189 E.T. Δήμου Κατερίνης,492,206,1,0,1,205,18,5,0,7,5,8,3,131,89,18,29,30,17,34,6,2,3,0,2,1,0,25,0,14,0,2,8,12,1,0,1,0,0,0,0,1,0,0,0,0,0,0,0,0,1,0,0,0,0,0,10,5,2,4,4,0,0,0,0,0,0,0,0,0,0,0,0,0,0,7,2,0,2,3,0,0,0,0,2,0
13 - Πιερίας,190 E.T. Δήμου Κατερίνης,562,277,4,3,7,270,82,12,13,12,27,13,17,122,36,32,35,34,18,33,12,6,1,0,2,1,2,15,2,6,0,2,2,5,7,0,4,0,1,0,0,4,0,0,0,0,0,0,1,0,1,0,0,0,0,0,11,2,0,1,5,2,0,0,0,0,0,0,0,0,0,0,0,0,0,8,5,1,1,2,0,0,0,0,5,0
13 - Πιερίας,191 E.T. Δήμου Κατερίνης,561,280,2,3,5,275,49,7,9,9,16,10,6,116,33,26,47,30,12,26,12,2,3,3,4,2,2,31,5,18,1,1,7,18,12,0,5,0,3,2,1,3,0,0,1,1,0,0,0,0,0,0,0,0,0,0,32,7,4,12,12,9,0,0,0,0,0,0,0,0,0,0,0,0,0,11,4,0,1,4,2,0,2,0,5,3
13 - Πιερίας,192 E.T. Δήμου Κατερίνης,565,324,6,3,9,315,90,18,20,21,37,31,12,140,36,38,46,43,26,33,8,7,2,3,2,1,1,14,1,7,0,0,4,8,7,1,5,0,5,0,0,3,0,1,0,0,0,0,0,0,5,0,3,1,3,0,22,7,3,10,7,5,1,0,0,0,1,0,1,0,1,0,0,0,0,19,15,5,1,1,0,1,0,1,4,2
13 - Πιερίας,193 E.T. Δήμου Κατερίνης,559,319,3,4,7,312,90,16,10,15,27,21,13,125,28,41,33,38,23,31,13,3,6,2,2,0,3,24,3,15,0,2,1,7,9,0,7,0,4,1,0,2,0,0,0,0,0,0,1,1,1,0,1,0,0,0,18,5,2,4,8,1,0,0,0,0,0,0,0,0,0,2,1,1,0,16,8,1,5,4,1,0,0,0,7,1
13 - Πιερίας,194 E.T. Δήμου Κατερίνης,548,297,5,0,5,292,87,12,12,9,32,41,18,131,35,43,33,56,16,37,10,5,1,2,3,1,2,17,1,9,5,0,5,10,13,2,9,0,6,1,2,2,0,0,0,0,0,0,0,0,1,0,0,0,0,0,17,3,3,5,8,2,0,0,0,0,0,0,0,0,0,0,0,0,0,5,1,2,0,5,0,0,0,0,4,0
13 - Πιερίας,195 E.T. Δήμου Κατερίνης,562,321,3,1,4,317,59,5,8,13,23,17,5,165,37,31,64,46,30,56,13,3,3,1,1,2,8,13,3,6,0,1,5,6,10,3,1,0,2,3,0,0,0,0,0,0,0,0,2,0,1,0,0,0,0,0,30,9,4,8,8,5,0,0,0,0,1,0,0,0,0,2,0,0,0,14,10,2,4,3,0,0,0,0,4,0
13 - Πιερίας,196 E.T. Δήμου Κατερίνης,452,252,5,2,7,245,31,3,10,10,15,7,4,136,41,39,63,32,17,36,7,1,0,3,2,0,3,16,0,10,0,1,2,9,1,1,0,0,0,0,0,6,0,0,0,0,0,0,0,0,2,0,0,0,0,0,23,7,5,5,6,5,0,0,0,0,0,0,0,0,0,0,0,0,0,13,5,6,6,0,0,0,0,0,10,0
13 - Πιερίας,197 E.T. Δήμου Κατερίνης,451,265,3,2,5,260,46,10,9,9,18,7,11,136,48,53,40,34,17,32,12,4,2,4,3,1,3,24,6,15,0,4,4,7,5,1,1,0,0,1,2,3,0,0,0,0,0,0,0,0,1,0,0,0,0,0,13,4,3,4,5,2,0,0,0,0,1,0,0,0,0,0,0,0,0,13,11,1,8,0,0,0,0,0,6,0
13 - Πιερίας,198 E.T. Δήμου Κατερίνης,490,277,2,3,5,272,33,8,4,9,13,5,5,135,39,26,46,38,22,40,14,4,6,2,6,4,0,20,1,16,0,1,0,14,6,1,5,1,1,1,3,6,0,0,0,0,0,0,0,0,5,0,0,0,0,0,25,5,5,6,8,5,0,0,1,0,3,0,0,0,0,0,0,0,0,12,5,5,7,3,0,0,0,0,9,0
13 - Πιερίας,199 E.T. Δήμου Κατερίνης,455,286,1,2,3,283,58,5,5,20,14,22,3,120,30,16,51,24,30,31,23,4,7,4,2,4,1,24,5,9,0,2,5,10,9,0,0,1,2,6,1,5,0,0,0,0,0,0,2,0,0,0,0,0,0,0,22,7,3,7,6,2,1,0,0,0,3,0,0,0,0,0,0,0,0,10,2,5,1,3,0,0,0,0,3,0
13 - Πιερίας,200 E.T. Δήμου Κατερίνης,459,242,4,1,5,237,60,7,12,16,20,20,14,104,37,28,33,28,17,26,10,4,5,1,2,1,3,19,3,10,0,10,3,5,5,1,0,0,2,1,1,2,0,0,0,0,0,0,0,0,2,0,0,0,0,0,16,8,4,3,8,1,0,0,0,0,0,0,0,0,0,0,0,0,0,11,7,6,4,3,0,0,0,0,5,0
13 - Πιερίας,201 E.T. Δήμου Κατερίνης,492,264,2,1,3,261,72,8,9,22,25,32,16,114,40,36,36,33,16,23,11,4,3,3,3,3,0,11,0,8,0,1,1,4,2,0,1,0,0,1,2,7,3,2,2,2,0,0,0,0,1,1,1,0,0,0,26,10,2,7,13,7,0,0,0,0,0,0,0,0,0,1,0,0,0,7,3,6,2,3,2,1,0,0,6,4
13 - Πιερίας,202 E.T. Δήμου Κατερίνης,463,243,1,2,3,240,77,9,19,16,25,21,13,84,27,30,27,22,9,11,16,5,5,1,1,1,6,14,1,9,0,2,2,5,5,3,0,0,1,3,0,4,0,0,0,0,0,0,0,0,0,0,0,0,0,0,22,5,5,4,12,2,0,0,0,0,0,0,0,0,0,0,0,0,0,11,7,3,1,1,0,0,0,0,6,0
13 - Πιερίας,203 E.T. Δήμου Κατερίνης,449,240,5,4,9,231,59,7,11,10,10,18,12,101,34,25,42,21,17,27,8,2,2,3,1,1,2,19,1,17,1,2,3,6,5,0,0,1,1,3,0,7,0,0,0,0,0,0,0,0,1,0,0,0,0,0,23,5,3,7,14,4,0,0,0,0,3,0,0,0,0,1,0,0,0,1,0,0,0,2,0,0,0,0,1,0
13 - Πιερίας,204 E.T. Δήμου Κατερίνης,524,289,15,1,16,273,58,6,2,6,23,26,3,159,39,120,6,42,6,16,6,0,2,1,0,1,3,24,6,11,1,2,3,6,6,1,0,1,1,1,0,0,0,0,0,0,1,0,0,0,0,0,0,0,0,0,3,0,0,1,0,1,9,0,0,0,2,0,0,0,0,1,0,0,0,4,2,3,1,0,0,0,0,0,0,0
13 - Πιερίας,205 E.T. Δήμου Κατερίνης,496,254,0,2,2,252,35,4,5,7,21,11,2,158,33,116,19,30,23,20,1,0,0,0,0,0,0,21,6,11,0,1,5,7,5,1,1,0,1,2,0,0,0,0,0,0,0,0,1,1,0,0,0,0,0,0,5,2,3,0,0,0,20,19,1,0,2,0,0,0,0,0,0,0,0,2,1,0,1,0,0,0,0,0,1,1
13 - Πιερίας,206 E.T. Δήμου Κατερίνης,480,240,4,1,5,235,62,6,7,10,20,34,3,139,37,90,16,43,16,20,6,3,2,0,0,2,0,9,0,8,0,0,5,0,2,1,0,0,0,0,0,0,0,0,0,0,0,0,0,0,0,0,0,0,0,0,7,1,0,1,3,1,4,0,0,0,0,0,0,0,0,0,0,0,0,2,1,0,0,2,0,0,0,0,2,0
13 - Πιερίας,207 E.T. Δήμου Κατερίνης,444,335,3,2,5,330,32,2,4,22,15,3,0,208,59,130,32,24,15,59,18,5,1,2,0,1,7,42,7,30,0,2,6,21,1,0,1,0,0,0,0,3,1,0,0,0,0,0,2,1,0,0,0,0,0,0,12,2,1,4,5,2,0,0,0,0,0,0,0,0,0,2,0,1,0,5,1,4,2,2,1,0,0,1,3,2
13 - Πιερίας,208 E.T. Δήμου Κατερίνης,489,360,1,2,3,357,65,5,10,49,25,8,1,215,80,130,29,27,12,57,18,11,5,2,1,1,4,36,4,25,0,5,10,11,3,1,0,0,0,0,2,0,0,0,0,0,0,0,3,0,0,0,0,0,0,0,10,2,1,7,0,2,0,0,0,0,0,0,0,0,0,0,0,0,0,4,3,1,3,0,0,0,0,0,3,0
13 - Πιερίας,209 E.T. Δήμου Κατερίνης,404,303,3,0,3,300,50,4,1,30,8,6,2,192,49,138,33,13,12,46,9,2,3,0,1,2,2,30,2,22,0,7,4,9,2,1,1,0,0,1,1,2,0,1,0,0,0,0,2,0,0,0,0,0,0,0,7,1,0,2,5,2,0,0,0,0,2,2,0,0,1,0,0,0,0,4,1,0,2,0,0,0,0,0,0,0
13 - Πιερίας,210 E.T. Δήμου Κατερίνης,400,291,5,2,7,284,34,6,5,14,10,3,1,190,51,127,33,29,17,44,10,3,2,1,0,2,3,27,0,19,0,1,7,12,1,0,0,0,0,1,1,3,0,0,0,0,0,0,1,0,0,0,0,0,0,0,13,4,0,5,4,0,0,0,0,0,1,0,0,0,0,1,0,0,0,0,0,0,0,0,0,0,0,0,3,0
13 - Πιερίας,211 E.T. Δήμου Κατερίνης,567,429,3,3,6,423,74,7,14,46,9,10,5,241,57,129,58,35,18,93,13,0,0,0,0,0,0,43,4,12,0,6,15,12,26,7,6,1,10,11,2,5,0,0,0,0,0,0,1,0,0,0,0,0,0,0,15,0,0,0,0,0,0,0,0,0,0,0,0,0,0,1,0,0,0,3,0,0,0,0,0,0,0,0,1,0
13 - Πιερίας,212 E.T. Δήμου Κατερίνης,469,272,1,1,2,270,46,5,3,11,14,11,3,176,25,87,64,31,34,48,6,0,0,0,0,0,0,10,1,5,0,2,7,2,4,0,0,0,0,2,1,1,0,0,0,0,0,0,0,0,0,0,0,0,0,0,14,6,3,2,4,1,0,0,0,0,0,0,0,0,0,2,0,0,0,6,2,3,0,1,0,0,0,0,4,0
13 - Πιερίας,213 E.T. Δήμου Κατερίνης,425,267,2,2,4,263,44,7,6,9,19,2,1,144,25,52,41,39,27,46,2,1,0,0,0,1,0,38,3,14,0,3,18,11,9,1,0,1,0,3,1,3,1,1,1,0,0,0,2,2,0,0,0,0,0,0,10,5,0,2,2,1,0,0,0,0,0,0,0,0,0,1,1,1,0,6,1,3,1,3,0,1,1,0,1,1
13 - Πιερίας,214 E.T. Δήμου Κατερίνης,401,244,6,2,8,236,40,3,5,6,13,18,3,134,22,61,41,33,25,41,6,2,1,0,1,2,0,28,5,13,0,3,5,15,1,1,0,0,0,1,0,6,0,0,0,0,0,0,0,0,0,0,0,0,0,0,4,1,0,2,1,0,0,0,0,0,0,0,0,0,0,1,0,0,0,7,2,4,0,2,0,0,0,0,7,0
13 - Πιερίας,215 E.T. Δήμου Κατερίνης,514,341,6,1,7,334,74,4,5,20,28,22,2,141,48,40,36,21,46,34,3,0,0,0,0,0,0,75,10,36,4,6,19,37,14,0,0,1,6,3,0,5,3,0,0,3,0,0,1,0,0,0,0,0,0,0,11,2,0,1,1,2,0,0,0,0,3,1,0,0,0,0,0,0,0,6,3,4,0,0,0,0,0,0,1,0
13 - Πιερίας,216 E.T. Δήμου Κατερίνης,234,160,0,0,0,160,35,3,5,20,9,2,3,93,47,37,23,11,4,10,6,0,1,1,0,0,4,5,1,1,0,0,2,3,1,0,0,0,0,0,0,1,0,0,0,0,0,0,0,0,0,0,0,0,0,0,12,1,1,6,1,0,0,0,0,0,0,0,0,0,0,0,0,0,0,1,0,0,0,0,0,0,0,0,6,0
13 - Πιερίας,217 E.T. Δήμου Κατερίνης,322,204,0,1,1,203,58,3,10,23,19,15,2,92,35,44,18,15,5,36,6,3,0,1,0,0,3,19,0,13,1,3,3,10,2,0,2,1,0,1,0,3,0,2,1,0,0,0,0,0,0,0,0,0,0,0,15,8,6,4,6,3,0,0,0,0,1,0,1,0,1,1,1,0,1,2,0,1,1,1,0,0,0,0,3,3
13 - Πιερίας,218 E.T. Δήμου Κατερίνης,343,210,7,2,9,201,30,2,8,9,7,7,0,124,31,44,25,24,23,41,9,4,3,3,2,1,1,15,3,5,0,8,4,1,1,1,0,0,0,0,0,5,0,0,0,0,0,0,0,0,1,0,0,0,0,0,8,4,1,1,3,2,0,0,0,0,0,0,0,0,0,0,0,0,0,5,2,3,1,3,0,0,0,0,0,0
13 - Πιερίας,219 E.T. Δήμου Κατερίνης,305,214,0,1,1,213,60,8,12,7,11,27,2,94,32,41,19,19,4,34,4,0,0,0,0,0,2,36,6,23,0,0,7,21,5,3,1,0,4,0,0,5,2,1,3,1,0,0,0,0,0,0,0,0,0,0,5,3,0,1,1,0,0,0,0,0,1,0,0,0,0,0,0,0,0,3,0,0,0,0,0,0,0,0,0,0
13 - Πιερίας,220 E.T. Δήμου Κατερίνης,386,257,0,1,1,256,48,5,9,16,18,14,2,139,51,54,36,26,6,48,10,3,3,1,0,0,1,31,1,16,0,4,11,5,2,1,0,0,1,0,0,0,0,0,0,0,0,0,0,0,0,0,0,0,0,0,13,3,3,5,2,1,0,0,0,0,0,0,0,0,0,1,0,0,0,7,5,2,5,0,0,0,0,0,5,0
13 - Πιερίας,221 E.T. Δήμου Κατερίνης,512,361,2,1,3,358,39,7,0,7,10,15,4,262,64,64,68,59,39,101,12,5,1,1,2,0,1,17,1,2,0,4,0,10,0,0,0,0,0,0,0,2,0,0,0,1,0,0,0,0,2,1,0,1,2,0,11,7,1,5,3,3,0,0,0,0,3,2,2,1,1,0,0,0,0,5,0,1,1,1,0,0,0,1,4,2
13 - Πιερίας,222 E.T. Δήμου Κατερίνης,539,316,3,3,6,310,57,12,6,15,19,15,0,180,39,30,62,48,39,73,9,5,2,0,0,0,6,23,1,17,0,9,3,7,10,0,5,0,6,3,0,5,0,0,0,0,1,0,0,0,0,0,0,0,0,0,18,5,2,12,2,1,0,0,0,0,0,0,0,0,0,0,0,0,0,3,0,0,0,0,0,0,0,0,4,0
13 - Πιερίας,223 E.T. Δήμου Κατερίνης,529,310,3,3,6,304,73,7,15,29,28,15,2,170,42,43,69,47,32,60,4,0,0,1,1,0,0,17,0,14,1,1,3,2,8,1,3,0,7,3,0,0,0,0,0,0,0,0,0,0,0,0,0,0,0,0,21,10,2,17,1,0,0,0,1,0,0,0,0,0,0,0,0,0,0,7,5,4,3,2,1,0,1,2,1,1
13 - Πιερίας,224 E.T. Δήμου Κατερίνης,536,328,1,1,2,326,50,9,8,19,24,18,3,181,37,25,78,50,34,65,5,4,1,1,0,0,0,27,3,12,1,1,7,13,7,1,0,1,1,3,0,2,0,0,0,0,0,0,0,0,1,0,0,0,0,0,33,7,4,21,9,2,1,0,0,0,1,0,0,0,0,0,0,0,0,11,4,6,0,2,0,0,0,0,5,0
13 - Πιερίας,225 E.T. Δήμου Κατερίνης,479,284,2,3,5,279,49,8,6,19,14,15,2,150,30,48,50,45,33,42,3,0,0,1,0,0,2,18,1,11,2,1,3,4,6,1,1,0,0,3,0,2,0,0,0,0,0,0,1,0,0,0,0,0,0,0,18,3,2,12,1,1,0,0,0,0,1,0,1,0,0,3,1,2,2,13,3,3,1,3,0,0,0,1,12,9
13 - Πιερίας,226 E.T. Δήμου Κατερίνης,493,285,8,4,12,273,40,11,6,14,11,7,2,143,28,36,61,25,17,70,9,1,3,3,2,1,3,22,2,14,1,3,6,6,15,0,3,1,2,8,1,6,0,0,0,0,0,0,0,0,0,0,0,0,0,0,18,3,1,16,1,2,0,0,1,0,0,0,0,0,0,0,0,0,0,10,5,6,1,2,0,0,0,0,7,0
13 - Πιερίας,227 E.T. Δήμου Κατερίνης,478,273,2,1,3,270,42,6,6,23,16,10,2,168,35,50,81,48,28,60,8,0,0,0,0,0,0,13,4,8,0,3,3,5,1,0,0,0,0,0,0,5,0,0,0,0,0,0,0,0,0,0,0,0,0,0,20,5,2,14,2,2,0,0,0,0,2,0,0,0,0,2,0,0,0,4,2,3,0,5,0,0,0,0,0,0
13 - Πιερίας,228 E.T. Δήμου Πύδνας - Κολινδρού,533,367,6,0,6,361,68,9,4,9,34,6,2,160,30,48,62,38,18,43,15,0,0,1,0,1,3,25,6,19,2,11,2,0,33,3,7,1,3,12,6,7,0,0,0,0,0,0,0,0,0,0,0,0,0,0,22,5,2,3,5,1,0,0,1,0,5,0,0,0,0,2,0,0,0,14,2,2,1,2,0,0,0,0,7,0
13 - Πιερίας,229 E.T. Δήμου Πύδνας - Κολινδρού,510,330,4,2,6,324,90,17,16,19,37,18,3,130,30,49,73,35,14,28,12,4,3,2,2,1,5,17,4,8,2,4,4,7,26,3,2,2,0,13,6,5,0,0,0,0,0,0,2,0,0,0,0,0,0,0,18,6,4,8,2,2,0,0,0,0,2,0,0,0,0,1,0,0,0,8,2,4,3,3,0,0,0,0,10,0
13 - Πιερίας,230 E.T. Δήμου Πύδνας - Κολινδρού,513,331,1,5,6,325,64,13,8,12,27,6,3,152,34,38,76,35,21,26,15,0,0,0,0,0,0,27,4,6,5,7,3,2,15,6,4,2,1,4,0,4,0,0,0,0,0,0,1,0,1,0,0,0,0,0,21,10,2,6,5,7,1,0,1,0,1,0,0,0,0,2,0,0,0,15,4,4,2,0,0,0,0,0,5,0
13 - Πιερίας,231 E.T. Δήμου Πύδνας - Κολινδρού,533,310,3,2,5,305,82,18,12,13,42,19,5,146,27,50,69,20,19,36,8,0,0,0,0,0,0,17,1,8,1,11,1,5,9,0,2,0,1,3,2,4,0,0,0,0,1,0,1,0,3,0,0,0,0,0,14,3,2,5,3,2,0,0,0,0,2,0,0,0,0,0,0,0,0,14,5,5,3,0,0,0,0,0,4,0
13 - Πιερίας,232 E.T. Δήμου Πύδνας - Κολινδρού,513,321,3,0,3,318,89,15,16,12,30,19,1,124,36,30,44,35,18,30,15,2,0,2,2,2,6,29,1,14,3,8,6,8,30,4,5,4,0,17,3,2,0,0,0,0,0,0,0,0,0,0,0,0,0,0,17,3,3,5,5,2,0,0,0,0,0,0,0,0,0,0,0,0,0,7,1,3,1,0,0,0,0,0,5,0
13 - Πιερίας,233 E.T. Δήμου Πύδνας - Κολινδρού,509,329,5,0,5,324,77,13,11,12,24,18,6,143,24,58,55,31,28,22,14,3,2,3,1,1,5,27,0,6,2,14,3,10,17,3,2,3,0,6,2,3,0,0,0,0,0,0,1,0,0,0,0,0,0,0,19,10,6,4,1,3,0,0,1,0,1,0,0,0,0,0,0,0,0,14,3,5,0,3,0,0,0,0,4,0
13 - Πιερίας,234 E.T. Δήμου Πύδνας - Κολινδρού,513,311,2,6,8,303,65,10,7,10,19,10,6,129,23,43,60,19,11,25,22,8,4,2,0,1,5,28,1,11,4,15,0,9,16,2,3,0,0,6,6,5,0,0,0,0,1,0,0,0,0,0,0,0,0,0,17,2,0,9,2,4,0,0,0,0,1,0,0,0,0,0,0,0,0,8,2,0,1,2,0,0,0,0,9,0
13 - Πιερίας,235 E.T. Δήμου Πύδνας - Κολινδρού,506,333,7,1,8,325,88,15,16,10,35,21,15,140,22,51,57,48,18,32,12,0,0,0,0,0,0,26,4,16,3,10,4,6,8,0,1,0,0,4,1,8,0,0,0,0,3,0,0,0,1,0,0,0,0,0,19,7,2,4,3,4,0,0,0,0,5,0,0,0,0,1,0,0,0,4,2,4,1,4,0,0,0,0,6,0
13 - Πιερίας,236 E.T. Δήμου Πύδνας - Κολινδρού,268,182,0,1,1,181,33,10,2,1,12,2,4,95,13,26,25,25,22,17,12,3,3,1,0,7,5,5,0,4,0,1,0,0,10,3,2,0,0,4,0,5,0,0,0,0,1,0,1,0,0,0,0,0,0,0,8,2,0,4,1,1,0,0,0,0,0,0,0,0,0,0,0,0,0,8,2,3,0,1,0,0,0,0,2,0
13 - Πιερίας,237 E.T. Δήμου Πύδνας - Κολινδρού,425,266,6,2,8,258,85,15,8,15,26,19,19,81,19,18,30,34,7,18,4,1,0,0,0,0,0,20,1,7,3,3,1,11,22,13,1,0,0,13,1,9,5,2,1,1,0,0,0,0,0,0,0,0,0,0,14,6,0,2,7,2,0,0,0,0,5,0,0,0,0,1,0,0,0,6,0,2,0,1,0,0,0,0,10,0
13 - Πιερίας,238 E.T. Δήμου Πύδνας - Κολινδρού,394,235,0,0,0,235,82,15,11,15,30,18,20,72,13,21,19,39,11,9,6,0,0,0,0,0,0,20,1,11,1,12,1,8,28,17,3,0,1,16,1,3,0,0,0,0,0,0,1,0,0,0,0,0,0,0,12,3,0,1,4,1,0,0,0,0,2,0,0,0,0,0,0,0,0,5,1,3,1,1,0,0,0,0,3,0
13 - Πιερίας,239 E.T. Δήμου Πύδνας - Κολινδρού,442,235,6,2,8,227,46,17,3,5,23,12,2,82,33,27,43,14,12,9,17,8,4,11,3,2,1,35,1,19,22,1,0,4,7,1,0,1,0,1,3,7,0,0,0,0,0,0,1,0,0,0,0,0,0,0,25,7,5,9,1,7,0,0,0,0,0,0,0,0,0,0,0,0,0,5,1,0,0,0,0,0,0,0,2,0
13 - Πιερίας,240 E.T. Δήμου Πύδνας - Κολινδρού,537,299,4,3,7,292,54,8,7,4,25,10,2,181,79,33,137,29,13,3,7,3,2,0,0,0,1,10,2,4,2,0,1,1,13,0,0,0,0,0,0,5,0,0,0,0,0,0,0,0,0,0,0,0,0,0,12,3,2,5,1,0,0,0,0,0,0,0,0,0,0,1,0,0,0,7,3,2,0,0,0,0,0,0,2,0
13 - Πιερίας,241 E.T. Δήμου Πύδνας - Κολινδρού,565,358,5,4,9,349,64,4,3,9,28,16,3,206,78,59,130,44,20,10,12,2,1,1,2,1,4,22,3,10,3,1,1,5,9,2,2,0,0,3,2,4,0,0,0,0,0,0,1,0,0,0,0,0,0,0,14,5,2,8,2,1,0,0,0,0,1,0,0,0,0,1,0,0,0,12,2,4,2,1,0,0,0,0,2,0
13 - Πιερίας,242 E.T. Δήμου Πύδνας - Κολινδρού,540,291,3,1,4,287,28,7,2,4,10,5,3,190,106,29,150,19,11,0,12,1,2,2,0,0,9,18,0,11,2,4,1,9,4,1,1,0,1,0,2,3,0,0,0,0,0,0,0,0,2,0,0,0,0,0,10,5,0,1,4,2,0,0,0,0,5,0,0,0,0,0,0,0,0,6,3,2,1,3,0,0,0,0,6,0
13 - Πιερίας,243 E.T. Δήμου Πύδνας - Κολινδρού,544,330,2,1,3,327,57,20,5,12,21,10,3,222,83,57,166,26,60,6,13,3,5,1,3,4,0,12,0,6,2,2,1,5,6,2,5,0,0,2,1,1,0,0,0,0,0,0,0,0,0,0,0,0,0,0,6,2,1,3,0,2,1,0,0,0,3,0,0,0,0,0,0,0,0,4,1,1,1,1,0,0,0,0,1,0
13 - Πιερίας,244 E.T. Δήμου Πύδνας - Κολινδρού,525,303,1,0,1,302,63,13,3,7,36,13,6,166,78,29,117,16,18,11,15,3,1,2,1,0,9,13,0,4,2,3,0,3,7,5,2,0,1,0,3,4,3,0,0,0,0,0,0,0,0,0,0,0,0,0,21,3,5,4,4,2,0,0,0,0,1,0,0,0,0,1,0,0,0,8,1,4,0,1,0,0,0,0,2,0
13 - Πιερίας,245 E.T. Δήμου Πύδνας - Κολινδρού,533,313,6,1,7,306,58,19,4,5,22,14,6,196,82,41,135,36,19,4,18,1,4,5,4,2,7,10,1,6,1,4,0,4,6,1,3,0,0,3,1,2,1,0,1,0,0,0,0,0,1,0,0,1,1,0,9,2,3,4,1,1,0,0,0,0,0,0,0,0,0,0,0,0,0,3,1,2,1,1,0,0,0,0,2,2
13 - Πιερίας,246 E.T. Δήμου Πύδνας - Κολινδρού,267,183,0,1,1,182,52,12,5,4,20,11,1,83,32,16,28,15,5,17,4,0,0,0,0,0,0,18,0,0,0,0,0,0,5,1,1,0,1,4,0,1,0,0,0,0,0,0,1,0,2,0,0,0,0,0,4,1,1,0,0,0,1,0,0,0,0,0,0,0,0,1,0,0,0,7,0,3,1,0,0,0,0,0,3,0
13 - Πιερίας,247 E.T. Δήμου Πύδνας - Κολινδρού,317,175,3,0,3,172,23,7,2,5,8,2,1,96,33,13,38,23,31,11,9,3,2,2,1,0,2,13,1,6,3,0,2,2,6,4,1,0,1,0,1,1,1,1,0,0,0,0,0,0,0,0,0,0,0,0,18,5,2,7,3,2,0,0,0,0,0,0,0,0,0,1,0,0,0,4,2,1,3,0,0,0,0,0,1,0
13 - Πιερίας,248 E.T. Δήμου Πύδνας - Κολινδρού,304,198,1,0,1,197,28,3,3,9,2,13,10,142,30,75,62,47,15,19,6,0,0,0,0,0,0,12,1,5,1,2,2,7,1,0,0,0,0,0,0,1,0,0,0,0,0,0,0,0,1,0,0,0,0,0,6,1,0,3,0,0,0,0,0,0,0,0,0,0,0,0,0,0,0,0,0,0,0,0,0,0,0,0,0,0
13 - Πιερίας,249 E.T. Δήμου Πύδνας - Κολινδρού,276,174,3,0,3,171,29,3,0,4,3,19,12,123,26,68,44,37,17,19,4,0,1,2,1,1,2,6,0,4,2,0,2,1,4,0,0,0,0,4,0,1,0,0,0,0,0,0,0,0,0,0,0,0,0,0,1,0,0,0,0,0,0,0,0,0,0,0,0,0,0,0,0,0,0,0,0,0,0,1,0,0,0,0,2,0
13 - Πιερίας,250 E.T. Δήμου Πύδνας - Κολινδρού,478,294,1,1,2,292,88,18,9,12,37,13,19,95,37,30,23,16,5,27,12,2,1,1,0,2,3,39,2,20,3,4,1,15,22,3,3,1,12,10,2,4,0,0,0,0,0,0,0,0,0,0,0,0,0,0,11,2,1,6,1,0,0,0,0,0,0,0,0,0,0,0,0,0,0,10,0,0,0,1,0,0,0,0,10,0
13 - Πιερίας,251 E.T. Δήμου Πύδνας - Κολινδρού,471,260,1,1,2,258,81,25,10,15,29,22,22,97,46,26,24,21,10,28,11,3,4,3,4,1,4,17,1,8,0,3,1,10,10,1,4,1,3,5,3,9,1,1,5,7,0,0,1,0,2,0,1,1,2,0,18,7,3,11,3,2,1,0,0,0,0,0,0,0,0,0,0,0,0,8,2,2,3,0,0,0,0,0,3,1
13 - Πιερίας,252 E.T. Δήμου Πύδνας - Κολινδρού,460,246,3,2,5,241,56,15,4,11,15,10,14,98,30,22,24,16,14,36,5,2,1,2,1,1,0,24,1,12,2,4,1,13,15,3,4,1,8,6,1,3,0,0,0,0,0,0,1,1,0,0,0,0,0,0,17,7,0,10,0,2,0,0,0,0,5,2,3,2,3,0,0,0,0,10,4,3,2,0,0,0,0,0,7,5
13 - Πιερίας,253 E.T. Δήμου Πύδνας - Κολινδρού,467,266,2,2,4,262,92,30,12,13,37,18,24,79,41,9,36,17,9,23,6,2,4,1,1,1,1,29,4,13,1,9,0,12,7,1,0,2,1,2,0,3,0,0,0,0,0,0,2,1,0,0,0,0,0,0,19,11,4,6,1,6,1,1,0,0,0,0,0,0,0,1,1,1,0,14,8,5,6,4,1,0,0,1,5,3
13 - Πιερίας,254 E.T. Δήμου Πύδνας - Κολινδρού,389,233,3,1,4,229,48,8,10,12,18,9,3,98,20,50,14,29,11,13,6,1,2,2,0,0,2,26,2,14,1,4,2,6,9,1,0,1,0,2,2,8,0,0,0,0,0,0,0,0,2,0,0,0,0,0,17,4,5,4,4,0,0,0,0,0,1,0,0,0,0,0,0,0,0,7,1,1,2,5,0,0,0,0,2,0
13 - Πιερίας,255 E.T. Δήμου Πύδνας - Κολινδρού,450,264,2,0,2,262,77,25,15,7,29,12,7,108,11,60,39,37,9,20,6,2,3,1,1,2,1,22,5,11,1,7,2,2,16,0,1,2,5,4,1,5,2,2,2,1,1,0,0,0,1,0,0,0,0,0,10,6,2,2,1,1,0,0,0,0,0,0,0,0,0,0,0,0,0,6,2,2,0,4,1,1,0,1,6,3
13 - Πιερίας,256 E.T. Δήμου Πύδνας - Κολινδρού,361,192,1,0,1,191,65,12,3,15,26,13,8,58,10,43,9,14,5,6,7,0,1,1,1,1,2,8,1,1,2,1,0,1,13,3,3,0,3,2,2,2,0,0,0,0,0,0,2,0,0,0,0,0,0,0,17,3,1,10,2,4,0,0,0,0,1,0,0,0,0,1,0,0,0,7,3,3,2,3,0,0,0,0,7,0
13 - Πιερίας,257 E.T. Δήμου Πύδνας - Κολινδρού,313,169,3,2,5,164,53,1,19,21,20,5,3,63,24,8,11,5,18,24,4,2,1,0,0,0,0,11,1,6,0,0,0,3,6,0,1,0,2,2,1,0,0,0,0,0,0,0,0,0,0,0,0,0,0,0,18,3,2,8,1,1,1,0,0,0,0,0,0,0,0,0,0,0,0,6,0,0,2,0,0,0,0,0,2,2
13 - Πιερίας,258 E.T. Δήμου Πύδνας - Κολινδρού,336,215,4,1,5,210,65,11,16,21,24,11,5,80,30,14,29,12,18,24,7,2,1,1,0,0,5,25,6,10,0,0,3,16,4,0,0,0,0,1,0,2,0,0,0,0,0,0,0,0,1,0,0,1,1,0,15,8,3,1,2,2,0,0,0,0,0,0,0,0,0,1,0,0,0,3,0,1,1,0,0,0,0,0,7,4
13 - Πιερίας,259 E.T. Δήμου Πύδνας - Κολινδρού,372,191,4,0,4,187,42,9,10,5,12,3,14,73,20,9,25,17,5,37,8,1,2,1,2,0,0,18,2,14,0,1,4,13,14,2,7,0,5,2,2,3,1,2,0,1,0,0,0,0,1,0,0,0,0,0,20,8,2,3,7,1,4,1,0,0,1,0,1,0,0,0,0,0,0,1,0,0,1,0,0,0,0,0,2,2
13 - Πιερίας,260 E.T. Δήμου Πύδνας - Κολινδρού,351,194,2,0,2,192,53,5,5,11,17,6,16,88,19,10,36,21,13,46,2,1,0,1,0,0,2,14,0,7,0,2,2,10,6,3,1,0,0,2,1,3,0,0,0,0,0,0,1,0,0,0,0,0,0,0,16,5,1,6,10,3,0,0,0,0,0,0,0,0,0,0,0,0,0,6,2,3,2,1,0,0,0,0,2,0
13 - Πιερίας,261 E.T. Δήμου Πύδνας - Κολινδρού,455,240,3,1,4,236,47,10,11,6,9,12,13,113,24,22,34,23,15,65,1,0,0,0,0,0,0,26,5,8,3,0,2,18,3,0,2,0,0,1,1,3,0,1,0,2,1,1,0,0,0,0,0,0,0,0,33,4,2,10,14,2,0,0,0,0,1,1,0,0,0,0,0,0,0,2,1,1,0,1,0,0,0,1,5,1
13 - Πιερίας,262 E.T. Δήμου Πύδνας - Κολινδρού,298,175,1,0,1,174,24,4,0,14,6,3,3,117,37,37,45,16,38,25,7,1,0,0,2,3,2,4,1,4,0,0,1,1,1,0,1,0,0,0,1,3,0,0,0,0,0,0,0,0,0,0,0,0,0,0,9,1,3,4,1,0,0,0,0,0,0,0,0,0,0,0,0,0,0,3,2,2,1,1,0,0,0,0,5,0
13 - Πιερίας,263 E.T. Δήμου Πύδνας - Κολινδρού,347,210,1,0,1,209,20,2,3,4,10,6,1,148,41,66,55,31,17,31,6,2,1,3,0,0,1,17,0,11,0,2,2,10,0,0,0,0,0,0,0,2,0,0,0,2,0,0,0,0,2,0,0,2,2,0,10,4,1,1,0,3,0,0,0,0,0,0,0,0,0,0,0,0,0,4,1,1,1,0,0,0,0,0,0,0
13 - Πιερίας,264 E.T. Δήμου Πύδνας - Κολινδρού,454,273,5,1,6,267,63,17,6,15,29,9,6,121,65,23,29,38,19,24,5,1,0,1,0,0,0,27,2,18,1,2,5,13,6,0,0,0,0,0,0,5,1,0,0,2,0,0,0,0,0,0,0,0,0,0,16,6,6,3,2,1,0,0,2,0,3,0,0,0,0,1,0,0,0,13,1,2,2,3,0,0,0,0,2,0
13 - Πιερίας,265 E.T. Δήμου Πύδνας - Κολινδρού,477,286,4,0,4,282,83,22,10,15,28,7,8,115,54,32,28,31,3,20,10,3,0,2,3,0,1,38,5,19,1,1,14,17,9,0,1,0,0,2,2,1,0,0,0,0,0,0,2,1,0,0,0,0,0,0,13,3,4,2,3,4,0,0,0,0,2,0,0,0,0,1,1,0,1,5,4,3,0,1,0,0,0,0,2,1
13 - Πιερίας,266 E.T. Δήμου Πύδνας - Κολινδρού,455,266,4,0,4,262,52,8,13,10,19,8,6,130,47,29,31,42,9,37,6,1,1,2,1,2,1,33,6,18,0,2,14,8,7,1,0,1,1,3,0,3,0,0,0,0,0,0,1,0,0,0,0,0,0,0,11,4,1,3,0,1,0,0,0,0,0,0,0,0,0,0,0,0,0,12,4,4,1,4,0,0,0,0,3,0
13 - Πιερίας,267 E.T. Δήμου Πύδνας - Κολινδρού,451,271,2,0,2,269,54,4,10,16,24,8,1,111,55,27,30,38,11,18,11,6,1,3,0,3,3,34,11,18,1,4,9,5,12,3,1,0,4,5,2,6,0,2,1,4,0,0,0,0,0,0,0,0,0,0,23,8,7,5,1,3,0,0,0,0,3,1,0,0,1,0,0,0,0,11,2,2,1,1,0,0,0,0,3,2
13 - Πιερίας,268 E.T. Δήμου Πύδνας - Κολινδρού,529,259,2,2,4,255,86,7,8,22,28,6,25,100,19,20,15,36,10,40,7,5,3,1,0,0,4,21,1,6,1,2,0,14,17,1,6,1,3,6,0,2,1,0,1,2,1,0,2,1,0,0,0,0,0,0,11,5,3,3,1,3,0,0,0,0,1,0,0,0,0,1,1,0,1,5,1,2,3,0,0,0,0,0,1,1
13 - Πιερίας,269 E.T. Δήμου Πύδνας - Κολινδρού,530,267,2,0,2,265,90,17,12,14,42,12,19,110,37,19,28,22,15,48,9,0,4,2,0,0,5,15,0,4,1,0,5,8,12,1,4,0,2,6,0,8,3,3,1,2,0,0,1,0,2,0,0,2,2,0,7,1,0,0,2,1,0,0,0,0,2,2,0,1,1,0,0,0,0,2,0,0,1,3,1,1,1,3,4,1
13 - Πιερίας,270 E.T. Δήμου Πύδνας - Κολινδρού,523,263,2,1,3,260,79,9,6,19,25,15,21,96,20,12,32,31,13,39,6,0,0,0,0,0,0,27,0,11,0,6,0,19,21,6,4,1,1,9,1,3,0,0,0,0,0,0,1,0,0,0,0,0,0,0,11,1,1,2,2,1,0,0,0,0,2,0,0,0,0,0,0,0,0,9,3,3,1,1,0,0,0,0,4,0
13 - Πιερίας,Ετερ. Πιερίας (από 26ο Ε.Τ. Νομ. Θεσσαλονίκης),162,99,1,2,3,96,25,6,0,5,8,10,2,48,6,15,16,15,4,11,1,0,0,0,0,0,0,1,0,0,0,0,0,0,6,0,1,0,1,0,4,2,0,0,0,0,0,0,0,0,0,0,0,0,0,0,10,6,2,3,1,4,0,0,0,0,0,0,0,0,0,0,0,0,0,1,1,0,0,0,0,0,0,0,2,0
13 - Πιερίας,Ετερ. Πιερίας (από Εφετείο Θεσσαλονίκης),62,35,0,0,0,35,6,0,0,0,2,2,4,14,2,4,0,0,2,5,0,0,0,0,0,0,0,8,1,2,0,3,2,1,1,0,0,0,0,0,0,0,0,0,0,0,0,0,0,0,0,0,0,0,0,0,2,0,0,2,0,1,0,0,0,0,0,0,0,0,0,0,0,0,0,2,0,0,0,0,0,0,0,0,2,0
13 - Πιερίας,Ετερ. Πιερίας (από 120ο Ε.Τ. Νομ. Αττικής-Αθηνών),341,218,2,1,3,215,52,15,2,5,12,13,12,92,23,31,16,21,8,34,5,0,0,0,0,0,0,15,3,10,1,1,1,3,19,3,9,0,5,4,6,6,0,0,0,0,0,0,1,0,0,0,0,0,0,0,5,2,1,0,0,3,0,0,0,0,0,0,0,0,0,1,0,0,0,15,4,3,1,2,0,0,0,0,2,0
13 - Πιερίας,Ετερ. Πιερίας (από Εφετείο Πειραιώς),64,43,0,0,0,43,5,2,3,0,2,1,2,28,11,10,1,7,4,8,0,0,0,0,0,0,0,2,0,0,0,1,1,0,2,0,0,0,0,1,0,1,0,0,0,0,0,0,0,0,0,0,0,0,0,0,2,1,0,1,0,0,0,0,0,0,1,0,0,0,0,0,0,0,0,1,1,0,0,1,0,0,0,0,0,0
Σύνολο,,132315,76814,959,462,1421,75393,17590,2913,2945,3911,5895,4724,2124,35775,9054,10727,11887,9570,5665,10290,2422,523,434,357,249,250,476,6423,570,3256,227,991,1399,2451,3000,676,517,269,600,895,827,1033,109,78,88,93,13,1,146,27,195,24,22,25,45,14,4318,1338,691,1305,1195,564,97,32,35,1,354,37,36,13,31,175,21,26,18,2094,678,770,413,592,47,36,37,47,1131,229
